subject,sessionIndex,rep,mean_ht,std_ht,mean_ft,std_ft,cps,mean_dist_weighted_ft,mean_p1_p3_tri,p1_p2_mean,p2_p3_mean,ht_a,ht_b,ht_c,ht_d,ht_e,ht_f,ht_g,ht_h,ht_i,ht_j,ht_k,ht_l,ht_m,ht_n,ht_o,ht_p,ht_q,ht_r,ht_s,ht_t,ht_u,ht_v,ht_w,ht_x,ht_y,ht_z,ht_0,ht_1,ht_2,ht_3,ht_4,ht_5,ht_6,ht_7,ht_8,ht_9
Background_Noise,1,1,0.1307475358022713,0.05,0.1517686644588888,0.08,4.0,0.2,0.3,0.15,0.15,0.12104652600575705,0.09252365881959188,0.09718091081864423,0.08372402488531966,0.05757898044268872,0.0920164040015666,0.08990046519343058,0.08191521730255956,0.09028590198160519,0.13299949008829517,0.11831043560712717,0.09279752771789909,0.12067370770937394,0.11591566584998948,0.14421605637166274,0.0968454027256609,0.12808358164795572,0.08055445806006672,0.1303103651527445,0.10035155442758449,0.11961105520317888,0.14107750297677155,0.10763987252558738,0.09770586876865128,0.09068904905392698,0.12546011498806697,0.13803620065757743,0.0824291312048674,0.09795231295586865,0.09945879787423942,0.11413678785385582,0.11952261186962959,0.12133351161713418,0.14258127496891054,0.07814985717517067,0.10812064367008206
Background_Noise,1,2,0.1177436685879238,0.05,0.15375913552166187,0.08,4.0,0.2,0.3,0.15,0.15,0.07172665037599339,0.11102291144106337,0.1329632961256666,0.11930060309617185,0.10817413088339695,0.09100218846144156,0.14874841690439644,0.11123995774455554,0.09145555468295721,0.09778417079527138,0.12084463475549012,0.13226145622500518,0.10707152170198118,0.07895697203004695,0.09566227944959842,0.10315837751880404,0.10756779746628625,0.11667551732131845,0.1411069352694148,0.10300828073187024,0.1043402601083195,0.09704540634510148,0.1023621435481216,0.10048709854008508,0.1147476411535679,0.14564277330376874,0.055603398831279786,0.11306687654041224,0.09475189737951123,0.1085143154509131,0.13904570214718634,0.11186998401663877,0.10740319955244101,0.11313947552540904,0.09468525382538545,0.08452309743712519
Background_Noise,1,3,0.11496734883579776,0.05,0.1489901500387737,0.08,4.0,0.2,0.3,0.15,0.15,0.11918678631087994,0.10005501084149822,0.1021492119025118,0.11603550821598885,0.10957980668731343,0.08135939888623045,0.10000391695681007,0.10426928121855641,0.08817391750713262,0.11440932745303597,0.1212735923385093,0.09954860143038899,0.10389675312045636,0.10582859673049592,0.10333987027827321,0.1091677285820316,0.09188122099007465,0.10740529216914292,0.1284357187091696,0.09268695237081781,0.13679667044134586,0.11258887860991681,0.09413473796892723,0.08627597894595153,0.136207485395198,0.1499819563889777,0.12285427725568032,0.10880024731067672,0.14011901537578228,0.13598899338471837,0.07620241169111658,0.09771147171385496,0.07966752957829562,0.10443348924561795,0.13638808074103076,0.12584746506272806
Background_Noise,1,4,0.1227948007938666,0.05,0.14882924468295577,0.08,4.0,0.2,0.3,0.15,0.15,0.06124880440461396,0.09300239537152039,0.12443767201801939,0.09742079002546085,0.09334334343339547,0.04829800806748181,0.10324651232243971,0.13245350592831676,0.08825099740402911,0.11081538685083715,0.11185710967864897,0.11852551346227451,0.08769688035258806,0.11663847500690684,0.14414513265579804,0.09581086670767036,0.14445176053625983,0.12641081605788634,0.10657507803405979,0.12676971259806374,0.14073828303479538,0.0924946468979688,0.07875078349869008,0.08539869718666412,0.11921001466245154,0.11823184669940245,0.11635534310867579,0.14411552073904335,0.12039842753375427,0.11818569575367226,0.10219926795550426,0.08669437991798834,0.14672308461613462,0.10772164451630406,0.09170819883397936,0.13576250548990598
Background_Noise,1,5,0.12516486897308557,0.05,0.13930325994318749,0.08,4.0,0.2,0.3,0.15,0.15,0.13316628094513133,0.1329928512719526,0.1204127168284162,0.09665580268069904,0.08122477228029924,0.10904112424898037,0.11495459577260529,0.1299728624161418,0.11097279544953353,0.07329652243098243,0.09952987853916667,0.09904701212105411,0.09889810710442398,0.11824117281882092,0.10802981483456839,0.11355949332081046,0.1072992889197178,0.108623238229557,0.10474138661666005,0.09880331755209178,0.11805474649277717,0.11467038456927925,0.11114315125894732,0.09446343642238987,0.08201183622678,0.12284702770891423,0.11284335608593328,0.12038328283358,0.11625709353974915,0.12135555610539299,0.12240481990598154,0.1552371434219654,0.09453153469353082,0.09898076885896029,0.12548389667214602,0.120605537815616
Background_Noise,1,6,0.11648962081335958,0.05,0.15497015172715398,0.08,4.0,0.2,0.3,0.15,0.15,0.11064153979345877,0.1028381658415913,0.07539882361709419,0.11643541241591221,0.13019065770104923,0.1024661616938586,0.12698540046975165,0.08015008990570488,0.11528007240711739,0.08874515292520145,0.08662656268273168,0.09902902440967029,0.0859864917734307,0.10169227250482178,0.15026754608790893,0.10003916933306206,0.0824076521131146,0.10125404546495925,0.11358200257378676,0.11509832976266365,0.11326452223082424,0.11754107935394406,0.13643255298687512,0.13801049529627388,0.09840219800035802,0.12691037734315924,0.09934452523910084,0.10746805715775348,0.1435058368112099,0.12361095494221261,0.10807459926459075,0.11373217622022981,0.12228833582544152,0.10618121425182478,0.10485055479958899,0.09214911122113545
Background_Noise,1,7,0.1358832135080727,0.05,0.1373563882413538,0.08,4.0,0.2,0.3,0.15,0.15,0.10300067460686367,0.12218308894731932,0.12493340408388817,0.12543734828126973,0.08691166851195824,0.11754723296844853,0.14194964726934056,0.10991019024595838,0.10628088164986113,0.06076498655953112,0.127908818506061,0.11401287038685548,0.11861616029995665,0.08785442158435906,0.11383163646200453,0.1031052015339321,0.11788229863359007,0.12558448291833998,0.09603729055585149,0.10535407707030527,0.1264983985770074,0.09586619516922577,0.10551425017121609,0.11810734841331422,0.14014485367185953,0.11202664879333352,0.11375653055668446,0.10217815576463156,0.1090609469536038,0.1266645263044705,0.11621703669840523,0.07750277798103569,0.10188164180335592,0.14444339446121268,0.11803536336082648,0.10443753439047739
Background_Noise,1,8,0.1276747450877963,0.05,0.11521048251650698,0.08,4.0,0.2,0.3,0.15,0.15,0.0843610805761152,0.14501174090305502,0.1216176945577362,0.08618851466884664,0.09778509236630223,0.1297636338143945,0.11517044326030769,0.08174976001381533,0.1220953889996404,0.12296216383780419,0.13649663643565307,0.1122131177075802,0.1025667115236611,0.09671770824288985,0.10962331532498887,0.08821605277167613,0.13030249669263347,0.07764867658755867,0.10986423933833214,0.11721930378214868,0.09898140898097682,0.12221916076979239,0.12389758785369656,0.12832028976523,0.13838305549014018,0.11080914493698245,0.1175636285159954,0.11654454604132716,0.08936617857755887,0.11760029919432251,0.11882358621328264,0.09914445372388742,0.10280520467511779,0.09454167832308336,0.11447310048916017,0.12344022421148478
Background_Noise,1,9,0.10334592537959356,0.05,0.20525941436413486,0.08,4.0,0.2,0.3,0.15,0.15,0.12795805999976181,0.09638313895680832,0.12170477569421279,0.08005034488897055,0.111941093983676,0.14083556035323186,0.09066276577436228,0.1415913053644241,0.12286763716406585,0.12609248418516295,0.13303461843119152,0.09958991508441328,0.14096475930701316,0.11898881605525566,0.11816196254914685,0.0797717455616164,0.11452918651628978,0.12716786588313778,0.11684183915498587,0.10346579984283247,0.09899414007473278,0.13367564967972867,0.09377675467844682,0.12893545513776958,0.12596868325271304,0.15029394228247572,0.08982932572037301,0.12050090742288322,0.11545656556103578,0.09864988015414834,0.14575867530392117,0.09786940540196921,0.10883662915401571,0.10487583563122342,0.13232960210204653,0.1396831578046685
Background_Noise,1,10,0.11085138009528965,0.05,0.15172107234900303,0.08,4.0,0.2,0.3,0.15,0.15,0.10244516813874434,0.1041526223201128,0.10752419340902192,0.10108201313379468,0.08522343533312675,0.16313970681915438,0.11778579259444266,0.08231200671851863,0.10252591947939842,0.148255410115533,0.13030707613560683,0.10033589579903772,0.0784332721345945,0.10358218566161333,0.13166969211096033,0.12224987146046602,0.1032419059211292,0.09843049801491796,0.1139527686118036,0.0862912771624941,0.10502279839525643,0.13270744950894842,0.15507814975128223,0.12268002715893633,0.11515226298481904,0.09989810057859504,0.10530487525344177,0.11624030876312935,0.11630806571213642,0.10343109069474016,0.09504322325842322,0.07529773402444428,0.12012134948453303,0.10565525575257928,0.15432133167069514,0.14064654749073766
Background_Noise,1,11,0.12104980395140266,0.05,0.14962966106022843,0.08,4.0,0.2,0.3,0.15,0.15,0.1391054471569184,0.11461342197554361,0.13419863350052338,0.14188423995296168,0.11901116640040729,0.10885387835275136,0.12057583326855273,0.11216719951258387,0.11856448556185349,0.0670587399519067,0.11119600214562822,0.08852137972038522,0.10301289706928159,0.11096122856804183,0.10878050843005536,0.12349150839706154,0.10990251271933532,0.08624360387646564,0.11110067389202702,0.11265208558994097,0.15015842708632268,0.11328806752045494,0.08719182171673433,0.10715465570641729,0.11410404823594825,0.09648958023436188,0.1245473953479684,0.11491093177073539,0.1261959927867219,0.09307763789344636,0.14029881911865202,0.11024210352740739,0.11935119173998124,0.14623123269799032,0.09088772925928099,0.10315680519101178
Background_Noise,1,12,0.12749354167344742,0.05,0.15758131132771963,0.08,4.0,0.2,0.3,0.15,0.15,0.1252695547218648,0.09456287658019027,0.09399635463029346,0.14448342700338718,0.0819685064686681,0.11782945917021449,0.09243552335345372,0.13263140092939485,0.1323089683336731,0.12198190794019877,0.1295171169699812,0.11654657665176273,0.10904335331239919,0.09634226458968259,0.06209581711127929,0.08106260264787776,0.12177147091345243,0.12370002254680545,0.10352627062545318,0.11979570073846407,0.12764521965292647,0.13033998818983902,0.15371038841991874,0.06285928381097974,0.12222802914395031,0.11742919578096495,0.09267939033868018,0.13178419852485393,0.09719245373662402,0.06960337513389961,0.08634833188364414,0.11015409044126817,0.13245161957736545,0.11328148455522,0.12352952379820333,0.10587647086567818
Background_Noise,1,13,0.1226856605371909,0.05,0.1682021700130105,0.08,4.0,0.2,0.3,0.15,0.15,0.11117609488385677,0.10521159554228912,0.1060816421549469,0.09542365973546263,0.12311463514163118,0.1360906816045597,0.11216925525836147,0.10548859391123983,0.09110289696641134,0.10999767053783788,0.11110647283890351,0.10431318717065739,0.11300383763635626,0.10671029043143965,0.09157572563303439,0.13743765994774773,0.07915822794434407,0.08692735434240118,0.10658792476700625,0.07941117571607408,0.07960977606649709,0.10516755983275519,0.11709836416747202,0.12017813504738926,0.1249176641476037,0.11815623668441903,0.05627823559922281,0.10955827691981583,0.08791660680701897,0.09870537298162779,0.0791708476183931,0.11453781276361381,0.10755304296250884,0.15009250316873465,0.11947959533824051,0.10871666549385404
Background_Noise,1,14,0.10906745752403066,0.05,0.15987996251168585,0.08,4.0,0.2,0.3,0.15,0.15,0.11565458169837514,0.11815914875585666,0.12522001445244416,0.106559054341672,0.1378090224372261,0.11193184369938472,0.10733584691951444,0.08920669300913937,0.10047631906002201,0.11613069863317806,0.11931018741399113,0.11679050071470964,0.11277211762861777,0.11312972865633926,0.1399869722461516,0.1077097288529493,0.12054131916210441,0.08380546026443339,0.10299304617768236,0.11420229252033741,0.10140376422145617,0.08976552562359867,0.08418956168555067,0.13754693184632835,0.11618499199601892,0.0824911588626551,0.09559774501333382,0.1274154787021519,0.16007119099556089,0.10056490774101623,0.0911645114516492,0.09719615669391131,0.11616948495426029,0.09738646240106037,0.08134849159720908,0.09633385642736461
Background_Noise,1,15,0.10639781660911937,0.05,0.13940740982361646,0.08,4.0,0.2,0.3,0.15,0.15,0.09236605579318431,0.1399247686834851,0.13239639368921619,0.14133247184468636,0.0975565307579431,0.10466266340173723,0.13033724479291772,0.09853366995896563,0.09572099326565957,0.10358862394969079,0.13467778103203334,0.11453238246561817,0.11171385814396136,0.09981190942520328,0.10811314773969236,0.1321851419983933,0.08900717571088515,0.12530459698333532,0.10111964272171328,0.10608616123092657,0.09079184683342789,0.14326827395672637,0.10662213617487853,0.07711054135275588,0.1022382595065071,0.12169082893518665,0.09946989060613924,0.0918632561298943,0.09815997843034327,0.14053100127262114,0.07075291271549189,0.0986950175594879,0.1312327272595758,0.09752917391105786,0.10493769563821692,0.12207645208251959
Background_Noise,1,16,0.111163374725168,0.05,0.15075043010428746,0.08,4.0,0.2,0.3,0.15,0.15,0.10403697438849754,0.10160341226133864,0.0889913465061758,0.10693071816994877,0.11728974859299747,0.11915739985233655,0.14582054963123128,0.09023759988646558,0.08942948625222603,0.12011537729618789,0.12131615523799655,0.13595764837236338,0.10345554359813545,0.10381808291881357,0.10634496443413616,0.09498487389816151,0.1074679930574899,0.11649702943394132,0.11554927085224745,0.10606642626387008,0.08776337047338527,0.12938826480243268,0.09633969553674045,0.10092755757241584,0.10048163546678804,0.09142684225539788,0.10348886163357257,0.08004844683498921,0.10086195847585804,0.13041974653231694,0.09732696832273888,0.1193840104144885,0.11178165123115623,0.08045178796868835,0.10560362073652385,0.12048444561793686
Background_Noise,1,17,0.10691876483841438,0.05,0.14614621121562046,0.08,4.0,0.2,0.3,0.15,0.15,0.11023280538586089,0.09227073732232738,0.1251944154571222,0.0860744862286737,0.09511081093158429,0.10496256583392796,0.1056535982441294,0.1311627718477485,0.08666429812009016,0.10113274600418021,0.13315504291701968,0.10402561437077493,0.10539818157246367,0.12437582445795876,0.09756572398739599,0.12309328708890226,0.14782351006372318,0.1085365979715306,0.08590316625021265,0.1034036363811358,0.06968167311820642,0.1176364877074245,0.09249212362623438,0.10342591197002743,0.1579873838240441,0.12626540900667316,0.1167731868867114,0.09221276221274727,0.09019307064602411,0.07742146155951421,0.13290757832611147,0.11935188079350677,0.11616541396387113,0.13283645200005637,0.12376310140206981,0.08756483969484624
Background_Noise,1,18,0.12089931179587732,0.05,0.12039109497791875,0.08,4.0,0.2,0.3,0.15,0.15,0.092924008588216,0.11039477327539124,0.09069127964002482,0.1436263625708153,0.08120798507997558,0.10756177800220222,0.10151455641141244,0.11878630293607781,0.10073053687614614,0.15771645592502073,0.12336757785390658,0.09084840453000534,0.09245710768932747,0.09154330055652685,0.11512483913026353,0.11856106647102647,0.09898693989802575,0.11175390783265536,0.12334092343341045,0.1050984780869869,0.12915458749335706,0.09605487727671518,0.07917756013586023,0.10100738858847291,0.10568442951462281,0.1514973250814405,0.10286722990901061,0.13269881764089242,0.12685807105197472,0.13035347531630886,0.12917502979071646,0.10053124689418605,0.06493958164552407,0.08696706590017124,0.08842444823868378,0.0915945176872941
Background_Noise,1,19,0.12146017632733468,0.05,0.13014082542356967,0.08,4.0,0.2,0.3,0.15,0.15,0.1119425723606484,0.11207331616709251,0.11832326054423693,0.10947505269764259,0.1497284412805122,0.1495186853888546,0.13448714438570084,0.10860227842201621,0.09478271461862783,0.14568310456720002,0.10339325252916493,0.08191267797168889,0.12493784583851761,0.11454282919723711,0.12058736803221003,0.08198961652010324,0.10655772194969383,0.13320623556182068,0.12439462674090314,0.14050151289890142,0.1003460958478625,0.1720993844563993,0.11556133950268054,0.12356061467618576,0.13965481886089545,0.09635965653643633,0.13069146588147623,0.10603838867352472,0.1127800750648107,0.12112591333537184,0.11718692011396223,0.08766497559353563,0.10853246953273299,0.1173961085980876,0.12002743788083475,0.10889787680585589
Background_Noise,1,20,0.13765347001229306,0.05,0.15236068189192065,0.08,4.0,0.2,0.3,0.15,0.15,0.11177059254950357,0.10127280525064228,0.10139339783114873,0.10751633669380681,0.13050305183474192,0.11366582259130739,0.11538101546049824,0.0826105366075354,0.12180784780362795,0.09981520169482408,0.13341423237053945,0.1338042869462766,0.10031334063100718,0.09310829421325831,0.15224470970803983,0.13378366288418264,0.12622274324507748,0.09705295124695933,0.11495418897890353,0.13457765382662007,0.1309948705584602,0.09381048694120772,0.1254332838395198,0.12219839898194552,0.1330741961091082,0.1491014063079581,0.14254863958833847,0.11627626679182165,0.1340265681727868,0.08937508015875859,0.07809020847781487,0.12569197856725417,0.12348116731290745,0.0923954125923378,0.09871738168737962,0.08052309735622581
Background_Noise,1,21,0.1172728074726927,0.05,0.12643056458880936,0.08,4.0,0.2,0.3,0.15,0.15,0.09083980268618398,0.10665000791771262,0.14225731948902587,0.12180414542287041,0.12754407705232096,0.1667566592313487,0.11223078296572958,0.15181184621145738,0.105623991040856,0.1150822332485875,0.08746985400859376,0.1362997167330172,0.1070550402438375,0.08418944366553964,0.12025199164993064,0.09146812650160624,0.13122211115292612,0.10902948344019332,0.10970058249688483,0.09056206506314321,0.10023942319348218,0.12693719274619672,0.07388887266064004,0.10615857720581724,0.10019477635813326,0.09811857231120016,0.09824774070354308,0.13455265080921527,0.10380295907086912,0.09869774425757313,0.11940927463522147,0.11512287645307005,0.08128073018816691,0.12343903202866872,0.09304363877379518,0.08715685966494711
Background_Noise,1,22,0.11899825206536234,0.05,0.14403395974776959,0.08,4.0,0.2,0.3,0.15,0.15,0.13455174273728862,0.08869780036830663,0.08614689943984835,0.08118034303263734,0.13045435317613377,0.11679435223277361,0.06904739776074423,0.10017178477066165,0.07920160756686999,0.11379793805212829,0.11188399630348382,0.12374313768760495,0.14455666433629819,0.10965110602234422,0.08444470361540031,0.09596784887456193,0.09570492138312618,0.13588839561774252,0.14679500152792146,0.08902584194186235,0.1286939679900303,0.09312308981353902,0.13489163447757063,0.11498908728061116,0.10778230612697255,0.08061917865562729,0.12445239528429614,0.11734613672856228,0.11426872915863916,0.11271370475942236,0.11095405007275559,0.13836630651418383,0.09580967641777725,0.08533280116924408,0.12970996882163585,0.10390999424942875
Background_Noise,1,23,0.11965681177106685,0.05,0.16809257427380547,0.08,4.0,0.2,0.3,0.15,0.15,0.11943797667348886,0.12361849333828043,0.09822197992672982,0.12485792861729333,0.07297033955731785,0.08977555499040354,0.10157046465883046,0.11430509941044283,0.06389060076553062,0.09813088246933861,0.07000706629277095,0.09009816164862969,0.11146535322979895,0.09443435597344305,0.10175232473427903,0.1219722682700075,0.11413051989254606,0.10713675864978965,0.09014153245090871,0.11451563074693204,0.13707917999108243,0.12003195784083262,0.10612856223719783,0.08985821564391122,0.11305877680874044,0.12633322468792862,0.09514122333001344,0.11748190428085079,0.11930094706224023,0.09986794332617924,0.1037471129515879,0.09515112348307192,0.09603471594153667,0.09069695098002574,0.1387057864522493,0.06793397045950034
Background_Noise,1,24,0.12916902586999932,0.05,0.12961323533207963,0.08,4.0,0.2,0.3,0.15,0.15,0.10444577102235329,0.09908957710802946,0.07667446805040623,0.11922761184795025,0.11246650321323991,0.09601476329009019,0.10220060504890519,0.11825024748251795,0.07472017143521953,0.09244484374764009,0.1194920719026062,0.147943999673128,0.10974061173963695,0.0918643023231345,0.09283859557031497,0.07722766316251717,0.11288020489636998,0.1270723911024268,0.10975795089012293,0.1088956761914907,0.12376594037842684,0.10980741483631445,0.12257872953441351,0.12496158750818753,0.09174244814385027,0.09918592252654466,0.1288615951575192,0.14487086016600748,0.0999429213779906,0.11286864924789314,0.12288760875286799,0.14238862608376668,0.12973284390528103,0.10577317484946645,0.1391181551443168,0.07601630802940129
Background_Noise,1,25,0.1246383162180263,0.05,0.15039386396701246,0.08,4.0,0.2,0.3,0.15,0.15,0.14904772071659694,0.12823556015668028,0.11833071748229128,0.09697573554216496,0.0929781354817003,0.12088703484971405,0.11961867813956227,0.14559206551586948,0.11075952740972776,0.10630695809918106,0.06711334265494112,0.09863982478079071,0.06927901217293214,0.12549674593285182,0.1625635051151138,0.08686893054878217,0.13933552280595365,0.06890961655346464,0.10242355070204594,0.10515853860456209,0.12942067701319693,0.08552366819619812,0.11675893495032377,0.11034755672878384,0.15214382065923582,0.08338664162294263,0.11240622051582201,0.12608593430420084,0.11900272329402992,0.11721661509282538,0.12681716784500377,0.09983620921020023,0.12033563797453188,0.11792263929273218,0.11282771589418787,0.08801718675995678
Background_Noise,1,26,0.1262951643745764,0.05,0.15933778218990866,0.08,4.0,0.2,0.3,0.15,0.15,0.1233906653000726,0.12637997586504937,0.1087231244642932,0.10454052692833088,0.10391520008712825,0.08510215917589582,0.10668357976927395,0.09867034682843691,0.11227343709960669,0.09866657050390898,0.14664967357912895,0.12716566743936275,0.11849485251107081,0.11064483555850893,0.11286857803005748,0.1302173530224176,0.12266432244248585,0.10741693234136225,0.09184779244321717,0.09957424295560614,0.09855133108781221,0.06834394722641046,0.08856312356875357,0.1384876780540014,0.11751792691904443,0.12367809578163437,0.06866101042636233,0.10258746188239609,0.12657642190137533,0.09261828417529869,0.07467389208808062,0.09415614091857828,0.11376539961331578,0.1256487752057296,0.10949997780554672,0.08553543201388705
Background_Noise,1,27,0.13871922218046887,0.05,0.15774531826653007,0.08,4.0,0.2,0.3,0.15,0.15,0.09016482064707151,0.1121809433567031,0.07215739686462162,0.10676015750898561,0.10202350864587474,0.1038689097843292,0.12952863781263763,0.11716455781010734,0.09664732107809933,0.08527583364470401,0.08822552079330873,0.09686670582086943,0.12246277579664314,0.09633316489989698,0.11604764791129298,0.12898805819058787,0.10702141295567993,0.10861457280685448,0.0760785874858229,0.13328333942551707,0.12884799402280211,0.09225079054979911,0.09463029769624612,0.09385927679626895,0.10464337941212634,0.0914127919146706,0.10666762243700274,0.12974513223702105,0.11639755971834817,0.13387701053691195,0.0968822320902244,0.12926282550389948,0.11799399169566621,0.12767854289227193,0.10272672108853799,0.11855933570328113
Background_Noise,1,28,0.1196987019053234,0.05,0.15327567448722196,0.08,4.0,0.2,0.3,0.15,0.15,0.13228055722162105,0.1378247939739374,0.100957344511262,0.12320630999751343,0.14741847671383135,0.07948327413138435,0.1315233672023084,0.0646438458227985,0.10848936649027278,0.14529025889922548,0.15667618183981588,0.11635460176558719,0.11206184339627616,0.12524570464863596,0.1270709812848991,0.12458630494470828,0.10339346242463847,0.13036273467701148,0.11311017684710274,0.1378248347437943,0.11513566898833938,0.1382298960449566,0.1203743998245875,0.12618622626783868,0.1271680468114651,0.08594859849061887,0.10495673669452654,0.14816419559778554,0.06391482008375077,0.11655554506044503,0.11891839595796745,0.11570958594568352,0.11498481261678509,0.09669402414032671,0.10486710995799223,0.07788923248637586
Background_Noise,1,29,0.11970106369878243,0.05,0.1534348262694256,0.08,4.0,0.2,0.3,0.15,0.15,0.1450499807677639,0.12509206414575694,0.10233353916827446,0.12173124288135975,0.10570859450270918,0.10542083172979733,0.12213051125502933,0.1300118966932351,0.07437252586108235,0.11140697994372407,0.09823776928179417,0.0948616094897981,0.1177046669651347,0.09701000686691114,0.10878630038218685,0.10276326030626427,0.10283941490215479,0.13014752138109498,0.09500817852106776,0.09536794666325163,0.09454050960780988,0.16767642948565345,0.12888405606382877,0.10594142066979506,0.10017782479718133,0.08905084711460357,0.10008097479217024,0.11834310942246136,0.14350002628282985,0.10438538468816402,0.1281449048067245,0.07765540437223462,0.07832644303418342,0.1446471526194736,0.11515511997251927,0.12290434873136291
Background_Noise,1,30,0.12732268134412456,0.05,0.135490479957692,0.08,4.0,0.2,0.3,0.15,0.15,0.09501437206596768,0.11496297107170123,0.1365614915547751,0.09566058550402017,0.11687659424806376,0.09716939947356647,0.1295150650139818,0.12386713889505473,0.16050931656548775,0.09039387952628676,0.09779158240305016,0.109541657638896,0.08438194079828785,0.16335355004236513,0.11449923516920292,0.11333028355147735,0.12566707715599834,0.09656356143382909,0.09945734179636757,0.13760150830697201,0.09321875197680544,0.11366487157339761,0.13466005488663668,0.11164463858120807,0.09657330387097057,0.09444395436475583,0.12757580279240488,0.11055817145987337,0.11775480118389287,0.11752017306234562,0.12374422725865282,0.11061972428187121,0.11799887784913378,0.12759105631482956,0.1261800980730468,0.11368485490146607
Background_Noise,1,31,0.10432548371913788,0.05,0.15126145068878274,0.08,4.0,0.2,0.3,0.15,0.15,0.118944924193993,0.10986293761082423,0.10882669890612702,0.1205965470318032,0.09503026391536268,0.12870894259217922,0.07620870149313311,0.10608593763627329,0.1555865669634614,0.1152730819443123,0.1132596827533195,0.12102218219684961,0.14960754554404687,0.14119952704326044,0.14182891176056084,0.1169042014348822,0.11452069892770571,0.06041371076803294,0.1043462518009546,0.10237223714491325,0.1289080196988697,0.10029635229252983,0.08782440375083056,0.12197881751855882,0.10679415178945563,0.11887821179708484,0.12325571839030003,0.10562457850595819,0.09948834645668347,0.11358032443275319,0.09175184865144974,0.09896850256538267,0.08688084869192678,0.08943502333600932,0.11177085697156287,0.12233065852903713
Background_Noise,1,32,0.11142199704330752,0.05,0.15220900533272158,0.08,4.0,0.2,0.3,0.15,0.15,0.13424540778604022,0.09021072230095355,0.10775258115551556,0.10638959800167164,0.12979526039456607,0.10320471909986378,0.07633889769138631,0.14165931502035992,0.11534774757667195,0.10421566681917285,0.09901401035416559,0.12345009328215092,0.0960062441759715,0.10867047116171363,0.16467283925185563,0.13710329716636896,0.12180369504270612,0.09366981290935705,0.1094508751605226,0.10868069032273658,0.12247671385773377,0.11479444322346027,0.12868569484267545,0.07389536276387124,0.13131704905200448,0.09891710666744508,0.14596912352037855,0.06947004351421189,0.10438076607610255,0.12757288785528492,0.08914694881995203,0.16553306199888274,0.1294589877561939,0.1061107755529045,0.10926199335112892,0.07679843240527424
Background_Noise,1,33,0.10964650817663106,0.05,0.15882928314920833,0.08,4.0,0.2,0.3,0.15,0.15,0.14237719177300315,0.10029173828590093,0.1385564129740744,0.12997050557506062,0.11802177842631259,0.057992034700647094,0.09615259452861696,0.14092735600650586,0.1351590729775123,0.08137182126954484,0.15349338000397023,0.11385181870734866,0.09436716598522615,0.09172503496853557,0.0961009562567222,0.11318625799071984,0.098193154130748,0.1113496189521068,0.13364350256683888,0.15156530232018278,0.10006162219204912,0.1327921067005805,0.08579539061891035,0.11453105215374952,0.09257710449675705,0.11843913309581551,0.05504369959990862,0.10976781336154696,0.08670892639432416,0.13785749058748423,0.13887572084308386,0.06861250629719824,0.11343214427831841,0.12115899792332022,0.11539547906218448,0.1014860792388201
Background_Noise,1,34,0.13040261201162992,0.05,0.15318310491342846,0.08,4.0,0.2,0.3,0.15,0.15,0.1253515377972508,0.06018076189778447,0.11217377802102717,0.10691415706033301,0.11257579254429238,0.14002950858831315,0.1170109688026276,0.10556493778675795,0.1191690646555459,0.08568244224366012,0.08724256237255663,0.10615997743245796,0.12419780413912343,0.12025670900879645,0.10463446449267488,0.12819209755347227,0.11132493846496146,0.11703354624924134,0.14044770961368916,0.11592285056935733,0.11329189455503566,0.11528784104277856,0.09403946865055789,0.08220450288121287,0.1162008535236993,0.08157587572497436,0.14116081037485076,0.11176837846577434,0.09850868603492653,0.1376545614154636,0.12565543408411795,0.11380744823045025,0.08730982955288587,0.1059230162427361,0.08520496018891043,0.10568253019676263
Background_Noise,1,35,0.0991422474932174,0.05,0.11175866963793848,0.08,4.0,0.2,0.3,0.15,0.15,0.15487623036352122,0.08675216276303596,0.0953995808789587,0.14005274673270385,0.10198804980832812,0.12871909811221754,0.11061911322079,0.1155336928763869,0.10584547131961436,0.08201357638298858,0.10130458474213877,0.11107730760837249,0.12804353957152798,0.12082235934457887,0.10158036858809177,0.12217783209337381,0.10011295546351823,0.08879560006629206,0.1325865623749464,0.12074263919042254,0.16420896019998316,0.1434349093501893,0.10136820269681948,0.10345586594010847,0.10499937702659301,0.12745371513956114,0.14752514575003212,0.09002852448499143,0.10828318035402684,0.11010603270788857,0.10826037988134876,0.12744867395870701,0.09701060754865606,0.08855411931997302,0.0626413305623926,0.09862635323717263
Background_Noise,1,36,0.12385834467586472,0.05,0.17164377628111763,0.08,4.0,0.2,0.3,0.15,0.15,0.10373300401554268,0.09986868324009146,0.11278766903321248,0.13558358990129663,0.10382056141036265,0.06198858464240821,0.09324353928841927,0.09690717646217258,0.09824537940733233,0.12013501884232555,0.08171713275584973,0.11382305879497877,0.14074979347778951,0.12073185765265879,0.10804792883457189,0.11404538362579092,0.13571826047430546,0.11366522056607682,0.14363946126271798,0.11806308735491355,0.11078422714752116,0.11868459471143314,0.10478343445202516,0.1050406964825665,0.13888430008185512,0.10273722024772146,0.1026520636685156,0.16082748094929905,0.10099083885265436,0.10468158518710804,0.09599653629722006,0.12827553301849515,0.08535389056023765,0.13289124526686977,0.1259829618643644,0.09683710653695528
Background_Noise,1,37,0.11882772364252034,0.05,0.1390096795391635,0.08,4.0,0.2,0.3,0.15,0.15,0.07864492953381634,0.11298052202648426,0.12470211159836689,0.08559068211793272,0.09826624296919903,0.09397712601042574,0.05962056937193598,0.10293358754406334,0.13234698189102698,0.09832370401049122,0.11378598744314881,0.10651715563921725,0.07757252495500713,0.1254302905153558,0.07501401636179333,0.14582892908822256,0.11120595394788747,0.11000136422676157,0.08940700712656185,0.14563994232163457,0.13365780664921642,0.12775691488688543,0.12274638197094154,0.08411397633908094,0.09286234699909747,0.10029832508795064,0.11712218011396816,0.14648806103972667,0.08530962301185091,0.09767610428608203,0.10213631965595871,0.11844037518925976,0.09213725467466685,0.13319257003647567,0.11122601223153428,0.1180868068620904
Background_Noise,1,38,0.1053620872663566,0.05,0.16767778431974548,0.08,4.0,0.2,0.3,0.15,0.15,0.0753738669826238,0.1374405916432082,0.09601302625055445,0.11683209608396522,0.10698675255653459,0.11102926078998951,0.1361338221557607,0.11518331303060178,0.1293809303466461,0.11227271323955829,0.11553499243985553,0.11393197285396477,0.1188842462596406,0.11000220347206302,0.07318037045263034,0.11801563565529302,0.056706998473370775,0.08776568199677239,0.07609551054907744,0.08640523275094533,0.1714384304130376,0.12432189458534407,0.0961312385804826,0.10258160986156335,0.09683964111320627,0.08680614950616344,0.11123735543202831,0.11756186490945436,0.16301372372585893,0.1256195644368161,0.08557386325628316,0.11802871070526161,0.1543645631896931,0.08673405168885716,0.11530249789306642,0.12338508105259914
Background_Noise,1,39,0.1287254562657737,0.05,0.1881538330917702,0.08,4.0,0.2,0.3,0.15,0.15,0.12109516596484937,0.09569465542440916,0.11793797560654037,0.1301381078482503,0.09998952255222919,0.07951356279184411,0.13951374336096112,0.09400442546379331,0.11572676244939736,0.09498122137858293,0.113707246927393,0.11046212438715337,0.08798635852251555,0.13577810775639484,0.11679386725710411,0.094559791362295,0.11859125087634242,0.06914257765481552,0.10850024666816681,0.09639790047741215,0.11459325726429367,0.11351164845166134,0.1462020838625158,0.14695069036491804,0.10359339322614836,0.12838280234274801,0.10208810711496795,0.13256812545135283,0.11761120315769678,0.0942248791751031,0.13076502404589754,0.13050830474336528,0.0885107354808271,0.11124570907378335,0.1165851986152244,0.11187597384313097
Background_Noise,1,40,0.11907376519373034,0.05,0.12400070461333607,0.08,4.0,0.2,0.3,0.15,0.15,0.1138102707914772,0.12488126196981786,0.12361750755009558,0.055000528138998625,0.10805863621166491,0.10000482750826618,0.13960093020868425,0.14442689584712093,0.09348933982555126,0.11864387781540808,0.08584727066871985,0.11708980996549026,0.12806740496238114,0.12863862121923214,0.11921328885094817,0.0746002090436559,0.15427681190864043,0.09371310342329102,0.11512633434119907,0.14184971244777345,0.10765312156913795,0.11119069572827205,0.12753037064106293,0.09405250122305228,0.10703911151433089,0.12426333059036884,0.10375201195531103,0.10441228993423471,0.07948470591012455,0.08480526567907327,0.10476419996801054,0.0955271236282165,0.12723419274873132,0.11997630912860649,0.11526499261973353,0.11479717836052372
Background_Noise,1,41,0.11039324881622653,0.05,0.14580303194936917,0.08,4.0,0.2,0.3,0.15,0.15,0.14860469199659013,0.12066160587061167,0.11448533998199158,0.11006733953716374,0.07441122588401189,0.12105331293360075,0.10827750615899764,0.12195778149432214,0.07705308783425002,0.11767230030718293,0.10248974346682223,0.10413329016255031,0.10750404819152014,0.10621471510670802,0.12178244695659993,0.08520025110213889,0.15170098759327158,0.11240229588606558,0.10990573357429391,0.11975897113173986,0.09141115373812954,0.12739575776629014,0.1328319766626495,0.0943218533247125,0.1088834347008676,0.11538551276272754,0.1576295248910563,0.14825700267270323,0.1276988266016103,0.09659006439768159,0.14067481608468166,0.0904199070893395,0.12052853840570911,0.09412273457419502,0.13316289840480613,0.0978245050416747
Background_Noise,1,42,0.11342513073514168,0.05,0.12825514695742798,0.08,4.0,0.2,0.3,0.15,0.15,0.10970934590084984,0.121394901896581,0.09160139906535408,0.12981405729580137,0.10640271403927336,0.12177173199979995,0.09167015404230544,0.15167617291277963,0.1351351426623876,0.08036363200822726,0.13450864408297927,0.08487722705653877,0.1248225687730528,0.12033889917204804,0.10899864681185598,0.08069747472601431,0.1264788033377655,0.11361255042151117,0.09674318879332638,0.09847487961513977,0.12807239033979603,0.1062774764951447,0.10208599485505701,0.1372297330348429,0.07978636632921846,0.12053457775551461,0.1285406601275544,0.09736751892579121,0.10685653459360893,0.10116385247936921,0.1038047927269415,0.12341856980625461,0.10270863457031616,0.13445392100771913,0.1209805503181711,0.09261722523152925
Background_Noise,1,43,0.11483012423293708,0.05,0.15623516606617507,0.08,4.0,0.2,0.3,0.15,0.15,0.11858864554917264,0.09527403531212086,0.09125231011622695,0.07912963873518325,0.10715254231163862,0.0984067266571025,0.11436556020674703,0.10801363298342476,0.07789951072527834,0.08698649247775186,0.07653573967236083,0.11088895830297453,0.09675214124876003,0.10613154480636167,0.086197221262821,0.10180458728666192,0.11086733566277204,0.10923876546055498,0.0959274128966032,0.06856116578102806,0.10017761483625323,0.1603109272042045,0.09117664671834312,0.10739018731892003,0.1283547575895149,0.13003871465766081,0.11122961208805447,0.0767156111458381,0.07377588337039753,0.1433673548816566,0.11533864232159491,0.10050376380444417,0.09888980701908354,0.09028638575089569,0.11251013255878528,0.09416706013279874
Background_Noise,1,44,0.1181521251758111,0.05,0.16662731185689086,0.08,4.0,0.2,0.3,0.15,0.15,0.10661114069838121,0.09460630501784877,0.14177533730263078,0.10852108815752094,0.11020447697852165,0.11676445394914059,0.12317604962903486,0.11416346268257241,0.10126021927940926,0.10724387050870199,0.1291252536295969,0.11330567761409063,0.1506586158650578,0.12587075992271776,0.1377034732759357,0.12249570645883819,0.06761069068260014,0.11477533667605999,0.08106364199736879,0.1323780736757484,0.09487673281601873,0.12184752933697884,0.1296073766786999,0.12939834735976832,0.11688865250632882,0.09103643225263681,0.13600618313482057,0.15231888696062323,0.12181171832681166,0.08607687537540673,0.11832860651964107,0.09885828025510411,0.08293634114488649,0.12305781644618957,0.13109275617803903,0.11093805826694393
Background_Noise,1,45,0.11455115076874356,0.05,0.1575082853477061,0.08,4.0,0.2,0.3,0.15,0.15,0.16116643973240335,0.09404694062109481,0.11991123556713115,0.07422952391840697,0.09876121412290609,0.1062035148900703,0.08323897341600907,0.11534262505875281,0.09853833415757317,0.1136660840775002,0.1054603675872504,0.12937269892354417,0.1176987914322506,0.10963942627315149,0.1101680098828469,0.11563993793145452,0.10298821759129628,0.05424303495072848,0.08290078387483217,0.08390295318774525,0.12690969288118698,0.09890528553106005,0.1543449888623603,0.11140148876674238,0.12067527097263162,0.09173480187815364,0.13601531401764844,0.11349212524053025,0.0874503398835062,0.09458612026817159,0.1491428761163066,0.0638643645215462,0.11283745467798144,0.1735052642091367,0.10349514578955243,0.07443336136561303
Background_Noise,1,46,0.12485848107638127,0.05,0.11878262868660236,0.08,4.0,0.2,0.3,0.15,0.15,0.10766953647618388,0.1061726171094282,0.11804289525776616,0.11973413904043803,0.13978499980404224,0.1204166547820582,0.05725049361992235,0.10406226431899995,0.10979698316678499,0.09464053498699407,0.1248255013427283,0.14075657451383836,0.12173515838779315,0.13655480095934958,0.1109322615640893,0.12074634543558965,0.10085988066917437,0.11483053659000513,0.09184842229854087,0.10094331521106,0.1014368000285432,0.12718457592678292,0.10464652074252623,0.08115404682692509,0.10368176752932128,0.16238811523045743,0.1661142149173829,0.08615943268067755,0.12376607952987276,0.11812601700227612,0.11388488409533937,0.08696696801332975,0.12270460037809713,0.1010138594468263,0.08971830191723258,0.14004537083314528
Background_Noise,1,47,0.12193178093025257,0.05,0.1524105310516931,0.08,4.0,0.2,0.3,0.15,0.15,0.14458896467738142,0.11241419068493169,0.12452825635906803,0.12667790199650736,0.0927856143019679,0.1158491707361099,0.12096031309831028,0.10378764208284533,0.12583290747186407,0.11103962929278871,0.12042216681290982,0.08050922224959614,0.11262096063099383,0.10325189426172796,0.09461934222019384,0.1107770587751258,0.10222774960785488,0.13912507939334207,0.12772535773761393,0.10396470732228971,0.10618620573943843,0.13909285280493636,0.06755254188816576,0.1112079893192052,0.08559866669978092,0.09700816082607731,0.09432331205223102,0.09574882695228118,0.11216328234154023,0.07755609383456342,0.09785542370758442,0.10614402086109938,0.09621345885973587,0.09452398407458384,0.10386099119922848,0.11094286462640131
Background_Noise,1,48,0.12664553968823036,0.05,0.14829663026263917,0.08,4.0,0.2,0.3,0.15,0.15,0.12260179740895696,0.11240340185985069,0.11129916746489112,0.09019356694732357,0.10864216959865758,0.13017833805559229,0.06316231324431396,0.08723802258958135,0.12667324182732992,0.09662559387550186,0.11369983013496103,0.12077317019926215,0.13761089037986943,0.08480471352996101,0.09531765883272215,0.10839915492689564,0.10236585987790525,0.11803616295770777,0.12596929107992913,0.12004080025092359,0.11091442533018336,0.12084436414961036,0.09411530825740551,0.10876352950862452,0.10683948866014567,0.11874671295436814,0.13800625825100968,0.10476749895842605,0.05839878217388007,0.07364453125967893,0.11173935868502288,0.1240554835489392,0.1157666942562875,0.1158030726918937,0.11805235117766083,0.1329183576776471
Background_Noise,1,49,0.1175526864806419,0.05,0.1459314973105009,0.08,4.0,0.2,0.3,0.15,0.15,0.09872412210497969,0.11243823814563157,0.08452857122410776,0.14985687009392143,0.08030705691176919,0.13401607530764015,0.06321023589252098,0.11571729757463263,0.11243291715689059,0.13316591632265595,0.05711651225108861,0.11677473692033208,0.11646550005919842,0.12259289095065605,0.10016056483015948,0.13249693900075665,0.13192091776047402,0.1119609996325947,0.10794479008630109,0.12907976510201663,0.10599342153843604,0.12433306496814778,0.10620631244907561,0.08881204540250273,0.10002350246048151,0.09453256507459135,0.10919517755612815,0.10199043763124702,0.13093126888674755,0.1028858685460047,0.16331873324107932,0.09459833147074602,0.10104257269384401,0.07491603180807593,0.10582552983079378,0.13022439150972706
Background_Noise,1,50,0.12036273780917886,0.05,0.17565093902480666,0.08,4.0,0.2,0.3,0.15,0.15,0.1103161666316999,0.0815091963625035,0.08792410095861089,0.10634567689221677,0.13460841017542632,0.12895038739056777,0.11493193779664085,0.1131985402387048,0.12645578687079553,0.08917686141485454,0.15116490544725675,0.10152825913022645,0.1079017129714337,0.11568741992503699,0.11231001441438256,0.09601487836841444,0.11893238279486247,0.11031615308265828,0.14348811573837664,0.14324295136739498,0.1364270764234835,0.09964674604412731,0.12824428980017055,0.09744543861963392,0.11220156336579291,0.09969506878598515,0.10050245203536637,0.13398429511993085,0.1291021498232094,0.11926371797169524,0.13611661027648253,0.14677677163659947,0.09029983828017729,0.07421683702273249,0.11809611978136109,0.1318154755080762
Background_Noise,1,51,0.11325035100291128,0.05,0.12769834481281436,0.08,4.0,0.2,0.3,0.15,0.15,0.08709237199748966,0.1101819875978209,0.1154945308562301,0.12786474052800043,0.11715537887878245,0.06708036842669725,0.10117221419358423,0.11437804822113688,0.11221793573671736,0.13369704780638778,0.10841789767805125,0.08952527507108783,0.09741940772464074,0.08841042685997152,0.09030366908636951,0.08574811374689736,0.09414309333176694,0.11138332558579854,0.10372639643097888,0.11942056118572862,0.08682575500931546,0.09927806624782803,0.11356964982621948,0.06872498710110997,0.10919663831906709,0.09292189469588893,0.10844982655726436,0.11152018320281278,0.11399565256443515,0.08068000689173488,0.08586708974875752,0.09059620523802156,0.11459384990491336,0.10371806514675092,0.13306688354731522,0.10380401210218719
Background_Noise,1,52,0.11703436719999724,0.05,0.11759415061837757,0.08,4.0,0.2,0.3,0.15,0.15,0.12189787553095781,0.07262869221140518,0.1067426772301135,0.10736704209383348,0.08182632854455009,0.08130330158444013,0.14273581829291807,0.11276706225934352,0.08773653095845176,0.105922955578191,0.09735579697172361,0.11502446819990042,0.11041163218624973,0.09924502522762045,0.06795262175955805,0.10236625883891565,0.11782992088475167,0.1142611478749226,0.15786308340589808,0.10578520819986188,0.11123565249080097,0.1156078613731087,0.12380764672256839,0.09630978623566204,0.07851080134725527,0.11082595931629956,0.11853708740063008,0.08499920099805561,0.12976841520315197,0.08910215048089186,0.08538064625492642,0.08636800209114626,0.10165660901817777,0.10556251857220592,0.10891396084671748,0.10642713126828082
Background_Noise,1,53,0.11492516256844157,0.05,0.1576787986145664,0.08,4.0,0.2,0.3,0.15,0.15,0.09025560540870203,0.09159818998902244,0.10030096535208756,0.1174650861648221,0.09364764932104076,0.11259521057864091,0.11322219942905636,0.1341719904045892,0.13479333893218637,0.12100190746065961,0.09964005187174178,0.08798198183342193,0.09053763429070415,0.13085967274232413,0.13377125718271918,0.12982031632437277,0.10335735060278634,0.10351132727414214,0.0768235136444799,0.10800220189375871,0.12419396683046521,0.11874291332458713,0.12280405327838044,0.09685983478739532,0.07127210945563286,0.14356085819418915,0.10489261917273575,0.10238971170066077,0.08308148101589674,0.08620492661807576,0.08075641316356005,0.12165681029607164,0.11039087564275218,0.11824755715845472,0.08558440916609332,0.07367878277645934
Background_Noise,1,54,0.10152810440968668,0.05,0.12910030257041394,0.08,4.0,0.2,0.3,0.15,0.15,0.10680697929490934,0.10224109647007766,0.1277273474492312,0.13564933240982296,0.1308476666779803,0.1337358513196093,0.11015334248446769,0.0982121459362798,0.11789312521594489,0.10585243678421541,0.11077337529020119,0.11181921358684449,0.10595826942845825,0.09855161334988427,0.08163480660080705,0.12176472498984087,0.1011560097409592,0.10559935188234554,0.10821027936700257,0.11279683016000867,0.12546872304599366,0.1126998209479043,0.09486428736939713,0.08813521653309495,0.12187190826195869,0.1107663349386226,0.13613790504342915,0.11382534184851403,0.09498161406316537,0.0846479437722099,0.09352843254078598,0.11256322352853292,0.09402070620159642,0.07436616634579407,0.09221760418804958,0.11668584165095262
Background_Noise,1,55,0.13130174179262752,0.05,0.15715951679496976,0.08,4.0,0.2,0.3,0.15,0.15,0.12114714369857138,0.12246671950878124,0.10371607248028902,0.10183069578450508,0.1173897308249374,0.1013060767878936,0.10057139866585468,0.0891075523953817,0.12816520775504744,0.11961488361069243,0.07038825939220339,0.09846518152982126,0.10874003187482251,0.12348111685468044,0.08445271755984524,0.14719400326503468,0.12711774437895812,0.08781318897246351,0.0996223820172262,0.11443297875673217,0.137220361547839,0.10113412191959521,0.12964073930293327,0.11527779044401364,0.13368540628427977,0.10766641833460192,0.09675606611145293,0.07565812693010736,0.09370389830762926,0.11946649414472028,0.09300377410601675,0.0954476104897993,0.10012082095258595,0.14756007091278814,0.10665196454648695,0.08831433094847906
Background_Noise,1,56,0.12602616312867385,0.05,0.1575853974160192,0.08,4.0,0.2,0.3,0.15,0.15,0.12449696080610745,0.12121261094879568,0.11302154152578897,0.09990925147882798,0.10525344549313077,0.1137325286414975,0.09631218139605928,0.10598489305982237,0.08070331734542355,0.11225390775721526,0.10190293072022796,0.08105192788521137,0.11266911928631416,0.07729455401665611,0.13505757563799234,0.15030011911799912,0.11402659918043924,0.08694086954152966,0.11063972683692738,0.09135819570743495,0.13161077436998408,0.10316995680034763,0.16060911290576116,0.12291114452945973,0.12527634342282157,0.1475154470978432,0.11613920123086423,0.11902675299426473,0.13621597725947518,0.07673942180285526,0.13751423005951668,0.08421191731457162,0.07795692831828134,0.10960000998484362,0.09097349684424648,0.09973276947740545
Background_Noise,1,57,0.14114053867588122,0.05,0.1985974384138562,0.08,4.0,0.2,0.3,0.15,0.15,0.12656408147505138,0.1014611642278527,0.11097793325141236,0.12172055944055891,0.10480867032532451,0.10508068195459698,0.1123439516043537,0.07934182054497169,0.13456851029181505,0.13779166533333387,0.09705972785025867,0.11372674783196918,0.11161942522062406,0.09622443926495886,0.0683752909040149,0.06948344531931291,0.12293100889779054,0.11856897829913128,0.13556405401360067,0.09090674839616442,0.12519010179918083,0.1008198992858368,0.12767157954774738,0.09064482598932334,0.12420758469205448,0.11192276903611607,0.07406670203075108,0.09279124653423867,0.1297530469461901,0.11789185174992976,0.09569261025590961,0.11548096476139774,0.13544127090151567,0.11481873194594527,0.15575059576952544,0.08348058801638722
Background_Noise,1,58,0.11774615432696817,0.05,0.15777064110242642,0.08,4.0,0.2,0.3,0.15,0.15,0.11361739675201413,0.12009398630083565,0.1198053275391938,0.04202896773478812,0.1306347847233108,0.11832790092074931,0.14335314209055294,0.08801971211525715,0.09701468970570046,0.09457422164303156,0.13565680065116245,0.07116361841472052,0.09360178042274311,0.09552004289872237,0.10727924472429319,0.07940939842602476,0.0752959004720403,0.11734783052227073,0.09137406196238682,0.10714659092537555,0.09871016127504044,0.12721141577263498,0.1413068464933151,0.11896875402151923,0.09836018536456789,0.040972404741684884,0.09832696986222492,0.12003220566033447,0.08534784402891266,0.10898711544688079,0.0744135563647925,0.10716810503252998,0.06735602544694176,0.11426043168146054,0.09773121204790286,0.08675944317003464
Background_Noise,1,59,0.12161983795614868,0.05,0.18285004091288934,0.08,4.0,0.2,0.3,0.15,0.15,0.12659987846426873,0.06243686929049607,0.10638963484868658,0.10264461550370695,0.10420270372968596,0.09975292338874077,0.10245489580342093,0.11238313031177108,0.12567383407028523,0.12071006607117538,0.12032890533163587,0.11528612533270322,0.1166722382050742,0.12997651600881813,0.08277465721896383,0.10430895155889118,0.11395843964315305,0.11379152099348772,0.10860102738127271,0.1467118609474558,0.11333306791758756,0.11965232524348694,0.12183931810950306,0.11020494773523505,0.11458792397907036,0.12278956455627421,0.10548230769740681,0.11166408528867011,0.08646423796927255,0.11651820659727609,0.14241246620794407,0.10341447892613881,0.11678260330438932,0.1214219748026835,0.08707487085619459,0.0979192755283563
Background_Noise,1,60,0.1416523267968376,0.05,0.11804989252489195,0.08,4.0,0.2,0.3,0.15,0.15,0.08075533437817022,0.13891190169720863,0.12496517650958115,0.093883654905055,0.09568009236381558,0.12451303981097235,0.1383207660793612,0.11108123733737572,0.11247932771208638,0.08925431665667594,0.11232540860844137,0.07650057330214077,0.10424528763921227,0.1128631140239525,0.13027726403570572,0.13319862980679453,0.10065179453152637,0.10421003664548052,0.12746494663647884,0.08555958878959409,0.1451194122631112,0.10841043705964627,0.12495139657160585,0.10741439441101047,0.07392082833854224,0.07645912636860999,0.11953741253977143,0.13488088021381137,0.0969682221897023,0.08514075133030494,0.08424939279659636,0.11378556131978089,0.10804187104649539,0.12021626768643137,0.10847536343906782,0.12611323653684786
Background_Noise,1,61,0.1137785495971924,0.05,0.18917198512442981,0.08,4.0,0.2,0.3,0.15,0.15,0.12247293743640734,0.10658094410804779,0.09757885111611415,0.08883970398950453,0.08502963116866129,0.08669732780581105,0.1431740404557984,0.08936842293269188,0.10439577879041721,0.12802248495886842,0.09701034154709771,0.11431273300684583,0.12451742815003053,0.05024473716637191,0.09459403143671392,0.11929410308529279,0.1448474931320612,0.0819944610452453,0.10220668706694967,0.09785844027310886,0.10218710200237592,0.1445259846843382,0.11926504708963853,0.07677388458576057,0.12091154371529873,0.11221343399655068,0.07909331300245742,0.11298589724032794,0.11242912232326277,0.12276317824412648,0.08042684343709881,0.10563685906755572,0.06611320974176763,0.13313641890715144,0.10591797749275532,0.13839111398448684
Background_Noise,1,62,0.13128273710615648,0.05,0.1349909917631351,0.08,4.0,0.2,0.3,0.15,0.15,0.15224349431490813,0.11376019508042867,0.14062927874377362,0.15413857442081638,0.10156446893478786,0.10870181195628954,0.08506090604297999,0.09043884740045499,0.09135901626626432,0.1004706721987884,0.11614836124045926,0.07853431696711471,0.10619537946768835,0.1493121135200015,0.08454963940359927,0.08642428858091267,0.1141378791251304,0.11859276438895769,0.0996084918184196,0.12000448606622849,0.12861691612940065,0.07685021397042728,0.14576038969292754,0.15173873339355248,0.10432498716472627,0.12233887727721622,0.10990163607387692,0.08853936508040534,0.10097026400986121,0.09245225612338534,0.1270079212919859,0.14204995723467734,0.12875441925064132,0.09421044539552381,0.10268952806817777,0.11266570748051734
Background_Noise,1,63,0.12473873028679297,0.05,0.13088111060436924,0.08,4.0,0.2,0.3,0.15,0.15,0.13509841842187154,0.11377660115677816,0.13158221091595812,0.1133740377906964,0.07307870427448372,0.13382683551654107,0.09492413654315374,0.13596399391613442,0.08876656005956457,0.10540547386126439,0.09789128752438947,0.11828396993882799,0.10246552472887022,0.09983685986061085,0.11610985600523582,0.1080096337705869,0.09494013951802158,0.12150896922556156,0.10576790263271217,0.10240270573849837,0.09458180021400522,0.12986222440098272,0.09566447139904735,0.10214978483201248,0.11530013639302346,0.14337150834676263,0.09981073057307255,0.13289534098454361,0.1143111341164047,0.10482089185722644,0.10493623951581323,0.1004446732045811,0.09501203099026703,0.11033861076576308,0.10940831687605722,0.0956392210553098
Background_Noise,1,64,0.12975213025263985,0.05,0.1601118235382878,0.08,4.0,0.2,0.3,0.15,0.15,0.07786926468127606,0.10841234245720886,0.1299213669940394,0.11670261822964455,0.08262594194877033,0.12791963208109552,0.09187757206611466,0.08663094781268851,0.09920679325789811,0.11148797964013617,0.0749685980381797,0.08984818863461441,0.08496917132647756,0.13183694616504563,0.10015015374864691,0.09270966716690121,0.08553061984633459,0.09911946187102791,0.1384725392200503,0.09470766407481888,0.13159599614764855,0.10924220274330643,0.13614672009143153,0.13793356333466147,0.09846273199193158,0.09386936820918007,0.08229581358632522,0.12289370203585075,0.12788932428130614,0.10870008061663226,0.11331269495135916,0.13345609297951888,0.10655333783100564,0.10652422402532866,0.1278858403595824,0.1005059488138928
Background_Noise,1,65,0.12981048760337482,0.05,0.14753725944129073,0.08,4.0,0.2,0.3,0.15,0.15,0.11778413838296481,0.09748658844216257,0.12594947572240267,0.11729558556924967,0.059336105982692636,0.10957822229315935,0.1220421851006457,0.06796432931029389,0.10615623371767466,0.10359008137155185,0.12453921110579258,0.09659663414783906,0.13969092236308,0.13536734854790644,0.12514943119888186,0.09902117706666794,0.11029751260602035,0.10304465145722139,0.12640588773472028,0.09767225694332525,0.11372583486922348,0.13154159625146247,0.0806390143923904,0.08614882228519262,0.13894284935920728,0.09269093609838142,0.12620443568626133,0.11500314946860309,0.1251030167664063,0.09232148914894643,0.07873259067975605,0.09812037460360379,0.09515611799225773,0.1291438490937489,0.09495873844649305,0.07460340569255645
Background_Noise,1,66,0.12502261469450834,0.05,0.16576661143984478,0.08,4.0,0.2,0.3,0.15,0.15,0.11641354290776698,0.13467846606905595,0.1042174656605843,0.11689198358748308,0.10043713738379681,0.08779624212574505,0.07721883749829495,0.1084549291030365,0.1314064689008432,0.11377130643414772,0.0810296985443105,0.07029457592794286,0.17095483793339591,0.14537388577708893,0.1227505093898723,0.0984713779037006,0.11378012475540566,0.1293175961514645,0.10796296020381589,0.09646120712806004,0.09146062763722265,0.0744332185529292,0.08755533890638265,0.11953186554129284,0.10518329105711383,0.13023426030697458,0.07821618079910775,0.152537952023542,0.12729156950827358,0.11407502052637208,0.10755903256288407,0.07106377915359095,0.09137537373696109,0.05931441021267745,0.09205528051871198,0.1005246910150764
Background_Noise,1,67,0.11639894716703784,0.05,0.1577519917061096,0.08,4.0,0.2,0.3,0.15,0.15,0.12225876172145204,0.0943443171122395,0.08516906596317435,0.08094178999781791,0.09244101704455054,0.10301180314554559,0.12876246934965568,0.11510837540300917,0.11288118676048753,0.10501270222217145,0.09889501822416465,0.13781772392629205,0.12067391896267657,0.10660412119852297,0.12103787034130704,0.11398465463376113,0.09851691204598857,0.13752109745598184,0.1221714231131516,0.13142310301042526,0.10213547638632463,0.1436654373663834,0.1389651162456334,0.10526067411210534,0.12625047340018172,0.0940909697613167,0.11280851409771003,0.12690918790796635,0.09307674151665556,0.12291079589660288,0.14033788810279604,0.11327242332996834,0.11779340507300369,0.09637463908897953,0.1326366742814882,0.13085519436201296
Background_Noise,1,68,0.13223619318001079,0.05,0.13738474495993874,0.08,4.0,0.2,0.3,0.15,0.15,0.11467111997117097,0.11749537870834849,0.11177500339901673,0.07836621030450315,0.10622560039237816,0.06818943487423387,0.09075665514655462,0.07175218123272312,0.10702682222515962,0.16643815124334344,0.1359908027473591,0.1028554970140191,0.14029525648997423,0.14415059222487112,0.14596890937435097,0.11130762923184401,0.07171190905091233,0.13233909780340222,0.11074702387395538,0.09800066649496533,0.1449020574406781,0.143705506883388,0.11407947674627036,0.12795078142827074,0.10323675846263669,0.13483986296612283,0.1477568442505097,0.09063798055911663,0.11761518633825187,0.09930683135516036,0.13223954202391827,0.06319222227889949,0.08879890286939054,0.15700984811935847,0.07399242303700934,0.14384604457213923
Background_Noise,1,69,0.09496596670941859,0.05,0.13851796079674467,0.08,4.0,0.2,0.3,0.15,0.15,0.1314959180048645,0.09755102066110923,0.12811234600698682,0.09998419397009492,0.1193259345189811,0.10958626065714042,0.090306448087912,0.10304708394143831,0.09880792290691999,0.07287090467019788,0.1252964658084088,0.0734673334728966,0.13775528230420162,0.10843463243903,0.10929813030162669,0.09537710002038739,0.0841988063950539,0.10385951384534212,0.13320528142209584,0.11023053779084317,0.08471946813216141,0.11681749573934677,0.09898821635420833,0.12316556648185846,0.12323685080548079,0.10958325197039552,0.11540841147556187,0.11813864165893584,0.1444272404236716,0.11133706342186427,0.114325092177838,0.11038188706792627,0.11164825111573175,0.11714556062843924,0.11960251787118625,0.11360255097932581
Background_Noise,1,70,0.1314855238182009,0.05,0.15273475010117138,0.08,4.0,0.2,0.3,0.15,0.15,0.10928075753985947,0.07845203582284076,0.13133315594157313,0.12734874164680693,0.11483247958350282,0.11745607205125178,0.1055208732396805,0.09331399693647223,0.10126624865057662,0.09531912848612314,0.13182068497205518,0.11070877723375294,0.1486707425642262,0.09842733891502015,0.07279062526489832,0.10483239724689246,0.0793341186290915,0.10649702437203543,0.10389433954219468,0.08488159021000269,0.10056511147588587,0.08637028116822887,0.12171750659726831,0.1039248723176365,0.1186384671746604,0.11453833250102796,0.07708128147247409,0.10237042283842482,0.13315997920724837,0.09997789421602717,0.12393432266577135,0.1284482992611794,0.10548985060650931,0.09988199838426016,0.11709728543513481,0.09614068344819032
Background_Noise,1,71,0.10989154317462661,0.05,0.18400526422774505,0.08,4.0,0.2,0.3,0.15,0.15,0.1140977392652204,0.1579883962459931,0.0626849899178895,0.10660897574848946,0.11507550191183204,0.13261330391521564,0.12470005870499472,0.12207033742840075,0.13049256899464856,0.08379649772844149,0.09547728933419596,0.10652938439982265,0.09166781601493512,0.1099107805491759,0.09756732157092401,0.1326230794826593,0.10657010295602745,0.1249295285294569,0.14625547632098543,0.1500895381260166,0.07629571970834294,0.08520828358824023,0.07516087598143699,0.07873335013550237,0.10254657092435703,0.10587115310177833,0.08214674932900748,0.10025548829876638,0.1004728611989168,0.13694888724408505,0.15040390039972082,0.12298490816168958,0.11713940996411977,0.1344067099279345,0.112232424453181,0.154766809898159
Background_Noise,1,72,0.1377627462587177,0.05,0.1557707929463624,0.08,4.0,0.2,0.3,0.15,0.15,0.11884945490729727,0.11767275016306382,0.0989961725875157,0.11845753478766873,0.09288937145205212,0.11910308244881314,0.11329326188589853,0.12265035056720189,0.07592367397577979,0.08388395521498468,0.11105680000963043,0.10661096508540376,0.11364935488940228,0.10890312490715832,0.13332336118165078,0.09209146966105897,0.12277338102984489,0.1219708678198863,0.10916659459686778,0.13636584405529167,0.10703093594678839,0.10397156102631291,0.06573251296049164,0.07160224850384861,0.14032546115205533,0.12235897369280124,0.10900692605691298,0.13123496624823533,0.11957622672865878,0.1165356121959064,0.14000529541698026,0.12379170686514722,0.11776421685395223,0.0892422407191227,0.08131050621615282,0.09844950701842814
Background_Noise,1,73,0.11419958995322549,0.05,0.15362420840467444,0.08,4.0,0.2,0.3,0.15,0.15,0.12468528145395669,0.10626502129243574,0.14748363929915542,0.13404659428890353,0.0976601934782374,0.15556327980373688,0.10022038434652755,0.13210264478273032,0.08585999388992002,0.14440808722399176,0.09921908528645375,0.09784810628608004,0.10232736136540245,0.10409448831364798,0.09982717785628219,0.13300825909317252,0.08638041555466403,0.13071686140458186,0.07923149183450273,0.09701092856528835,0.1027539903235811,0.1305991237517602,0.0981649408105591,0.11251149870050958,0.1039439495710534,0.10155802576835543,0.10262989834420531,0.10189240044226938,0.10285317832010092,0.10002781280358548,0.11680768521401694,0.11618323686816481,0.1081706484053369,0.12802874875103937,0.10974720944031821,0.12229743375770018
Background_Noise,1,74,0.10933585201306542,0.05,0.18283489125006885,0.08,4.0,0.2,0.3,0.15,0.15,0.09590974239445291,0.13363361316713646,0.11423978660710667,0.10995949290992953,0.12392109488757243,0.14964607501471208,0.1551346359424919,0.12045160163830482,0.0811428216254141,0.12545794346218617,0.05964979607831676,0.12058739462866622,0.1257156930034056,0.14715446158192622,0.09147654184492092,0.098726348535529,0.10075103232419132,0.1036620648662676,0.09032576341618608,0.10476992075095294,0.09592765272998738,0.12411013616331826,0.09743354113435598,0.1608039631732642,0.0832654665560774,0.11536418791489665,0.08566184375005859,0.12287656436663287,0.10834464870729027,0.09356841259156788,0.09141330718396803,0.14882646418889303,0.115087876819055,0.10972839300863511,0.08543508219633666,0.08869419760491193
Background_Noise,1,75,0.11380604979222969,0.05,0.1801597416182196,0.08,4.0,0.2,0.3,0.15,0.15,0.11034252068899383,0.15387769569027457,0.1137245195304989,0.08064085258207938,0.09285638989767175,0.09035525116407647,0.08294284764126303,0.11177427568958975,0.10053800137504998,0.11365582952015647,0.11975282859553449,0.09446269133031354,0.07217307195310699,0.06265334926037662,0.13396970539075026,0.1219327344942458,0.10821340337403206,0.12817361895217366,0.1320566269459216,0.06106935183827515,0.12404967628557702,0.06820806646199742,0.11300629701304152,0.10579895422654886,0.14597992191673553,0.11468040205061526,0.13423480433017293,0.138539251387467,0.08577278251571142,0.0927619839762355,0.10788875673538333,0.09349815099336087,0.13120085573326812,0.09131285420396874,0.09730220531549753,0.11463978897763713
Background_Noise,1,76,0.12412505844553441,0.05,0.17380337462582623,0.08,4.0,0.2,0.3,0.15,0.15,0.1141059490811413,0.12294459375855779,0.1138914589834295,0.1350786160399342,0.1140671876044165,0.0832282418400552,0.10993640066640939,0.07593725692355185,0.10276773147862749,0.08828293653983127,0.10604272805680484,0.10300556652635724,0.12800051981663443,0.07111488601685143,0.10881008771712222,0.11892162458536008,0.11281595194078597,0.12594529667508766,0.12475405788392327,0.10906430974782538,0.12192129093139976,0.12010590779004457,0.09474828274002053,0.07382659790468124,0.14255982264276645,0.12428589397201487,0.10400896318592324,0.10812083351189614,0.10482210422745035,0.15368708888298438,0.09873940005288961,0.09887956226418884,0.1614526856365436,0.13216502194686156,0.14379998171125744,0.1199527328438722
Background_Noise,1,77,0.1285738461337494,0.05,0.13516268913978607,0.08,4.0,0.2,0.3,0.15,0.15,0.10058409915960449,0.14249730752851103,0.10748545399550503,0.08319061720609135,0.10525627127144112,0.11275665469230091,0.10252950154569823,0.10704238103785595,0.11273646877837243,0.11310464097679064,0.09460205921084996,0.07918540486199273,0.11510808846452593,0.12255396141171217,0.09949487634767461,0.11175515403729142,0.10335232866062222,0.10972073603598795,0.08163355371575247,0.11143621112620553,0.09007209367415353,0.06767569483264256,0.1303661090865351,0.14073392672022872,0.1208425132441531,0.11427921314301487,0.0995739851785514,0.15185579327554782,0.13630760504479877,0.10236179486206676,0.07921085849890008,0.1502047942377281,0.08696943574896074,0.1148510806501379,0.07067417187967692,0.09905100861062391
Background_Noise,1,78,0.10826180041148893,0.05,0.15601244685254853,0.08,4.0,0.2,0.3,0.15,0.15,0.079624502257009,0.08573711806260408,0.1343441899699671,0.09717197490048232,0.11914400220715719,0.13726114529949723,0.11524503454457874,0.130970837156686,0.08860806692114902,0.11371329503592048,0.11350778600909621,0.12825241261556256,0.09284259401533423,0.09459767371084388,0.10587041127845291,0.09483837260736101,0.08766768337558793,0.10830494599744411,0.09287177299754085,0.09084840882978125,0.1077756713644314,0.1408256442088928,0.14728516550508064,0.10497277648086165,0.10134956969613952,0.14312275401807817,0.1047907083285966,0.10268765448062556,0.08358255673039293,0.0920419883569368,0.09713488739497605,0.09835649943158468,0.08324648014972541,0.11137128996602326,0.11870938786559025,0.10515443745720938
Background_Noise,1,79,0.10537990988797057,0.05,0.14760631612430358,0.08,4.0,0.2,0.3,0.15,0.15,0.10804989328136384,0.08665331161129525,0.12337898920097605,0.13014836399114094,0.11213359882213275,0.15124510872581137,0.09880123893534619,0.06853528401033879,0.14052585409378246,0.11866389782311557,0.10119332531075148,0.08541946355289726,0.12699477775281784,0.09708159359181778,0.10573242328959961,0.10819865057492327,0.12149488772953763,0.12034558524886707,0.08896967518461929,0.1429563347409299,0.09789890109528322,0.09978865291260415,0.12666422983161224,0.09447823936644113,0.09369414542725554,0.11611543890388053,0.10891624773981178,0.12302127260918866,0.0459266500350716,0.08848577315302911,0.12740916827596455,0.06771494945136876,0.14486758420980264,0.1417594299209578,0.14095695482455362,0.09486501049173143
Background_Noise,1,80,0.12123000984545046,0.05,0.14037225015071664,0.08,4.0,0.2,0.3,0.15,0.15,0.12793303860623498,0.14532602111619072,0.1088777575957923,0.13714996378545338,0.13405427872520886,0.12542607570065903,0.11359205282654208,0.12748341195502336,0.11953446855726998,0.0850927578534946,0.1238224160025777,0.0749778410384182,0.12412808408525172,0.12934645137128986,0.1463753197923246,0.10426383233490523,0.10982382595552716,0.07124030543000648,0.10514584740764472,0.08830411136997533,0.1089295403372809,0.0889415200673978,0.10109728925134431,0.09049730854961592,0.14059476752724318,0.09229520001117189,0.1193576226308401,0.13088597443742062,0.14556745975494528,0.13655431069157062,0.10376760016157331,0.11958133364565816,0.14856714656043718,0.1392354878992478,0.11108835717574321,0.08639823333535776
Background_Noise,1,81,0.12020368681203354,0.05,0.17313976945533124,0.08,4.0,0.2,0.3,0.15,0.15,0.12469402729254418,0.12437586513273431,0.10735367076797445,0.09905743780362394,0.12510777676335594,0.10341686088019775,0.0992035513960549,0.13003041435814958,0.13140523693579303,0.11210946174095655,0.12077552885763357,0.13323216167527624,0.15486408891907394,0.10079992086303892,0.14047347070748623,0.10742514916964549,0.133140105589661,0.10144360795047222,0.09261768470217173,0.12435347967918609,0.09312600908492258,0.11400697598255363,0.11717361290664483,0.09808063233451099,0.105899110378258,0.08951834290910993,0.13117875671391024,0.11587198129895077,0.10041226569411146,0.08692973973427942,0.13968583446728985,0.12303149315445303,0.1325219520667885,0.05661681647876494,0.09918063310942415,0.14115919044667039
Background_Noise,1,82,0.1262099412087743,0.05,0.1359564926625667,0.08,4.0,0.2,0.3,0.15,0.15,0.13552822652680135,0.13931533639567437,0.12345620947065913,0.12376014284441901,0.11406198942476194,0.13414373344453095,0.12429860278318207,0.09439008512790689,0.09340487234861762,0.0796110965888106,0.06723398238868206,0.12721181237846807,0.09686786940276879,0.08270903709597924,0.0784663456371082,0.12519687424937215,0.10478852422390275,0.12447305635298757,0.11991475324622937,0.09896939895344808,0.11139183960117209,0.0966392206098267,0.13468893827423123,0.10940528226811665,0.13341199631313613,0.06120804246387919,0.15025488017502964,0.12167982500092844,0.13093143858923473,0.12539017448923087,0.08065056247800821,0.12396415434428662,0.11889911986615093,0.14105881020412403,0.1122664341873717,0.07589270277414625
Background_Noise,1,83,0.11475112215255015,0.05,0.12899217648140215,0.08,4.0,0.2,0.3,0.15,0.15,0.12018293222300472,0.09592101309158381,0.07610626408721197,0.09644873394837818,0.06383054954446157,0.09262493961681972,0.12807624889688246,0.11765876775911614,0.09312520724865392,0.11654917065499105,0.11154045155815773,0.07899523105168818,0.11888064552756337,0.0931014235072167,0.1280177855734867,0.15190354137141895,0.12088275350717784,0.10955541298346132,0.09960418935334707,0.07525792716698812,0.11195179533070715,0.1021638434365749,0.14051721511702298,0.1384095287545827,0.10875347360531046,0.13302491854116155,0.1308589950807051,0.08875440310090382,0.07327508691601198,0.08108098697317048,0.10794959002148148,0.08983009745774981,0.128009591965791,0.09783810059788621,0.08767113557574001,0.11550786924510889
Background_Noise,1,84,0.11607125236461599,0.05,0.13992230475152614,0.08,4.0,0.2,0.3,0.15,0.15,0.10019178777909549,0.137562115074583,0.12653305393476022,0.13435265847082428,0.09440333037383812,0.08991119461987927,0.10197264980140414,0.11180037288833829,0.10964672197071966,0.09487426071257096,0.11051276728785729,0.056130473320189465,0.12112614530246872,0.1479413513288515,0.08701324154325313,0.10623230763376919,0.11903934904248728,0.10332442376681186,0.07487229225977647,0.0929433192797379,0.09103026131078577,0.13959330433572986,0.10770311648039284,0.11000679067628266,0.13505379805291431,0.12127794766455313,0.10693215746035052,0.12169571067085083,0.12029202797379925,0.08464931070616052,0.11783424388919643,0.12075741885956046,0.10899678595248166,0.12061963665912642,0.09286568051403685,0.12469164302181363
Background_Noise,1,85,0.11584072011122372,0.05,0.14834524522678386,0.08,4.0,0.2,0.3,0.15,0.15,0.12061667384690852,0.09817659816928682,0.08461065468569469,0.13514595353930722,0.09910993666806828,0.12122459143095539,0.10900473741875419,0.09348099966145153,0.08353137797813287,0.12759798648814577,0.08971150314836296,0.1045995698983841,0.11385579965809627,0.06863559495803144,0.08324315908217399,0.09745136734191369,0.10216435365943656,0.08561914747949216,0.1201696474355595,0.11675746919983665,0.1217975075363664,0.09062174986240042,0.133904201444744,0.08541969163523065,0.14327658399485593,0.09285253775056894,0.10878586064411697,0.10146775863615072,0.09815937299660314,0.09358350350613225,0.1517675087243259,0.11903238575707314,0.09153406315773184,0.1088977924975944,0.0961322189504216,0.09014299508335218
Background_Noise,1,86,0.14589403725788735,0.05,0.13816349367497818,0.08,4.0,0.2,0.3,0.15,0.15,0.06634750932870254,0.07409645235185579,0.11923113450716638,0.10797035183118972,0.11353879316645135,0.13694200461903921,0.10275496775137406,0.1258588423780768,0.09745891265857767,0.12179372150919728,0.09464863388873736,0.11625019669552118,0.10517190121489259,0.10536087247980667,0.10429468825325622,0.10004189237818266,0.11062088190286831,0.09579394607424903,0.1322613704994005,0.14653916200988057,0.1520177335537543,0.1375045440421562,0.08629986221941127,0.13410375852190187,0.10061183984705022,0.11002942087816048,0.0983098312317855,0.1038495539028009,0.10434982489422498,0.14145741887776564,0.13243400112024045,0.09866236766291854,0.11758258373421097,0.06874376266014269,0.1253098773953413,0.1140414004004394
Background_Noise,1,87,0.11830961556720161,0.05,0.16046598788352623,0.08,4.0,0.2,0.3,0.15,0.15,0.11359713855282491,0.08616748569894897,0.1314636218513113,0.10926214553836347,0.11419642058356627,0.13097236690794495,0.09164015571576467,0.11183093296024402,0.1160688123707578,0.11454846460156436,0.09648956440108529,0.13274663861572664,0.10140562051052832,0.09843693024939208,0.11065961451568268,0.13473845982475652,0.10449806740313894,0.12817315297765716,0.11461117309526322,0.12911469383644703,0.09970666899644676,0.12105596205031638,0.12559192380426631,0.12574455115784772,0.10048804390200644,0.13474751038653654,0.10655270383583482,0.10980038359736029,0.10714435247573158,0.09191949479019323,0.09033982071583566,0.11719411770968634,0.10803137904369704,0.13355443205811252,0.11305434579724999,0.12436717160786076
Background_Noise,1,88,0.10562965337473,0.05,0.150109429718806,0.08,4.0,0.2,0.3,0.15,0.15,0.11859524045641481,0.12157690507439997,0.12015941467163677,0.12420264884066017,0.1330104425471225,0.11776149385034777,0.12992318649742027,0.13071588618694324,0.09229600075816843,0.09218326138782006,0.12315163077562122,0.09328742239598309,0.12728851886987902,0.10445577053902573,0.11226196180614809,0.10846913957593254,0.11655952707417214,0.13526090335573612,0.1018971202227273,0.13459725978268525,0.07720192513850249,0.10733493369972692,0.13295980288381964,0.09428760733416097,0.09242296854971839,0.07863035344120049,0.06704775984087308,0.07097071719563754,0.09331591154827291,0.09359980679312863,0.10667979104531967,0.1265797107776651,0.1255443744609649,0.10215023758821402,0.08776667084447579,0.11779382713406407
Background_Noise,1,89,0.11172567173589415,0.05,0.15186763572784437,0.08,4.0,0.2,0.3,0.15,0.15,0.0879633219828596,0.10491663071401876,0.10942323759634207,0.12773722622844863,0.16379742236317707,0.09916105273413203,0.11680091411912202,0.11325755593905651,0.11103710255881312,0.09358763081062343,0.11419274371535446,0.09677905054646248,0.1152315279787316,0.11408852007752544,0.12892523412487802,0.09500609151705738,0.10370717334753954,0.13543742065953035,0.09539543377945614,0.10761177162923591,0.08835322250456827,0.11399960852882979,0.08512616305973489,0.10612711759289378,0.08782325204585387,0.08838248306784681,0.12857840880058988,0.1046304421421825,0.09838516163664356,0.12682777789110594,0.09612111518594692,0.12128766588058015,0.09638699165637579,0.12154769190316564,0.08359917798407487,0.09155815099453496
Background_Noise,1,90,0.11429319542208961,0.05,0.14155697746011567,0.08,4.0,0.2,0.3,0.15,0.15,0.12505998899186166,0.0756046869064118,0.10622817173216642,0.13634327105982394,0.0964941123264586,0.09271671582449204,0.11528032305774126,0.117614351156601,0.0923039635159706,0.09019814014175498,0.09977940409114025,0.13501816637230984,0.1053405428303212,0.1340897079774434,0.12633414510627056,0.14490704380752628,0.11666630567910144,0.07995226381627221,0.14011854785104794,0.11133941723943425,0.17214469559921008,0.11169940523238174,0.12968088950691045,0.12857752273364148,0.096507055535447,0.1106940185356903,0.13107541684387886,0.1256552797643828,0.07909594785544163,0.10657137677086352,0.11821957565567498,0.10670338128353264,0.08940925198998032,0.11616646260542517,0.1171125769516092,0.1318073025255215
Background_Noise,1,91,0.11406484993544529,0.05,0.1586902256420269,0.08,4.0,0.2,0.3,0.15,0.15,0.12787511101108467,0.07870200772307441,0.07912421437758901,0.10207685589127474,0.12184638647909339,0.11819798730594414,0.1505573092937075,0.12354332756981969,0.09602318349750132,0.11852044836181605,0.12120326809939595,0.1322381823797475,0.10952922511390745,0.09503702546368395,0.11568519474686999,0.09255056266859203,0.10591224549050067,0.1015914945242803,0.11735752004955238,0.12402711466881758,0.14292915286593197,0.1199481964961677,0.11965332048593097,0.09961951400209403,0.09913424814726296,0.12971898589455091,0.10594361713389491,0.09722128043651942,0.055851241797361055,0.13169664236406625,0.09118181794015652,0.11286772606493754,0.12240753544215491,0.11920990129268179,0.12240922367154108,0.09004579362476034
Background_Noise,1,92,0.1434055044772351,0.05,0.16122680876287004,0.08,4.0,0.2,0.3,0.15,0.15,0.10666011547958498,0.1080357483931085,0.07604087087425174,0.05574917324841566,0.0952038510551533,0.09743213599955246,0.09892018950963907,0.1180477842088992,0.11828625804711262,0.07487722341872974,0.14926405617037095,0.10503348661984498,0.1256861178556328,0.10866862281889621,0.08401839717191181,0.11371146907229382,0.09873271019630013,0.1313964244822854,0.11728713437564926,0.10741340564756552,0.08198504664886434,0.14017751170535925,0.09308951005109445,0.1298084964137688,0.16845631920733833,0.11883582566908554,0.15859122361344186,0.15269362799052477,0.1260162685299729,0.11443528616012023,0.10232172044747129,0.12098492914498234,0.1213249391678567,0.12853317533264402,0.11023450952126629,0.11189235385321138
Background_Noise,1,93,0.10804006898722722,0.05,0.16690793167931706,0.08,4.0,0.2,0.3,0.15,0.15,0.11049479050750545,0.14235896081419697,0.11398584858791017,0.0888291073769719,0.1276999457415737,0.1186356366618291,0.08949633896148237,0.10250234567055004,0.10490672078582691,0.12699588621095295,0.11285487171210118,0.13905972207978096,0.11601905253101887,0.1173929377170646,0.154321827665622,0.13513781174080833,0.11682304946440343,0.09922410451552083,0.07378160530217368,0.10831589534480902,0.12245305384764908,0.16577295767859848,0.11342615605399341,0.13228107213428036,0.14994913003490218,0.10949134339178894,0.08938604344551876,0.10811240637065865,0.06686438963468071,0.09587661357079824,0.11265680398439046,0.09647392180214097,0.10682147849004008,0.12855809962022058,0.13454113212017332,0.12392707414689089
Background_Noise,1,94,0.11328077564348565,0.05,0.16455760094626887,0.08,4.0,0.2,0.3,0.15,0.15,0.12674031933380753,0.10662271123237436,0.13534892511875585,0.13558410713550947,0.10842489308601502,0.12399528479316538,0.10695238999953441,0.0942279837408416,0.11044867146721637,0.10584844537528822,0.14724792851966637,0.12095188788940323,0.09304686745456281,0.11370001885069268,0.12771495084210496,0.07873449370615819,0.10303220410215812,0.11106824387495036,0.07784947433868881,0.09436055977932423,0.047058111040307216,0.14390386784653222,0.0791011076377125,0.11907139115580445,0.09566414985299045,0.13049418869660392,0.08678550926727086,0.12619621088844213,0.11197539089643047,0.11464177813871934,0.11297654929769223,0.11048276518370154,0.12793526605504368,0.09831753322246163,0.07282536043194499,0.1192185132215129
Background_Noise,1,95,0.1225639802180879,0.05,0.142896141326931,0.08,4.0,0.2,0.3,0.15,0.15,0.07815876275735376,0.12353954542621232,0.10958432583975129,0.09513553681717067,0.104059287253611,0.08187002254333554,0.13537734326297804,0.11218527004518974,0.1165902558816424,0.09411517286189738,0.10000713464090899,0.082965677521098,0.10676135471070489,0.08760545537264348,0.09218910799326613,0.11057726793814088,0.11584059090270545,0.08611142431463997,0.14196866031726438,0.05942410681244926,0.10685195412120214,0.09272171456722322,0.11024774575320179,0.09954707033609154,0.11321746039612647,0.08908524544937892,0.10850127279560387,0.12649898647243435,0.14369758561921098,0.11797225821378864,0.13755262574562355,0.07761656716669565,0.14306931797692027,0.1011292134419088,0.13033160206035216,0.13388594507739318
Background_Noise,1,96,0.10814185760040519,0.05,0.1358233855735035,0.08,4.0,0.2,0.3,0.15,0.15,0.1051323189935039,0.11198130890773676,0.1136218219543615,0.11002743705963876,0.0459144834254856,0.1193147210228346,0.06489119628921491,0.12338001044761088,0.13151406747509087,0.11407250850411574,0.1261506216396786,0.12819699347090915,0.09965589444912736,0.08144425776111504,0.11227999488213053,0.10556838586297694,0.09714825419382554,0.11385765150626387,0.1184185706562713,0.09656098329601077,0.10288442474704598,0.1113971633618127,0.05731154038234555,0.10506318617441303,0.1284161646276023,0.08775829801596523,0.10817599282031772,0.08309408692097947,0.12119201797635756,0.0940019409031187,0.0829781794776055,0.11858758209811458,0.10062870039988966,0.10855586183699646,0.13042907014628546,0.10156867336697618
Background_Noise,1,97,0.14237929312921022,0.05,0.16179910404424863,0.08,4.0,0.2,0.3,0.15,0.15,0.1513697812748383,0.13326890930516205,0.1358310949669684,0.08893116494511372,0.12798305281536088,0.09429617402634516,0.09695403690249746,0.1397237763435378,0.09170856128461227,0.10248091519125986,0.133793984545317,0.07752659834816972,0.10003794903355576,0.12990996176065556,0.11290745625166541,0.12424179444202137,0.11999137114749181,0.08931077281775641,0.1125596441585986,0.09490647912112304,0.10897026033304286,0.07744765907713524,0.0763570161258243,0.11175078800113657,0.11391424775711717,0.1145492317459269,0.12677908349356268,0.12065862638673029,0.12542702312575602,0.1272032703489943,0.09274520030758918,0.13326847153053376,0.0899566717326529,0.12272116729736304,0.10380177769028467,0.11917618557886503
Background_Noise,1,98,0.10790587520289904,0.05,0.14830079309979563,0.08,4.0,0.2,0.3,0.15,0.15,0.10854867218036052,0.12039273085596769,0.08080241554101106,0.08463578509654629,0.10521371663690621,0.11149806082529368,0.07523412814939273,0.12012998447786202,0.12321647815549087,0.12928299905901966,0.13550322183714025,0.09698622240990219,0.12204216222248299,0.09985004076393832,0.10128630951111818,0.1300976084108921,0.1448205501449783,0.112310079093662,0.11129825683223514,0.10250211579747526,0.1196339191218747,0.09013434069655314,0.11267182127955783,0.11323192169958898,0.13024191472078797,0.11109232806872613,0.10113820322490993,0.07939165963533602,0.11391864962850877,0.1220111401713426,0.08289689814680602,0.10975892985712085,0.10935451920196002,0.11301233482236357,0.10753892864778822,0.11477287333406219
Background_Noise,1,99,0.13424719251873626,0.05,0.18661534195319107,0.08,4.0,0.2,0.3,0.15,0.15,0.15079451571175637,0.12255203955988014,0.12155914079575693,0.09744754210055331,0.11000393767132273,0.11275301967442605,0.11663085919917604,0.1274228527385753,0.12343260992611914,0.12018863136039482,0.15597635006025057,0.08896875960472826,0.13588146955705915,0.133167107332039,0.08039663187610434,0.13914191972125833,0.12517810314220515,0.165705943862822,0.08827169602243494,0.14666034242062026,0.09694350720513367,0.08830602054526518,0.0859565703558395,0.1110776215702736,0.10661743118377627,0.11628998151866604,0.09682706091883239,0.13678795945799516,0.1402214052493974,0.13379626615623286,0.10233343413238039,0.09756029675537502,0.1187248079584695,0.10975478521991568,0.14757782425830043,0.1267664962351173
Background_Noise,1,100,0.13497121525326147,0.05,0.1122515848836885,0.08,4.0,0.2,0.3,0.15,0.15,0.09717019489938536,0.12482821142345953,0.08842995674350505,0.11405753228030645,0.09699905819378093,0.08185971938515048,0.1255462691499924,0.12854197705774054,0.10684420257836215,0.10943326640913051,0.08378847185712401,0.06613691672695195,0.09358109246330144,0.1272129282253855,0.08732031243932334,0.14366769232893403,0.12733424331058502,0.10316674866495355,0.06853045788222263,0.13614164100277645,0.10680801364944077,0.09939476115219906,0.09005078602346842,0.09799897907913686,0.10918813195969165,0.11617042215872485,0.10294429122858051,0.12859095682991922,0.08951645246872904,0.12802699660595462,0.11158161567179233,0.12335635766452652,0.10792436302726978,0.11403466375214152,0.12503045911151006,0.09848388071146645
Background_Noise,1,101,0.13359680812637503,0.05,0.14442292082854039,0.08,4.0,0.2,0.3,0.15,0.15,0.10661044946770142,0.1247859209683334,0.13465898264300138,0.09635676131945659,0.07941084216233803,0.14295154022658657,0.11861180208963241,0.12001190410489565,0.1346603725343052,0.10541735536316678,0.09536607994505349,0.11895313161679359,0.08692462078857174,0.07194794454500955,0.11733871062068195,0.13322001516982615,0.09902456567457853,0.096474558891468,0.11637640261909035,0.12305878548710052,0.09994418038580205,0.12290852927859199,0.1069891774254012,0.1286945925621022,0.10586328701671775,0.08875456744912372,0.09179671983197794,0.12499491387200412,0.0736652011413299,0.12974664619972873,0.11490842407264971,0.09984505597637323,0.11436947586271048,0.12291535242410687,0.08659700316589558,0.13324662019922962
Background_Noise,1,102,0.10390272265090097,0.05,0.11505321774715241,0.08,4.0,0.2,0.3,0.15,0.15,0.12280825002356834,0.12528865290871288,0.11775411217492558,0.12548787017813579,0.13509690142283012,0.12431027990068208,0.10148155574478941,0.144768899206012,0.11351951685175346,0.099580458435682,0.10905959609942553,0.11958223560435695,0.10493795187214264,0.12152049145056304,0.07406537763017007,0.08911688206976022,0.0684484847903051,0.10205495846817847,0.10910929079317477,0.1238194295486402,0.10516065041969525,0.12929297212224697,0.10637861376603724,0.10076589268315943,0.09664389997167391,0.10442936430026656,0.10563258597515382,0.14499268418031158,0.1124537300864319,0.1110870747365381,0.12019598710906135,0.10158977839559333,0.1110702630482123,0.1184428025503649,0.08410566016208126,0.09053803048070322
Background_Noise,1,103,0.12197535320970161,0.05,0.15248195992008043,0.08,4.0,0.2,0.3,0.15,0.15,0.10063095565604574,0.10526063192238921,0.08822259383250748,0.11964618995537847,0.11987905972679953,0.07821015827994271,0.08630333483318936,0.11604087094609808,0.12069140776443159,0.09719333374988094,0.1289589033654122,0.11458348193098952,0.11309176233890064,0.09643236916367068,0.09825388897859205,0.1278342991034624,0.13094785762928196,0.11894584399272769,0.10888335803191629,0.14078510751403814,0.1265683882373439,0.09711086418652777,0.12559532603068413,0.11839263453285906,0.1111564129677979,0.12518179538512184,0.10714948637562162,0.09230249761198586,0.1341987002726693,0.11247065889837604,0.1141426363801844,0.12913976363154595,0.0918649065276961,0.11252187436048748,0.09161705528452503,0.10283200331828458
Background_Noise,1,104,0.13168238721634432,0.05,0.14443355936531652,0.08,4.0,0.2,0.3,0.15,0.15,0.08767754605149271,0.09023793641561943,0.10576786490779964,0.0864580976786471,0.09814393528098024,0.06871614012602739,0.1339815725299186,0.09918518807762283,0.12376867852168476,0.12598524958888782,0.12318639913204014,0.10495726048238453,0.12121301160308595,0.12806513650108686,0.08217687471787755,0.1219071525899737,0.13260039300619536,0.12581635495890933,0.1689091952844332,0.14774608125685446,0.11002972469677777,0.10436208248667474,0.08543571242381984,0.13739404706688038,0.09587832474070698,0.09304953806934609,0.1229794298437928,0.0954534914887309,0.059446913532603084,0.05734509212250043,0.12007441548364786,0.09519780549273467,0.0906587878689144,0.11164875326277884,0.11320819507987338,0.09941568725984457
Background_Noise,1,105,0.11965265764109045,0.05,0.1775874872960426,0.08,4.0,0.2,0.3,0.15,0.15,0.10473569926894524,0.11189645623353622,0.1245052141517135,0.13215307769093973,0.15524584259208177,0.15291982030698487,0.1244437420918062,0.13820653031342225,0.12354808464602991,0.1208889960132487,0.10049581555049655,0.0855559688107111,0.1028596331783904,0.08704798453506701,0.12675771809585415,0.11814057671781862,0.14719065577057655,0.10042431484439492,0.12837561657425706,0.09941705519748976,0.077103966829266,0.09006299803585192,0.11739140050636343,0.11886239911536257,0.07632466436456847,0.09530634187059074,0.12034261010574243,0.08082808163074386,0.08806527586731899,0.09362385944124993,0.09221583829090106,0.08928360276054455,0.11496517842422718,0.1086469197339861,0.09493309802090197,0.0948442860156366
Background_Noise,1,106,0.12207545529767908,0.05,0.1511488579902485,0.08,4.0,0.2,0.3,0.15,0.15,0.1201928744844265,0.14231307860496262,0.09284815265615542,0.12963202001187843,0.07601002883618731,0.10573022090989136,0.12909316477997532,0.07629783161130844,0.12096361662018879,0.12654731326582844,0.11215900343951136,0.13484177632472,0.10308395413909112,0.14550242001841313,0.1014707298766212,0.0991295046652688,0.1383135327144579,0.1288092924381719,0.0967997359043846,0.11396871453942421,0.1177439523442726,0.13502725206797817,0.14503384984861228,0.11395327087248364,0.1147164278244484,0.13879646654669653,0.07745196267722053,0.13584997926839998,0.11326058053412667,0.10853719294298178,0.10770262927889201,0.06706039038413056,0.12228300607132539,0.1357702054782273,0.1316753100187552,0.15272583880857493
Background_Noise,1,107,0.1327135646911151,0.05,0.1257204323208941,0.08,4.0,0.2,0.3,0.15,0.15,0.0863701395403951,0.11094469932109464,0.11920724009776466,0.1018240665801494,0.10745945932488696,0.13609025930167834,0.06787076187962866,0.10588046635973981,0.08861197700202633,0.10977043206262337,0.09020226324438267,0.10966373282360695,0.15495385852636007,0.08951880339044146,0.14641863727521082,0.13515899350991042,0.080093452180004,0.07620927979104307,0.13342526064472365,0.10080826390075098,0.11056175967766907,0.12318580560438663,0.08937052173573133,0.09945561857445669,0.08723617596543695,0.1474686366565263,0.09718181444721778,0.11132412127706005,0.11783504234560295,0.1367500828094409,0.09311254135159724,0.10512627364129093,0.09480114240220237,0.14075220200079627,0.13173105533864254,0.0971387407692038
Background_Noise,1,108,0.10864704614144666,0.05,0.1558298043519991,0.08,4.0,0.2,0.3,0.15,0.15,0.11357767046315595,0.08974772619147017,0.11156923187981328,0.1193961677275841,0.08047021484597605,0.10294198992053112,0.12996700944693104,0.09605584050749914,0.10068884719611072,0.10523649561999252,0.10384942669204553,0.11488716448702056,0.12131741884346448,0.0681490544745649,0.12028233819810295,0.13573068701993599,0.08805691398938419,0.08658004140899628,0.1469283045473545,0.15809942629792842,0.09475725398868692,0.10293184893134233,0.08836411987108247,0.12052805805807089,0.08065691387006788,0.08427338073697091,0.13289907944743853,0.11620503984729463,0.0832994971072289,0.09142168996844917,0.09208782398992854,0.11610450321413388,0.12189023669093495,0.07892868277533809,0.10700458520236808,0.07423426216659895
Background_Noise,1,109,0.13282122352386613,0.05,0.17763344250435936,0.08,4.0,0.2,0.3,0.15,0.15,0.10201961547657301,0.12483123860293825,0.12470542141911882,0.11664225444033934,0.09774837521242256,0.12868265670248846,0.1016020719930855,0.11592856148062017,0.10128927243696206,0.1153065727976968,0.14872014124971902,0.10895929462442627,0.07425646624890439,0.12673537678199087,0.13988942954625397,0.10714114185771041,0.07327357457868847,0.14727144916032064,0.11686100987045339,0.1065232642309036,0.08679208682937876,0.09930341282067796,0.10486157190501744,0.1422532050667064,0.09238383618015493,0.16499143151898285,0.0985272768651878,0.11813687130373082,0.13674289040483598,0.08495491595141745,0.08905301983315525,0.0941899520267171,0.13104504800005368,0.09318079690826594,0.12218510819928638,0.10858365085557524
Background_Noise,1,110,0.12180002312899463,0.05,0.14392255388685318,0.08,4.0,0.2,0.3,0.15,0.15,0.13008792791055904,0.11330535064169867,0.10612413919355866,0.13324413411004393,0.10671918531932001,0.1406939483695969,0.07318434932658277,0.10069372250813248,0.1057967082333523,0.10715239340776796,0.12868129168336295,0.09182621352691356,0.12685025602773062,0.13402858380465582,0.12468973652490577,0.14737972328381738,0.08103075246672961,0.12181118748333424,0.12806644256362593,0.12351099439580379,0.07697498968954494,0.12562959740462898,0.10878242322728648,0.07966488915407888,0.11211254753287368,0.10088193233125005,0.12660992989601694,0.09617274691760969,0.09069902530806968,0.11177164749254338,0.1526243041537822,0.1261166029599256,0.09808494614191812,0.09830957566540624,0.1327910333081953,0.12189541541996918
Background_Noise,1,111,0.11612380381545111,0.05,0.15242495893924732,0.08,4.0,0.2,0.3,0.15,0.15,0.10873437336940803,0.10457506117867045,0.10654039660515485,0.09172968894391065,0.11928178488521006,0.12231971217507329,0.09731091532280813,0.10840100400019576,0.10681329151274431,0.14150325196244548,0.1154688950251961,0.09569029561572223,0.1127503893964673,0.08394450674577258,0.13581867954339807,0.06641293666357248,0.12183447097164143,0.11869931261548992,0.1241201581450522,0.11885862614467402,0.13841767510850714,0.08552103393001735,0.0984361306570982,0.12130813248671146,0.11295805075405728,0.10420612889866648,0.12786838993816318,0.12018958577231481,0.11647138456324468,0.12669123216326897,0.07969124063075356,0.09254137914726798,0.11145147875743508,0.10863403704133391,0.08603909925461123,0.0901489163991212
Background_Noise,1,112,0.11240963715591445,0.05,0.1226998729417029,0.08,4.0,0.2,0.3,0.15,0.15,0.12756080928535682,0.13215525467539263,0.06199363093341974,0.10467386989858589,0.09608027359325469,0.05705512393364856,0.15858277768244294,0.09389449700580216,0.084674739172213,0.13256508487185487,0.13560045847449992,0.09854142868319406,0.0835308019637693,0.13068348042459044,0.07943496679673638,0.09309226968040013,0.10332025844499275,0.09660064621472463,0.12225983276851238,0.0624990493335736,0.12327381868323849,0.10007449613656848,0.07857502575662795,0.09885607941163221,0.06576846522849114,0.10953577508343414,0.10813801730867215,0.11199337759974574,0.1343946831252066,0.0958210301812548,0.11114361581556928,0.12518768797973265,0.08929912320307637,0.1311169064317266,0.11695578446455922,0.1347212536567173
Background_Noise,1,113,0.10841110282979899,0.05,0.17289101313302008,0.08,4.0,0.2,0.3,0.15,0.15,0.13331489105213942,0.0989421631395282,0.14025796558638964,0.10945194993150403,0.10273525031220689,0.09222086369796362,0.09629885587475481,0.12066395852115347,0.11432035950367546,0.06232602730227214,0.06958018755885312,0.1598139058876235,0.10582374628849384,0.08723015468584708,0.11868369212734951,0.12746385413561934,0.10266833285924552,0.06434031512623026,0.10743363347441486,0.0948091665924903,0.14350579990648185,0.10268401906768347,0.08636359710978794,0.07981113423357993,0.08842125297434672,0.09303597433591228,0.13384862644454884,0.12802209172501308,0.10034378847602951,0.10623660471257945,0.06852991294907089,0.05901015974560769,0.1131080819490131,0.11410072901235387,0.1479857919992501,0.1344830693103366
Background_Noise,1,114,0.10617796427488453,0.05,0.133342711697658,0.08,4.0,0.2,0.3,0.15,0.15,0.10093602612587334,0.10527821252368907,0.14040918797507468,0.1409405877545534,0.1132979992929827,0.10873519545359636,0.10237478313331926,0.11374185940006963,0.09994402500453722,0.10047198566268344,0.12130666349570736,0.12492998928328586,0.09402823456566209,0.11001836016020683,0.09775654877336606,0.0883593362579709,0.09687223969034604,0.1508559863494019,0.12102485921817932,0.1121857676402638,0.06175866940596296,0.08373182943239067,0.1034335763109072,0.12710078112008596,0.1369527374442908,0.07052588471049033,0.07716548725127548,0.11975867154655877,0.09138018586662368,0.13543002105147783,0.13441500011596358,0.09975138701161823,0.12195284217772041,0.13411868425789714,0.105850974280347,0.11232409005283216
Background_Noise,1,115,0.12166723442495381,0.05,0.13912687010826819,0.08,4.0,0.2,0.3,0.15,0.15,0.09244382433616884,0.12304461135637176,0.13210157129023184,0.0930522920874333,0.13086929064808744,0.11828307613070611,0.10011566922631554,0.11399424189242305,0.08905552562278207,0.11629957915379899,0.12194498371839461,0.131871147554217,0.12866910126466252,0.09961641429693799,0.10259915274398217,0.10224363220425411,0.14533554619310513,0.10080155223970513,0.08872933528926763,0.10671471590987362,0.1592349532379826,0.11318512815851087,0.10038939052381886,0.10669856417911874,0.07886130234497984,0.119549553883397,0.07613956033657979,0.08496938269838211,0.12068407960251258,0.11521114438645583,0.10252275808658584,0.12018032474201151,0.10421194620336419,0.12021883927762836,0.10934990348961561,0.09704054485076803
Background_Noise,1,116,0.11904714046365429,0.05,0.1603543367007126,0.08,4.0,0.2,0.3,0.15,0.15,0.07778423796132564,0.1025962698327138,0.10831372849989584,0.11795113076629364,0.0885652169672645,0.12170981706907208,0.13707393512320443,0.11147289184516064,0.11864435517224851,0.11572594323903801,0.12981331467044396,0.0725739310094727,0.1272872089102815,0.11446316088031416,0.11312372650043373,0.09291853623737581,0.1393807597270481,0.11782392344249673,0.1283505112412524,0.09257975372757268,0.12061810254354757,0.1272133989634579,0.14848633930567934,0.12627617923299134,0.12914007698064875,0.13013108011811056,0.13765877425170386,0.11935782903421582,0.1404135678435396,0.11688418143456503,0.10857600400072,0.10773193496067679,0.11126323637757879,0.10857256928076071,0.10788448941294769,0.10639278990763285
Background_Noise,1,117,0.1189209312371593,0.05,0.17546734216690257,0.08,4.0,0.2,0.3,0.15,0.15,0.138199889802923,0.097241998481848,0.08453778354145652,0.10611367572184381,0.11163868778749572,0.08248223640571775,0.10191101723718674,0.11393528258465452,0.10350271846304564,0.09922502365962821,0.0733092361491221,0.11378082855740165,0.13490174579233702,0.12781323108601766,0.07999108594575768,0.08111781079715513,0.10848698582961923,0.09794814411401037,0.0995014845718498,0.13966765738154555,0.07431912638222318,0.08400246352713539,0.10575313937220913,0.09730207973458142,0.10099997698187387,0.10632647370137803,0.08621013657892028,0.07829644278497354,0.09492545717220673,0.10826493516895919,0.1152248843336432,0.12288211375904076,0.08971017997578878,0.11021704503173704,0.08635617592681905,0.07714392367289664
Background_Noise,1,118,0.10806486601052079,0.05,0.12219426374210299,0.08,4.0,0.2,0.3,0.15,0.15,0.13793159462478766,0.061506600173758606,0.11531528574509652,0.115705852542162,0.12659718627359087,0.0899171322153528,0.11153865121318837,0.1121750927135517,0.1388915965098405,0.12350502191347044,0.17893307064011155,0.11038279193808187,0.10985832661353492,0.12250233241950681,0.15544172596729594,0.114799518412686,0.11872701420852201,0.08142328853151215,0.10980066877593887,0.11186030195502986,0.1587671097132986,0.1583702922227489,0.14387472350772607,0.1068607784176868,0.11686401251804193,0.12169905541106893,0.14848763210555738,0.09606208367386086,0.08824371851354736,0.09962445219360558,0.12737763148499276,0.07439855813573182,0.1007298267706497,0.11686473731697299,0.09360727837251821,0.08322935039192801
Background_Noise,1,119,0.13119879187332847,0.05,0.17481708293928244,0.08,4.0,0.2,0.3,0.15,0.15,0.09413483154172632,0.1514893910085953,0.06520362770727003,0.14532232467971165,0.11857023235315867,0.09722435306710446,0.07028678522275911,0.07622033935307101,0.11571265238480373,0.11651368658285487,0.09641198176650145,0.124511000148072,0.06423667774837513,0.09135493348236833,0.1402379264176989,0.09808827053709265,0.1108340907129014,0.11842546955589352,0.0918358347153668,0.14005501373727455,0.10537548672489633,0.08938209350681733,0.09203039517006995,0.12559932308347896,0.1340726024063501,0.15431794728438383,0.10089761027058211,0.09637134148101781,0.11448938087438747,0.10362073751853258,0.10082550956676134,0.12931652648159436,0.09290488607191412,0.11468933667187065,0.10947187501793307,0.0998314305160372
Background_Noise,1,120,0.12366457480245496,0.05,0.15545263398209122,0.08,4.0,0.2,0.3,0.15,0.15,0.12077167290621754,0.11116796605847568,0.12384343158187708,0.10031404382165096,0.13347100146543234,0.12366905837828703,0.11251772157666119,0.0927139577970191,0.08755966993421296,0.11348031430303107,0.08407758507768115,0.08209375643503304,0.09645771150986757,0.09702802511119651,0.12665618122962785,0.09914668460670724,0.10306977136978936,0.07827205955106968,0.12183358311705798,0.08387538094616581,0.10255011791806602,0.1334205431523667,0.08417832743098862,0.12722841424980277,0.13282699825401584,0.11781985776290625,0.09690054856097938,0.10403347570471616,0.12103950579800647,0.1354426113293433,0.1025021912099317,0.15715669752931954,0.10323834924126986,0.09029487026534862,0.12518432424655856,0.11179181454881144
Background_Noise,1,121,0.1179595682123085,0.05,0.17376597954115391,0.08,4.0,0.2,0.3,0.15,0.15,0.10293269404454923,0.12461909777586451,0.09714891010105015,0.1047249708828284,0.087364043155918,0.13824352214730876,0.1481785581443349,0.09182279736280273,0.13203740986882226,0.10856270931190004,0.1040974113782287,0.10271329543232023,0.09287293243087175,0.11774067765859986,0.13923740129150242,0.1263869115121645,0.1020125358524483,0.10705156387584541,0.06962331932885388,0.11477329062458158,0.10631288856132967,0.13459090154388914,0.09927115645027505,0.1446266624716382,0.09151208518539011,0.08527827647435561,0.10347909600819641,0.12802847067032164,0.11785654269577395,0.11022424920264434,0.13896774057290318,0.11755555581769733,0.1273891546767802,0.13453551644571218,0.10931748257355257,0.10166268823858672
Background_Noise,1,122,0.1387104995756423,0.05,0.16430457106178437,0.08,4.0,0.2,0.3,0.15,0.15,0.08032668933948178,0.058209954650838336,0.11706511410946863,0.10280384226002837,0.1085796186368743,0.12293438301395321,0.11411425878663521,0.1251452759254496,0.10573429864902797,0.06093907547176191,0.11024445572071354,0.12958594911377816,0.0944023642362593,0.12244693665110272,0.11175612428775437,0.09012816283776165,0.14727143541575877,0.0759407214449454,0.1062208901154725,0.1432473259868883,0.12841928108754083,0.11414143235494446,0.10717997472790847,0.1374496362338874,0.09726069382554492,0.11486921313039695,0.12233804657690585,0.07962772832369557,0.10716492721100243,0.10235857961716724,0.1250128509500541,0.12548179256926942,0.10781692962579874,0.12118891735019541,0.08027241269329585,0.11281349821588918
Background_Noise,1,123,0.11608174708341883,0.05,0.15338591826160755,0.08,4.0,0.2,0.3,0.15,0.15,0.11650068007824725,0.09434153536601503,0.13415388330423106,0.14894932872174163,0.09728716162828856,0.12995439538181028,0.0777955909533474,0.07911316483456395,0.1300929127333187,0.1182475318069541,0.11673931034034536,0.12574558666766436,0.10704969660893801,0.09783677783064632,0.09077663420222065,0.08060889671678242,0.09325582513355118,0.10778733434242369,0.117028078503206,0.12247953743812218,0.09518776393017371,0.08711496184988307,0.08705444187436949,0.12101904882374959,0.10143898905699456,0.11541949290367186,0.12611564038292475,0.09930420011404086,0.0959512767145539,0.11671970267615729,0.0854665045102473,0.09421436243820802,0.13857050077534935,0.12442057234282915,0.09897859803424372,0.12266897506572144
Background_Noise,1,124,0.13171562148254898,0.05,0.1523130839719982,0.08,4.0,0.2,0.3,0.15,0.15,0.0967735532808389,0.14247239572497056,0.12046181563089822,0.14278218068220078,0.12484898262865592,0.12539134697610457,0.11568109529164139,0.11323454839651995,0.11111671432663642,0.0849281501708944,0.11068723392564209,0.10503209879394146,0.12441500627600989,0.12953984565339227,0.12256671239040436,0.10681926498205611,0.10851432968515956,0.08632739211249606,0.09400287611212627,0.09943072786979265,0.08379263662031573,0.12281751799836728,0.10514355970910208,0.11821200266150016,0.10878577850350099,0.10808346385395251,0.13687784414087828,0.09848089494039255,0.1458962366647784,0.09630051485165848,0.1065307503533441,0.09881894698165139,0.12514838355705668,0.08869584526319958,0.1300314857778426,0.09734982688939406
Background_Noise,1,125,0.11382439991694782,0.05,0.1560069036851382,0.08,4.0,0.2,0.3,0.15,0.15,0.114674658136047,0.10124359470420997,0.056906479580763426,0.10339579322067519,0.0938136794799016,0.1468456749729985,0.098772119646267,0.13832641217645097,0.11329632800869274,0.11392937647347617,0.11959756868581253,0.0919526176933138,0.10042913024726728,0.06877235841941867,0.1007418872049367,0.11302521819109325,0.09427040740018336,0.09197584880863346,0.07372747041558592,0.0769735868392141,0.0776960519523111,0.11240086500150703,0.12985000447416303,0.09139762912294595,0.11799838595373668,0.12976908498722262,0.07351118347622605,0.12430303842301355,0.13026144800772613,0.09732327307925653,0.10824114596755305,0.12169809098577973,0.1001094620418495,0.12652796660068727,0.1456514629364002,0.14778975602821384
Background_Noise,1,126,0.11395976833956775,0.05,0.1448668861768701,0.08,4.0,0.2,0.3,0.15,0.15,0.1049001341783746,0.09714621704062013,0.1298000182210896,0.11730179175640604,0.11825686230512548,0.14659386861985305,0.09132363732121884,0.13973024726373423,0.13689929448378793,0.1621824518418004,0.12174036141000563,0.12461924095837644,0.09616336630222908,0.10773121968727362,0.12165917152476101,0.10739506703954804,0.12288309903727092,0.09574291007851315,0.08924359845848287,0.11560394360115557,0.13804049650897868,0.09646657890721502,0.10021926300739324,0.12803968123986023,0.06993233225156681,0.10398716750379805,0.11792063366005233,0.09373550520980115,0.10699744057113973,0.11995669563327771,0.11369019283079279,0.10676892115714162,0.0931188244823466,0.1322877428227272,0.1262197523350026,0.11660906528328327
Background_Noise,1,127,0.13405460789829216,0.05,0.1563015837567277,0.08,4.0,0.2,0.3,0.15,0.15,0.12252452718798448,0.11413109327080087,0.12158587109250828,0.12378825357006189,0.10963625905028714,0.14782472365139798,0.10399490035183534,0.1100246934658362,0.08483084383434616,0.09331084160962304,0.07430806306911038,0.1178113438812904,0.11938563335332616,0.1007402176180984,0.1116179143644647,0.10636098609843918,0.09853375584669394,0.0977719679402144,0.08663779659889397,0.1296684074912619,0.09016599278379318,0.13073538045066263,0.07008290569790529,0.08852714900096584,0.12754621515368786,0.10436176139955458,0.11210779951589159,0.10577781118466123,0.1119915881010831,0.0600662355786512,0.10785519952096763,0.14118206442259373,0.09615731642583597,0.09541810096536463,0.09550930485064257,0.07592863942173152
Background_Noise,1,128,0.12507980244472092,0.05,0.16525950571206313,0.08,4.0,0.2,0.3,0.15,0.15,0.10586926719996723,0.09314141213657924,0.13162299979365627,0.09449482475151233,0.09183336308639461,0.13064229382807693,0.12170314316833591,0.1026556440261574,0.11270425527114207,0.11624581554322454,0.09212684737217014,0.1097198868841661,0.11824646608223487,0.12072362564029857,0.08563167783262673,0.11658904797032944,0.0831115653193994,0.08934927045860572,0.1318073106981567,0.11624282782271628,0.11152214744242282,0.12536288440078666,0.15320832337406193,0.0936849318135121,0.13468232117077164,0.11352825355727295,0.07788792958266161,0.12552407062101248,0.14318933018595809,0.10367798225691469,0.12322197349696451,0.12296879606877131,0.10359580929014449,0.11143883945896127,0.09579769376979062,0.14422054008525664
Background_Noise,1,129,0.11267265189694137,0.05,0.09586849162598089,0.08,4.0,0.2,0.3,0.15,0.15,0.14309150660326514,0.1282651176679916,0.12442130685339262,0.09516020594269664,0.09784459440677552,0.10536133194209797,0.114380299820404,0.11250260186640185,0.08871541534580091,0.10418431162618606,0.10675610680206922,0.10736405913430958,0.12575290188835886,0.1392795293086402,0.12382659870741863,0.09984555081804197,0.09377577001154312,0.06594182452556148,0.10151483620008853,0.10755754819754532,0.10956412287905039,0.07786438349902779,0.09205954590782438,0.09022323090868613,0.12097940440598315,0.05709537128691197,0.13923786642375724,0.12398793882469901,0.12963467981539784,0.1144368870288486,0.13537918010814548,0.08321232064592937,0.10581110736037226,0.11858711789115964,0.11560166399081931,0.08159852267177346
Background_Noise,1,130,0.11268022493260875,0.05,0.18251157354972647,0.08,4.0,0.2,0.3,0.15,0.15,0.09568790025859225,0.0979225299408393,0.10739726178015431,0.1089510254736852,0.13213251607730708,0.10540000086131263,0.09866375613620335,0.12073428238978641,0.13748945782596841,0.10403016217181563,0.11886321484763283,0.10866535545535101,0.11789048260094498,0.13447718848646367,0.09083692274640731,0.09119785873257859,0.09624765746257874,0.10667284247895649,0.11156143736633846,0.10426625205763287,0.11635006650322048,0.1341082357373928,0.12750760839458147,0.06361624886950737,0.09733221128907008,0.08291507862864882,0.09994145202074148,0.10265403495077903,0.1085106244278255,0.12261051128477912,0.16756270935499157,0.12420786827177946,0.08334836886666898,0.10916828922843855,0.10913054750968772,0.09310291313615729
Background_Noise,1,131,0.13067121899266776,0.05,0.16453863402516627,0.08,4.0,0.2,0.3,0.15,0.15,0.07036757957959314,0.10577516406484704,0.0930603168068942,0.12228027336304317,0.07632739438000571,0.13540531428110064,0.1034323115916768,0.07936031070975194,0.16570361445208512,0.11779562335055697,0.12195254523136875,0.09658254270494517,0.11810964253884079,0.0983983405162303,0.07592302360294095,0.11412258917988705,0.10582164431360624,0.1144804346218726,0.0987979810429243,0.126006799377622,0.08923351915682028,0.09047512077364185,0.1373789158431724,0.13257237194711885,0.13983652159200705,0.11140537779722222,0.08677321371009755,0.12129422233897605,0.12193077409365949,0.07475321326151524,0.13127690885387286,0.06559686158910998,0.12066346382542543,0.09673617179945093,0.13916570515691318,0.15287054028982083
Background_Noise,1,132,0.11339736866952889,0.05,0.11144610125190224,0.08,4.0,0.2,0.3,0.15,0.15,0.11003183367295544,0.14518988013328374,0.07898137145571563,0.0998581150335396,0.11488259651981227,0.12633282559156314,0.12163376734974059,0.10500099387660107,0.08463220941462599,0.09381794648948041,0.10780940928300231,0.12480236876348451,0.09242222864336386,0.1189691659443401,0.11874902096042536,0.10365997167176585,0.09383045055574846,0.08959344765195681,0.10656777259193706,0.1271390527012986,0.10159367072535799,0.14372528090979317,0.11364672264929306,0.10396547073892556,0.11094340857385405,0.11098446361179269,0.13395155607831008,0.14556619808115323,0.10736540263566048,0.09432185926766452,0.08236741400672178,0.13228357663336676,0.0948049039388836,0.12138610915256912,0.09685029825106846,0.12803508362642993
Background_Noise,1,133,0.10376477310384394,0.05,0.12909844008756022,0.08,4.0,0.2,0.3,0.15,0.15,0.14434553041007683,0.11454492074983134,0.13382430838024328,0.1342415726448717,0.09765532746231542,0.12396383734562076,0.08977658381164799,0.1350635334526913,0.12612643658221642,0.09564912473221515,0.14646562350271558,0.11619854699551026,0.12892298602336807,0.11165528567015832,0.09538001137476454,0.11752179879295788,0.09225787373827396,0.1442812852034599,0.08765792499987894,0.12012867655714113,0.09493587857074182,0.12726198941508507,0.08619468778336548,0.10227654767213007,0.1403742878338211,0.10052126788094692,0.10589263450471567,0.12874228900665285,0.12382370564916852,0.08860606897027333,0.11955866529311121,0.08818472070378586,0.1043776369678571,0.08849719307185175,0.12626359776353405,0.07721154443515321
Background_Noise,1,134,0.12453990688376838,0.05,0.1470791762762445,0.08,4.0,0.2,0.3,0.15,0.15,0.10464307578269705,0.10613552506023519,0.09438298613512275,0.10677699749491483,0.11924705709733685,0.139300907462637,0.09115882698288486,0.11888647844222766,0.09708410107730972,0.10640235281929586,0.10158336970792932,0.11195000399760106,0.10017296469292557,0.13504431977353343,0.0998929280035327,0.09252163331086151,0.08789315157171675,0.12526460752079743,0.12792305386332292,0.11800993298190779,0.15733862284837088,0.11725639256237741,0.09871803871771889,0.14204250156367834,0.11281221514907841,0.09959967197347912,0.08326924213608687,0.09802383502828188,0.1253595894768865,0.11509627207540776,0.0895870775542499,0.1255937568542732,0.10234507782789454,0.11367896397628947,0.15315035952991202,0.130262802618275
Background_Noise,1,135,0.09437725633720684,0.05,0.15431172614204433,0.08,4.0,0.2,0.3,0.15,0.15,0.13119602515493825,0.10471559218199322,0.08739840635949198,0.1135545809494323,0.10275017234768836,0.1106127310512596,0.07698621385865653,0.08591190742827617,0.12530074311669004,0.11519608324343605,0.10423450219572744,0.11676033181340932,0.08171506616868057,0.10834944902572458,0.09164600685567963,0.09287164209701945,0.1511807656616076,0.12536803123126197,0.1338117055445162,0.15644084914231443,0.09997573466555096,0.08921993516915502,0.11640769963541849,0.10954338317097675,0.09785003951825373,0.13389058375633794,0.11111666175091715,0.08197079134250905,0.08119314958886822,0.07865537405623207,0.12667703064077812,0.11267007638803576,0.10055974778061448,0.10388202289820564,0.08252085793984278,0.10577894123601256
Background_Noise,1,136,0.11685357945005909,0.05,0.15976791860576942,0.08,4.0,0.2,0.3,0.15,0.15,0.164415303711478,0.12172390202182307,0.07965887291307396,0.0960796634273536,0.11159371726558599,0.10141577464160226,0.08416153627416434,0.1268272471624187,0.10233535262166334,0.06644912624680337,0.10325471887338873,0.1409898496614457,0.13022042820329655,0.12550645777127392,0.08235499475085435,0.13065248208728694,0.1371897308434845,0.13013232613145675,0.09219995928419182,0.10941800803806957,0.09349369662348306,0.108300778485503,0.09374394167952747,0.11952393051496256,0.13989740697312675,0.13277612020171217,0.1097822100766439,0.10515319550775956,0.10003741872017936,0.10104521298627128,0.12268221368533919,0.12798901666900395,0.10285430490515095,0.15157574094650839,0.13298760468254778,0.13218364838969762
Background_Noise,1,137,0.12079530795978867,0.05,0.15065788585228343,0.08,4.0,0.2,0.3,0.15,0.15,0.1315269712280947,0.11916230916148819,0.09823069770549553,0.10387488457058604,0.12891344841726857,0.10706148756390008,0.14671125443954577,0.09583934691753462,0.10125086867591229,0.09199758587538392,0.10894878606685485,0.11897544341160052,0.10100201133324943,0.1163595726975491,0.1320871582557994,0.07234379515075293,0.11158220558435035,0.1140925838266984,0.08040616836270274,0.10549701886737532,0.12315226021941722,0.1404962832845405,0.08301883596205276,0.07395302239445016,0.08794558626811458,0.10815372257859873,0.12080597538127362,0.1033413904214802,0.09474974306939654,0.07726060184811165,0.112693882058145,0.10125472316535845,0.11843185488724514,0.09697229739765612,0.09529741768634868,0.09589318649984561
Background_Noise,1,138,0.1116885620456904,0.05,0.1502998251553118,0.08,4.0,0.2,0.3,0.15,0.15,0.12197167584561835,0.07937408222230308,0.11840820549194145,0.09255125494960972,0.09292154757033928,0.10558325963941621,0.11064712383628778,0.11649823825914715,0.11908857254447323,0.1409374649062582,0.12433175334825329,0.06516784236345874,0.08920589039409385,0.09418213296061848,0.08647440280688928,0.09922674758652814,0.11587440989152215,0.12721387035482432,0.09475791369499174,0.1370747382454108,0.12912877847874946,0.13006836616497577,0.09727766411426422,0.10606041509445914,0.12169000667385824,0.09377771896357973,0.12086769326942906,0.11053918704514196,0.09150486878854368,0.13170839400616038,0.09242617183545784,0.08304528410304522,0.13789578351623574,0.08094572665204999,0.1467590702491372,0.13926695310931292
Background_Noise,1,139,0.11145134759532337,0.05,0.16352071279534375,0.08,4.0,0.2,0.3,0.15,0.15,0.10217281395931976,0.11569695348727067,0.08787505837909652,0.1237738922990202,0.12552431041971332,0.14044788469538722,0.13326467733565908,0.10365780068001526,0.09238354799773084,0.12474671904035377,0.10216799826670125,0.11386144106511041,0.1125422110200338,0.07742359910312602,0.09763954309915968,0.1239577858747688,0.1085896781891715,0.08830721761634726,0.10623317691201586,0.12092405099523702,0.14603972029870502,0.10422525564814407,0.09326963250756627,0.14107479254382413,0.10150773902447303,0.13295681423818623,0.12631013555231577,0.13257323560651457,0.11348120744758522,0.11041245387050831,0.07998811313023642,0.08303588512802389,0.10076776831200457,0.1196107975104346,0.08499936226925374,0.10494370227316191
Background_Noise,1,140,0.14418020451764896,0.05,0.13342239197336392,0.08,4.0,0.2,0.3,0.15,0.15,0.10865794472614942,0.13489564876587268,0.1577681362908027,0.09123102211963367,0.09895627629979249,0.08996588404282675,0.10105200755447077,0.14182629298367594,0.10006052398568611,0.08626893132566697,0.11445422563804422,0.11901616997941099,0.12022251030064804,0.079877132541286,0.07915452608980322,0.09888946632763534,0.11110344811040934,0.11083635902390761,0.11627845394418007,0.1187262448045584,0.10043447288691165,0.1373728106896529,0.09476629606283725,0.11181114979076974,0.08970690105119086,0.13125484874963278,0.11583459204552113,0.1257718338976156,0.10639730029920551,0.12222568457043194,0.08949600678184531,0.09339617228707393,0.08783465478260799,0.09769427570741497,0.13967245780505053,0.09996114846218952
Background_Noise,1,141,0.12456764260345932,0.05,0.18806815366128202,0.08,4.0,0.2,0.3,0.15,0.15,0.10806800563378487,0.08503054788239217,0.10285483478721481,0.13436592362042604,0.11063748400185018,0.07457734176667569,0.10102770498692151,0.10724192280270531,0.10597305713485915,0.12549772738325082,0.11765917611042415,0.11889349345568301,0.12687296119049987,0.09608532663819523,0.07688025555896769,0.12846520671347786,0.10948523640171524,0.15003577924746708,0.13994396565269565,0.11986260105601972,0.11176676651479392,0.12409440412123816,0.11013159225634304,0.09595963976597557,0.08145961825595428,0.11774645839272162,0.10283866131193047,0.12376887288455202,0.1253195972042274,0.09536188153791515,0.08970913663944469,0.0982329152887871,0.07579110191717364,0.1069156721102052,0.10823386607113983,0.1300118433038483
Background_Noise,1,142,0.1199741800171075,0.05,0.16594997774936987,0.08,4.0,0.2,0.3,0.15,0.15,0.08247007482701421,0.09143083137130495,0.10424086028991911,0.11211028268621683,0.14171480747293821,0.07232132003421173,0.10183537601986081,0.10252704694102864,0.144609113854688,0.15439287380680047,0.08797194739560128,0.06914430516299044,0.14051469506470543,0.126196573560046,0.09219838592623497,0.12170256911640041,0.11194158826678408,0.10048240880139689,0.10189926788359673,0.15594277033513293,0.11798852584367732,0.11666231075077295,0.12145718434645501,0.10231967409670771,0.08428402280274312,0.10168652314087624,0.08934191115505032,0.14433585464613483,0.14900541282295948,0.10713115556602192,0.089375957982967,0.11136668533661764,0.11768803185508336,0.12746969822607437,0.08033449027063849,0.15906894458832227
Background_Noise,1,143,0.11576632141776498,0.05,0.1831626345223082,0.08,4.0,0.2,0.3,0.15,0.15,0.11291817935179405,0.12598320280292435,0.09503201225785107,0.07939649901699243,0.08946685582304083,0.12835729965753165,0.09251926515102366,0.10924056147115543,0.13047176645241715,0.0943007980279886,0.09642793217667393,0.06388422380198393,0.10736025621460783,0.10294673012979194,0.09865305108827338,0.10679756138994831,0.10247765598238803,0.12217711925183766,0.13297386746363546,0.11538571911109374,0.12590989390925497,0.11938028888553857,0.08028971846500371,0.09867465956844364,0.13779424508609414,0.0981990525750133,0.11694759168873214,0.11097755924715924,0.0876936257899176,0.0861698133399407,0.07038975565619716,0.11296266820860368,0.11069257509218546,0.10749475412859116,0.09298339176977871,0.09653207401975714
Background_Noise,1,144,0.13501904594363143,0.05,0.12293590934214244,0.08,4.0,0.2,0.3,0.15,0.15,0.1102285871900273,0.06798338595805435,0.15389958293152045,0.09441435774008045,0.1069435261049956,0.10668538372925707,0.11403285479506957,0.10011705092286184,0.13629385873860442,0.09131085506197847,0.12672917305869655,0.11410659316098243,0.08271584066327599,0.12889217637318875,0.10794489045438437,0.10433306736303123,0.13400381153717073,0.0913362080948307,0.11236599750060595,0.130930349346602,0.13414217416496663,0.13256714064794717,0.11496994808257083,0.09165198281584352,0.14072000347955085,0.09208758307379121,0.12196810425409402,0.13332752104891743,0.10705361313466055,0.08038123814989855,0.10160426291039218,0.14680090295480644,0.12848240484803994,0.09415834326736539,0.09761273342151654,0.08761972291678975
Background_Noise,1,145,0.12065355300811871,0.05,0.17373907707563732,0.08,4.0,0.2,0.3,0.15,0.15,0.11475200025636509,0.13213183817033738,0.09639100247466179,0.1138300493659632,0.12125763778267654,0.10446119369621414,0.12736309987417013,0.09669671273620353,0.13061632452725816,0.1014489703179975,0.1018020830704158,0.12162168312432081,0.11412841686714634,0.05063969118363938,0.12095464207376692,0.08083258888618393,0.14095190489374593,0.11152974775652234,0.11271147285587456,0.10330546041885837,0.14325590345945022,0.09452312102198647,0.10284601807302542,0.12221214901149964,0.11516111883239198,0.09728791205951585,0.11502282841153424,0.10410126904373775,0.07735835670341787,0.08211975759520264,0.1383565246820096,0.1331131730067768,0.10478125887524246,0.11074369487169633,0.10589679987953746,0.0879071088644558
Background_Noise,1,146,0.1189317669400593,0.05,0.16887551411068366,0.08,4.0,0.2,0.3,0.15,0.15,0.11640146563214834,0.09491871697065232,0.10702770770426764,0.09201537054637667,0.11422331496906704,0.0954893033980636,0.13592850769775294,0.12670974738059426,0.09611905791710457,0.11922172422656246,0.1618492626009636,0.09995997767913588,0.10560705327510957,0.1372076545094544,0.09279255329401712,0.08474033374920015,0.12542247613277965,0.15574659613310657,0.09133250546043813,0.11700466931575844,0.08024111144779612,0.08351775114233978,0.14569869801657864,0.10706572901625472,0.11630251505093,0.12680242402411054,0.1327662210092874,0.09137208054094766,0.11189230013382115,0.13935141597812833,0.0919028483922494,0.12291610230258163,0.10223936411948242,0.11499998807387947,0.08893995599389694,0.10371598655967802
Background_Noise,1,147,0.09879635646960405,0.05,0.13793875543517445,0.08,4.0,0.2,0.3,0.15,0.15,0.09703870358857722,0.07722976422613226,0.11530915543929464,0.10367770785859705,0.12471112933823017,0.11659095590649243,0.11759714995121721,0.0949742164647923,0.08432117514865427,0.10027827036268626,0.08069044661780551,0.12324290496735042,0.12695556774921601,0.12214440155580356,0.10731645399192058,0.11462917943090073,0.10515572172367005,0.11400336883565314,0.08548329998673021,0.10966080986933327,0.116024059104348,0.10428355404308368,0.1177372239287826,0.12755519629035927,0.12705194059405986,0.10714067818536979,0.07907287521286172,0.10038499650997113,0.1110950460657754,0.1176272757435468,0.09724871498456117,0.10234025088231499,0.11472562496751446,0.06337990753017005,0.13300163769115153,0.10868453988829921
Background_Noise,1,148,0.12206657132574028,0.05,0.12177411215946064,0.08,4.0,0.2,0.3,0.15,0.15,0.10577213725697021,0.09098433169519893,0.11016184193387274,0.0908136584480004,0.12827051568181821,0.12406881816439445,0.14201979339352888,0.12004587217989907,0.09892987304251104,0.06340512830312625,0.10358760348766897,0.11557247771129707,0.12416223698849806,0.10396139806766763,0.09912859897102734,0.10445987793496851,0.10555469217941627,0.09564693256812808,0.10414849781299984,0.13385166854094865,0.10216398053356623,0.14788086292536712,0.0966025385793825,0.08040626243371195,0.07973870526974973,0.10692405109194084,0.14756861626713666,0.11182417275554851,0.08465907280972804,0.1241203798648627,0.1103251192835568,0.10934129101206652,0.07560013824752843,0.11745017612470905,0.1095562169138625,0.09853295571441179
Background_Noise,1,149,0.10635784508244359,0.05,0.13736890472504773,0.08,4.0,0.2,0.3,0.15,0.15,0.10575578540784059,0.12275180307973269,0.09168158696646389,0.11206121142405297,0.12289852180419815,0.14440705376988117,0.07140120388830745,0.08498587954504117,0.11228866923776447,0.12040095107939525,0.09193270346833073,0.08707047345609002,0.1331266224450538,0.10095020866714069,0.11392847324670538,0.08643498471059706,0.11446218824799427,0.09201994769328195,0.11282613126941776,0.10908408260627617,0.07781747671505582,0.10777512066566573,0.14418667603399732,0.10515693514114495,0.1190709887026555,0.13311085807914952,0.046154598928510676,0.12330855509045256,0.10455745976499663,0.10147901553336966,0.12282452317743629,0.11049077203418312,0.11107719369987663,0.11991391809217876,0.1342774310384473,0.10683361421127156
Background_Noise,1,150,0.12066661863210318,0.05,0.15238305173175298,0.08,4.0,0.2,0.3,0.15,0.15,0.13327704348139424,0.12905071406104382,0.10720034230999927,0.11612947019498676,0.11547826110585954,0.08775618161420937,0.12543657983205764,0.12705538404666888,0.1306537259250591,0.10417018082229698,0.08708983360983322,0.10155406036845026,0.11326598495538796,0.1516010866199417,0.09630474141500958,0.11702416392321267,0.10921065077388399,0.12108604655033217,0.09491717542249797,0.09327486434431505,0.12728096513631507,0.08463988800624508,0.13864618929145175,0.1496899331247319,0.11406055346871229,0.11064485813297188,0.10780985073050739,0.12196928514499407,0.09569031540145599,0.08056387782422429,0.11146021159366001,0.132768470235851,0.07798289357087732,0.08126186407181643,0.07285455409659936,0.12616539874239588
Background_Noise,1,151,0.11807096304585808,0.05,0.1489905245360192,0.08,4.0,0.2,0.3,0.15,0.15,0.11451085584426034,0.09742239027135557,0.10842700461931279,0.12214227229500862,0.08240122718079548,0.11128630944698809,0.07024664237246703,0.08007204692702818,0.13824507713070663,0.1326606153744909,0.12675762776855554,0.12921252677220682,0.09563027586275574,0.14143340693212708,0.10978440749702316,0.12713965773101463,0.1261544847102418,0.1440581674994402,0.09297527862968444,0.10581251321648781,0.12752687288860132,0.10582168710623832,0.0950781019488724,0.09309927817901965,0.12299746779102128,0.1027281956315185,0.11761505407638019,0.11423452448461346,0.12916722430354555,0.09238653778326762,0.09644994284018774,0.0890050888644071,0.11626034693521864,0.08995025413030719,0.10762092882148519,0.06737547079932221
Background_Noise,1,152,0.12965562427075533,0.05,0.13255105055543795,0.08,4.0,0.2,0.3,0.15,0.15,0.11994082601279107,0.12189370044084917,0.09089247330947393,0.10503661496636045,0.12995060426065047,0.10875037671195616,0.13111089831136974,0.13051662968343872,0.07989143577345544,0.06914715117922737,0.10255002337352973,0.10037408781855903,0.10445766842241462,0.08435489925830142,0.11831899405723144,0.10962899039150348,0.14643932550137279,0.10458310480803022,0.10573189429263165,0.08907526469984811,0.12100893434174188,0.12894349640023584,0.07553784717834622,0.14445913796376206,0.07173164454154712,0.10317580385789829,0.13304395821919593,0.1201759319390202,0.08790402840956693,0.08640667976916785,0.11517781285595845,0.10705160638133432,0.11555589747014655,0.12154309311785091,0.10559084852937904,0.11447493579380005
Background_Noise,1,153,0.1214498489331731,0.05,0.14467568814592754,0.08,4.0,0.2,0.3,0.15,0.15,0.10181421135296649,0.12028754709703948,0.1253438272174175,0.11569099922029769,0.10885567940198779,0.08727158924792194,0.13293313121579975,0.0775246983488227,0.10116999570265348,0.0680733619969055,0.09970387520724974,0.09480304212618866,0.1045676880331072,0.08091961185700026,0.12393011355595585,0.13313391056492835,0.10986382989105047,0.11944089281643924,0.07779053579083181,0.11446330046084541,0.14026791677429248,0.12959983169697284,0.09656728806069113,0.09018310140399527,0.1264215459876616,0.1250643138951731,0.15891977980517905,0.13287816894564702,0.11530337190461626,0.14448435713670932,0.11362750832012446,0.098717897631113,0.11643355072518743,0.1026906204525608,0.12588208600150524,0.095811177077011
Background_Noise,1,154,0.12755442370320152,0.05,0.18710093591767385,0.08,4.0,0.2,0.3,0.15,0.15,0.09907955548090225,0.12453990016588426,0.12723404648420997,0.11406137338484479,0.09027011109833809,0.12135535034040383,0.11564472586038933,0.10013501467666297,0.07102421756863886,0.11133725547178033,0.12840249883914978,0.0963770947211539,0.12835776609131447,0.14620089750321735,0.08917279787526977,0.13237581410111446,0.10652112126199513,0.12089293428860744,0.11839781645505398,0.09328635793142892,0.0663742529109416,0.12861343814204992,0.09705345911647412,0.118039583920914,0.12342492194966206,0.11083770355938354,0.09757655260521286,0.07932917359780213,0.07712485218794674,0.09615757678498289,0.1193116935845264,0.09411642965978842,0.09758809804521264,0.14387991706140202,0.13702984788142777,0.08459248902366553
Background_Noise,1,155,0.1253334533369423,0.05,0.139277243654508,0.08,4.0,0.2,0.3,0.15,0.15,0.13692343525446266,0.1319731023792019,0.11574084427249882,0.12745846886324785,0.10178828406521301,0.1209289553733712,0.1086102971042424,0.12947583295105414,0.1320170229050968,0.14724537054969628,0.11929640939875866,0.08111494955629651,0.11994312510661567,0.09610061820447263,0.09961645049600763,0.10126956843189511,0.07802266547361358,0.10636169057974727,0.09929374041779643,0.12675085676458653,0.12436404168365872,0.11983035154936673,0.1287876219032275,0.12628898981053208,0.10732977077087359,0.09655137279912566,0.12913570223139897,0.11536710248767007,0.10189805405584132,0.11259535988306942,0.09954220618965222,0.09913656357912777,0.11851594251914162,0.10547954325610909,0.07612960187125689,0.11475669231317295
Background_Noise,1,156,0.1243362165601082,0.05,0.13765562660055364,0.08,4.0,0.2,0.3,0.15,0.15,0.1246386085024772,0.11130582279400902,0.11667019051335996,0.10032018927424054,0.11867774174991969,0.13776650614854344,0.09283822275019887,0.12725471818046655,0.11609690844840387,0.10994002583467682,0.11402352817475406,0.13751401049162557,0.12227284733632805,0.09078677016294623,0.11723569622151828,0.12168909376833796,0.07421619482756495,0.10294712300887128,0.10155812868412194,0.09397032833731175,0.1522341961573101,0.11718408469010383,0.11890038182602468,0.11335581624529824,0.09797760732973688,0.0935612976163135,0.10458486366542966,0.10201080875468914,0.1192421822740806,0.13642925758718963,0.10304898923382214,0.12198128937884607,0.10030527675891475,0.11219167839297645,0.06733733646487525,0.11116522348648977
Background_Noise,1,157,0.1329232857810718,0.05,0.15834072133808885,0.08,4.0,0.2,0.3,0.15,0.15,0.1251266533264616,0.14767413525151707,0.08365927318884678,0.0990440697070919,0.11049402984031208,0.0864584042684419,0.09576982016466515,0.11082603181505886,0.12773910740474503,0.11610320080397939,0.08382803138550388,0.07308160902613366,0.1060318627412959,0.0960340336344617,0.09770767813629688,0.10079755121701459,0.11068868815416234,0.12212371737373448,0.09133892763722262,0.10776842440247207,0.13087324114652266,0.09468594619628454,0.1194865715742587,0.1238197778614663,0.10844701956557756,0.11696001673962002,0.1278636981853355,0.09845382647617396,0.14267178347791787,0.08697421509355321,0.11278826705018302,0.09968988631590871,0.10776234444722038,0.12627741399419756,0.12348510415059784,0.09008289606803513
Background_Noise,1,158,0.1293536859113576,0.05,0.15012637175698282,0.08,4.0,0.2,0.3,0.15,0.15,0.09573414104866368,0.14373920320095512,0.0849983389411638,0.12703400781194224,0.1312542159364958,0.09498384219836518,0.08547974895565727,0.09379645899201317,0.08486938282169104,0.12407435538395482,0.1015240359660383,0.09403929281994887,0.0821813790226926,0.10274652656142289,0.10728155362714359,0.11780830549345572,0.1191278510043079,0.10321832772806407,0.10698786937265001,0.13144731107602878,0.12897341067057624,0.11737693729270737,0.1127529077041806,0.09114965879353787,0.13673147534574487,0.12748091499205808,0.09334921916662996,0.15454149271489165,0.09188472662890132,0.13551837600920177,0.13093950007935282,0.12412686074548385,0.10972358107352623,0.12759249247875903,0.131015262566178,0.09907927078163763
Background_Noise,1,159,0.1107884125753845,0.05,0.1220862647444023,0.08,4.0,0.2,0.3,0.15,0.15,0.09824626133217536,0.0982065355169091,0.11648669213640542,0.10826459601925081,0.07680778284269754,0.15135714059926253,0.1305647034521517,0.0808402613536852,0.12662327981865307,0.09229310917435367,0.1355903015753253,0.08239662913405288,0.09956319681640637,0.12490973432196073,0.10951117789459151,0.11933955932424245,0.08834437813708539,0.11360696648383664,0.09005949034515592,0.1180301736508158,0.0766307059794307,0.12291407094719413,0.12753360461465435,0.12215524835782782,0.10259589379674745,0.1195558171971227,0.11244481819812446,0.06558440385852242,0.10223640482900034,0.10014311120226427,0.14163214895695922,0.10055665962679611,0.07555435731554905,0.11175593830236565,0.10229569444689818,0.08068422133727662
Background_Noise,1,160,0.1273853277441607,0.05,0.15834454275459006,0.08,4.0,0.2,0.3,0.15,0.15,0.124131288276484,0.10905788209489047,0.08723169699139809,0.06547998387428981,0.10260869704094153,0.10644567241611398,0.08183282661342127,0.10422316246858693,0.1427571805132899,0.09479314228249387,0.09599427734652671,0.09841200257173395,0.0853481302632863,0.07726011297763469,0.0928309576175831,0.1574937500713156,0.09895717953727606,0.10017755717148558,0.10669867586474045,0.07559062011433659,0.10609851249995976,0.12523290346912153,0.12774188821678184,0.12228997447488632,0.11909962144950195,0.0826694116140087,0.08727481995849773,0.12214001633924683,0.09920396245231858,0.1308603202234047,0.10422752356183466,0.1124904834047182,0.13421868567937886,0.13406232852280756,0.10634389645897195,0.10168707299187346
Background_Noise,1,161,0.12581549048006685,0.05,0.138898520380145,0.08,4.0,0.2,0.3,0.15,0.15,0.12376991300250564,0.08519000254104757,0.13073123836282846,0.12226815746968063,0.1351057868243676,0.12586836756538478,0.09889647377404903,0.06272992541584033,0.11290811784887249,0.12067533310329014,0.12966958926298955,0.11447365723800168,0.1150354179185378,0.10290839542868081,0.12507188163180377,0.14007721592941322,0.12155107310310219,0.08145455721016714,0.15524058799719015,0.11675744057958043,0.08680894767651588,0.11449122780944265,0.11464217411146227,0.10207982912846868,0.15302542179286618,0.09136785624714887,0.09094716517237772,0.08543603695634037,0.11809563679504965,0.1142444911612048,0.07421424613176819,0.1208135804299705,0.1338034314705913,0.10073960407146666,0.11013242260444259,0.10897258994694253
Background_Noise,1,162,0.14361559179753927,0.05,0.15493729999462064,0.08,4.0,0.2,0.3,0.15,0.15,0.13327685458103794,0.09805261938798794,0.09925538990394481,0.08358013002183942,0.11217861412706913,0.09535909396774865,0.11521617158107757,0.07321020174611154,0.10272241169574513,0.1432889991967191,0.14179881933177674,0.13368599361768488,0.12653205779590426,0.12471876081474091,0.10433264683546645,0.11175188923583028,0.07921171304409515,0.12249749689178577,0.10301183846206174,0.08141769456553666,0.10059338124137374,0.09492672042830301,0.08359110687690018,0.11167359371280795,0.131185497733916,0.10239705536829811,0.10949508790169728,0.13383518851601042,0.11682649404050402,0.10827866838447492,0.1361676541152146,0.10353733556027,0.15277916263756738,0.11454996463451991,0.06932397023116132,0.12443427436120688
Background_Noise,1,163,0.1235070179323771,0.05,0.20480219252348303,0.08,4.0,0.2,0.3,0.15,0.15,0.12179982486053607,0.09800828490608651,0.10532513432077888,0.12780075694041065,0.11735761393848455,0.11013711426400653,0.11703393841396327,0.10852103072656188,0.11642458985529647,0.08091673206705771,0.07088146544560586,0.13904908326945978,0.1200684922217135,0.1099685553207272,0.10636996197907628,0.11186292458702393,0.11416942722625126,0.09930818805779137,0.10459039979633324,0.09311502750458571,0.1149420706660619,0.10690320777332701,0.10537577282598357,0.12939899439919697,0.08994175313365171,0.0975754658440974,0.11133201675090793,0.13295534709059936,0.09051325848311972,0.09991934512848717,0.10590566920195477,0.08121044625811463,0.10670170743437458,0.12089132030346508,0.11996962522250015,0.08523204390117436
Background_Noise,1,164,0.11862461512124893,0.05,0.12552815905880368,0.08,4.0,0.2,0.3,0.15,0.15,0.11941795836071219,0.11313795372972023,0.14590173476466817,0.11810775198744511,0.0758797643537012,0.09845725027802169,0.12110156939406265,0.08036324131895661,0.13551967816944543,0.08571811009963928,0.10147074127906644,0.13895567647772575,0.11221477887932393,0.10547132193242098,0.10215394276277576,0.07309702432537374,0.1001774283757332,0.09711164622594269,0.12417471102296032,0.13711950545846105,0.11843719950058225,0.08597778532740863,0.10030887610821224,0.10065192794830888,0.10933742126298025,0.15274585545054548,0.11310889968806871,0.11477284050429183,0.11237190039908763,0.12088523657059691,0.08081820305496612,0.11936849422541418,0.09506979352323064,0.06466063754694854,0.11612653872948422,0.10522472384502665
Background_Noise,1,165,0.10205177603405301,0.05,0.19301557532308222,0.08,4.0,0.2,0.3,0.15,0.15,0.11468592068560467,0.1460917220086652,0.08423973214274214,0.10445675964348769,0.09429119792115219,0.09083002923850239,0.09092416144876403,0.12733293005876425,0.10971830343956782,0.07647670370965784,0.08838392904878503,0.08033352142520665,0.12976323461844907,0.11388238976113002,0.14769930143198262,0.10056343372955141,0.13146080251751854,0.13791936502021246,0.09013635648087588,0.10861300315174059,0.11591283834526306,0.10416185875013965,0.08206084226318844,0.10479888544499373,0.10988658888345945,0.11885334281765635,0.12138666859326704,0.11976728226617381,0.12800206811108553,0.1229210321941749,0.07518262342093238,0.0746078639407913,0.10561088529687962,0.11290728257401006,0.1234143112889625,0.09727094182423693
Background_Noise,1,166,0.11557884455000833,0.05,0.13934552713459247,0.08,4.0,0.2,0.3,0.15,0.15,0.11895876902217066,0.12099703709126954,0.10347624182003011,0.09449188442238347,0.1030472469890674,0.13771635917018404,0.09472559366965572,0.11233542917979171,0.12265097005672754,0.13136254880964887,0.1086190272255691,0.10132981840067184,0.11569791154607761,0.09847405887494506,0.09676100280191871,0.11556068680929729,0.10812831651717518,0.10031959021944283,0.10185237794334681,0.12097946761392767,0.12029154395287751,0.08709274692589616,0.11456231348487726,0.13336157355963607,0.09594054979878283,0.17257055271225594,0.12452492108283278,0.08482745864461282,0.1180543245046333,0.10586632144626275,0.138087979541801,0.1305481853304443,0.10373848842466579,0.12986543510855408,0.09236215205679157,0.13512538327208512
Background_Noise,1,167,0.10761220057498398,0.05,0.15250871520912518,0.08,4.0,0.2,0.3,0.15,0.15,0.12586140970627654,0.12358921407731044,0.13248973605424808,0.09557341115908842,0.11036313672924318,0.09680099601828784,0.11288519704849329,0.11213235369426364,0.13889944593331688,0.09062195956051115,0.11897209014637909,0.1476630985595857,0.10926141567173435,0.09308507284889833,0.07988028782643798,0.11284931915915708,0.08148804072049386,0.11499125492380768,0.10885039743326042,0.09420921534533137,0.14802600604966615,0.08931763848865455,0.08194341825926084,0.10598831273069209,0.11935270376531587,0.15155481552577058,0.1480136825623778,0.11655445057514449,0.13080699302947155,0.10730287368669267,0.11406222890036288,0.1037929902055729,0.07188250206738483,0.08510230280929541,0.052839817261779665,0.09550590918161567
Background_Noise,1,168,0.12152293743800874,0.05,0.13492528185929864,0.08,4.0,0.2,0.3,0.15,0.15,0.10427911936672368,0.12536559761684968,0.11178157935522758,0.11089481663220457,0.09837480620780037,0.12009621787459386,0.07973328708056392,0.11534994435554549,0.09848921048783706,0.1268292742531775,0.12163256892466666,0.1450167045457005,0.1400478548605799,0.09594703830175651,0.1171603020011528,0.09277645864934833,0.10666056273858182,0.1408725051339258,0.12531823851916865,0.13173328426558645,0.13172937148535274,0.14547114591797555,0.14335144457974686,0.10217549808598948,0.12814323706306047,0.13360299451638485,0.09014756368077011,0.11965729829578726,0.09263291633359194,0.11647100381654757,0.09385608717240485,0.11454782133869898,0.10903955552305089,0.1328618626889319,0.1520897402470191,0.1362427434091557
Background_Noise,1,169,0.10834372739937943,0.05,0.1612638897105995,0.08,4.0,0.2,0.3,0.15,0.15,0.1265324655534705,0.11599887078472665,0.11973108463394821,0.11142570703645471,0.11926998990940847,0.11978920514270497,0.08516463219561216,0.12215057696521892,0.1094739694058377,0.10862308712189174,0.11518754264740941,0.10899379437199647,0.10276518424887388,0.1318152684700902,0.10561749978558385,0.08896468766064246,0.09263604209674403,0.14255305676982624,0.12173975970829021,0.09316141896290094,0.13701015484387966,0.09989595036461345,0.10503665616943093,0.11047216083052196,0.10137388906788315,0.0979957443574752,0.10128918884884447,0.12404597434469329,0.09156492070694874,0.09852374387243272,0.10747951017190159,0.13402841650904904,0.09060949039491754,0.10019491634688601,0.10090818422232069,0.1262789754423581
Background_Noise,1,170,0.149497599323398,0.05,0.14622056574214085,0.08,4.0,0.2,0.3,0.15,0.15,0.13625043258390543,0.1317351826001429,0.09633649690493654,0.13877888627940424,0.11449450858464591,0.1517568951217788,0.13836615531165392,0.09637350930897516,0.11140990981277474,0.13131778447352005,0.1011835320081323,0.10055686125803986,0.12286447173643242,0.12346384072774681,0.178263857122209,0.11045701681908465,0.11647200963240452,0.10841702371085772,0.14303334614641128,0.10235151202165405,0.112940713645092,0.12217200161761048,0.14023394470491202,0.10015086160378919,0.08806766995982067,0.12370453505729542,0.14719599087073937,0.05906944251991493,0.12876271122158728,0.1289670520607072,0.12718059969836848,0.13966160952534107,0.12014811985594072,0.1061220070404078,0.10492498264612853,0.070019900091459
Background_Noise,1,171,0.11835609614337624,0.05,0.11657087239481162,0.08,4.0,0.2,0.3,0.15,0.15,0.127783027440896,0.15497580988490944,0.12973176883669393,0.1238307785371231,0.1153478305050346,0.08094971010673704,0.10552731338935328,0.12464626398760344,0.09671657497306652,0.10472492617499243,0.12504695140358757,0.11034451347559335,0.1562340596467034,0.10034906699910888,0.09175975985654256,0.10482658724140506,0.09937596707395212,0.0928129863244411,0.13297673506185234,0.09476682923739696,0.09347108913090026,0.11016774624653097,0.0957338911213359,0.08881386794222969,0.10832770052666113,0.10612558415565271,0.09307504062817777,0.10903327312898406,0.11358981887308803,0.09892707505936567,0.09798870841617238,0.10782102455070758,0.11759662213610063,0.11275904702597386,0.11516605424150135,0.13399953486462726
Background_Noise,1,172,0.12515517767490625,0.05,0.15336896143348533,0.08,4.0,0.2,0.3,0.15,0.15,0.1017761480607562,0.09813980247833992,0.10783582095169954,0.14236507616035127,0.1283724678761064,0.08960169230380405,0.08037342964359594,0.11617168717459404,0.1182752950241867,0.07690303610017368,0.12486598286078424,0.12268352560040725,0.1504047517891241,0.1196961111050114,0.13191274249401222,0.11564898105307199,0.07418674710976603,0.11691036217894182,0.11389314913131082,0.09952977498858516,0.07751391224203416,0.14395977712569905,0.10418389626712768,0.07542811877705062,0.0973136126497292,0.08482271767882231,0.1086660539851839,0.10195582947643664,0.10539984927487953,0.10762163845937082,0.13013083437690195,0.13411964335057883,0.10226190690332852,0.1021060872568845,0.10689346730722318,0.08863254150796415
Background_Noise,1,173,0.11855635486004701,0.05,0.17028741472021858,0.08,4.0,0.2,0.3,0.15,0.15,0.11524890933378357,0.09939603577708708,0.13088917078356313,0.11955483446362555,0.1493275164558989,0.12720814304931216,0.13302838838126066,0.12944630649083774,0.14950807170280606,0.08208216536052651,0.10038230234450772,0.11731039971217966,0.11246161114186305,0.13949302793070462,0.11511421969358604,0.15283933592437443,0.10606759655268452,0.09311649824525284,0.12004298727854318,0.09643808409677712,0.08594407741722687,0.09022411267317512,0.09985080504952284,0.09318758301818655,0.1195026692297809,0.1389020573809961,0.13279801702164515,0.12037303805263054,0.10922701410301133,0.12110867333389162,0.14361153563653406,0.10297848948306929,0.11829343067655866,0.10588117337753047,0.07741872346372566,0.10096036554678318
Background_Noise,1,174,0.11774587789686428,0.05,0.14213967718793658,0.08,4.0,0.2,0.3,0.15,0.15,0.0996282649327484,0.14375162036620673,0.08399149141396843,0.1107918838905414,0.08982127500107255,0.0813295857393266,0.1322460719855141,0.10697631689271754,0.13218837573364672,0.13030692651881567,0.10959443156498422,0.10251288093723898,0.1048326869829626,0.10944407233275896,0.15576441690089615,0.07896700818706157,0.08481814370203813,0.11899664992847504,0.11372637205303937,0.06453486806922862,0.07101860928431894,0.14481368881540505,0.11180776987290547,0.11442729425837572,0.11984451291947465,0.09470285431081525,0.1243056244676758,0.12700078849163418,0.11647944801256378,0.0959847271842712,0.11315304252044578,0.12287121456495201,0.08448614051307951,0.12974974099607237,0.11177514427802294,0.08151246482513017
Background_Noise,1,175,0.11314796722564403,0.05,0.130009336760822,0.08,4.0,0.2,0.3,0.15,0.15,0.10768003278556003,0.12527657436950515,0.06256921994058365,0.12300359729625913,0.12026594484239898,0.1017088849694481,0.09123770038316732,0.1175291357473069,0.11558201478642527,0.08115690829496149,0.12505121924627635,0.09539778555308961,0.10095417563123169,0.10811260008129532,0.07701300059955722,0.07366039488026585,0.11029595924966705,0.09974427155685389,0.12296485757093509,0.0929279145615778,0.1058346928959818,0.11240125643247881,0.11888345385876492,0.14126057459680255,0.13391855643393147,0.13310836415574956,0.08766212455655643,0.1022836440679395,0.10938500986209182,0.12249383477097972,0.1011150366437663,0.13695017411020577,0.09578181012729584,0.12749661947806754,0.1026670812224108,0.08120615403911303
Background_Noise,1,176,0.11808229027199751,0.05,0.17047683589896373,0.08,4.0,0.2,0.3,0.15,0.15,0.1354858408219162,0.11796668100494419,0.09349225433469513,0.10547141160622742,0.10926500293841095,0.11916440977892052,0.11943504896699145,0.12443624461757494,0.09365322813503063,0.08367048299197972,0.10751234512010334,0.11313898462639702,0.09353826618764102,0.10697889904181125,0.09194104382665966,0.08706440050684747,0.07961140269921708,0.10338402910025425,0.09917500409409706,0.09696723898832482,0.12755064050523873,0.12439996700520421,0.10148293884582232,0.11773493312836537,0.10619477274350904,0.09577025418017888,0.14973710251182806,0.12228230119273056,0.09408753912117626,0.12390315091730697,0.1176463275970856,0.1253652500702066,0.08832305047284711,0.11268347086205549,0.12022504237238704,0.10619280582850005
Background_Noise,1,177,0.11590006352385346,0.05,0.14256431569380265,0.08,4.0,0.2,0.3,0.15,0.15,0.09986721615847399,0.07436242308794991,0.1284187593470885,0.11396219258473923,0.0840480838741188,0.11482145859459955,0.10316240023482022,0.09391613920049263,0.11668487894101917,0.12081936287931412,0.11078125414235425,0.1313537490723305,0.0650535337852304,0.09605479112912405,0.08578665453417961,0.08905071675024617,0.09995012800823795,0.10883311910135383,0.058305043422012634,0.15396643825291262,0.0939542184666236,0.10618068397061338,0.11033877778607722,0.10762273239087516,0.10161826789451693,0.08286326430309218,0.11656680122727352,0.11150286357944496,0.10865597746347995,0.14058978237713385,0.09565159123818318,0.08873595381990523,0.13682964866500966,0.12929429242882912,0.07629467697281345,0.09256654205749847
Background_Noise,1,178,0.13116622667370134,0.05,0.17739196872933682,0.08,4.0,0.2,0.3,0.15,0.15,0.14946696689815386,0.09504568074348684,0.08896088086743517,0.06904243995662471,0.13360206548062115,0.07870708733095874,0.11974440608371185,0.10156487506391344,0.10081108395138227,0.1431203281692277,0.11234912396957294,0.1163500234333438,0.09819180037867029,0.12906113135101047,0.11519651591568417,0.11164219233395617,0.11041503667664487,0.09989755446382936,0.09811995251787385,0.12269360313864229,0.077815296018095,0.1464427412988156,0.12851957934723257,0.1318477328785576,0.08438980659724057,0.11658098759327438,0.09281714382474045,0.11146917831451778,0.12421952220324682,0.08257514666952148,0.12374668226950856,0.1196203592310481,0.11736575029753027,0.10392259414216594,0.10628627162862067,0.11921123868128786
Background_Noise,1,179,0.12943601233901392,0.05,0.14189615346926943,0.08,4.0,0.2,0.3,0.15,0.15,0.1269847192066545,0.11591035442912614,0.12122649280309768,0.08507479689841654,0.10714967372951559,0.1585011027432795,0.11923031382927943,0.1207615408538947,0.10087924233277641,0.09790559361663906,0.13006936017522314,0.1307544942679558,0.09859547546006356,0.12505080035590846,0.0936470562190081,0.09618835926577957,0.1370905860518835,0.08448645843841612,0.0982380502856176,0.10196436941978758,0.12337675845393584,0.13029579526716445,0.10714157369045789,0.0797672225202331,0.08457558876774804,0.14884476722064935,0.11115553841411366,0.1358725772403939,0.10988462126841725,0.06678582177658599,0.12591910577036394,0.0715629039982901,0.1034158331163529,0.10285743025574658,0.09456393431650481,0.08987388383919805
Background_Noise,1,180,0.13119344333018554,0.05,0.1347698948312303,0.08,4.0,0.2,0.3,0.15,0.15,0.07318318862131264,0.06638256516137794,0.155186938429213,0.11285528653146112,0.13289547835648083,0.13040320895247565,0.1205238247620351,0.11137273487730885,0.11105370282193607,0.10138141955795275,0.09537362796153498,0.13001729398077397,0.13080188398509057,0.08033756029092244,0.10684747448585263,0.12299551306324874,0.07587344463302594,0.10588586915317263,0.10943543911053884,0.08582396090957607,0.11697086299089321,0.10537178020268058,0.11284189498300037,0.10786141999368552,0.12114614362608904,0.07852969445952782,0.1023896668579446,0.12948326053075793,0.09071780260239781,0.07987960295260493,0.10348356265093535,0.12152044902182038,0.10469677787923891,0.14084625210583807,0.12238387585262181,0.09410568647799142
Background_Noise,1,181,0.13193669657602702,0.05,0.16977905513103037,0.08,4.0,0.2,0.3,0.15,0.15,0.14446248284125798,0.12678793377118128,0.11569232210896374,0.10913571345932811,0.10409106803764828,0.09647959330859951,0.10825941792619075,0.12828948298221135,0.14724000872765522,0.10296991416623989,0.10469306093535634,0.09172721711201373,0.12233936878363282,0.13593625699501266,0.11796127920103107,0.11897543106806813,0.1182245565448218,0.09617700118579275,0.12560275502576632,0.11267676900029781,0.13103038823113697,0.10352260955067033,0.11885452066249856,0.12063011732098247,0.0853613462046719,0.11722877215027405,0.11325029856024264,0.13588072789403613,0.12921937235552944,0.1402350612252444,0.12189744928647535,0.13444890465128792,0.1363410576846765,0.0947779436563995,0.09156091632392963,0.11146524372158023
Background_Noise,1,182,0.11415607961347954,0.05,0.16407698389618877,0.08,4.0,0.2,0.3,0.15,0.15,0.12949914422138908,0.09790673054272545,0.15732490511978198,0.08626358375447249,0.09633682273731331,0.111361289375847,0.06661744797572017,0.09467634633942551,0.12694374448243007,0.12650512751541687,0.11951875295594772,0.10361917786348236,0.12274002850451714,0.08923831441329111,0.11876760706747247,0.12149573977832576,0.12750400337462803,0.1209035848822788,0.1300949084833961,0.1535897991852915,0.11282784599090308,0.08887631212691893,0.10737282262791419,0.09414125822184131,0.13386731843569807,0.10213155419947788,0.10197923556212905,0.10759352593281497,0.12268023623944678,0.12616717557780105,0.09303084891998745,0.1318060035962827,0.13826265384564546,0.10745002179371456,0.09909280148794478,0.12924672491072348
Background_Noise,1,183,0.11445563792331745,0.05,0.15637149284811905,0.08,4.0,0.2,0.3,0.15,0.15,0.11511019874956507,0.07837498876823434,0.1332885787597235,0.12254259210916417,0.09957051788922153,0.10490311008109439,0.14219068085757333,0.1193635721484451,0.10298054585681327,0.12257824768457347,0.12000984118221862,0.08526049945008646,0.1374595530517509,0.12706985320291056,0.13236985432598852,0.09574325220003847,0.06604709310363688,0.0999080205539838,0.11577554890228663,0.08546147018700076,0.11377956408199338,0.07930375200875349,0.10383070158474518,0.07226710724726662,0.11002661458527666,0.08797472445002202,0.07971617213646029,0.14134178370039124,0.11177346779722712,0.11538483968224636,0.14741254610139548,0.1266179365390484,0.10272507407433218,0.08627481422162796,0.09969265978831583,0.1326925867389963
Background_Noise,1,184,0.1285534483997186,0.05,0.16225016157807332,0.08,4.0,0.2,0.3,0.15,0.15,0.0971744265928126,0.11301949499070835,0.11238148869091612,0.09588227676164594,0.11741171362073691,0.15104246241834476,0.11111184417715259,0.1336137904463315,0.14140079237015485,0.10059239400778139,0.08240559003101054,0.10971466612637312,0.1191104738982194,0.12744899190781322,0.11053909544297973,0.09019974742754301,0.1524386530798018,0.12986394036313825,0.1636953097779194,0.12480290414912723,0.08815615251045336,0.11704856845022106,0.10107561185504484,0.1031107767702977,0.11145818762404419,0.11653154545258959,0.0966514744108827,0.1091703316617517,0.13719224368138896,0.09252147976611381,0.11162024891411994,0.14625100588390363,0.09488670002169655,0.14060118656372772,0.12717042939452708,0.08233152249363009
Background_Noise,1,185,0.11382723822243912,0.05,0.15485142613732414,0.08,4.0,0.2,0.3,0.15,0.15,0.1327455184921297,0.0884991279032227,0.0926966243282071,0.1161596931338504,0.1277763202531059,0.14263674875823645,0.06642719058722668,0.05428721037985222,0.06667533583223459,0.12424613169230911,0.10563230802571137,0.12889760887035434,0.12101473284681234,0.11377820793014008,0.11176696031483964,0.11584788729006047,0.08312321124766694,0.09220485702924969,0.1096024136373067,0.13906505725623314,0.07099134455555772,0.11311038061742958,0.09650537493135822,0.10297476346568213,0.14018620643346663,0.10073363681654159,0.13589821230594268,0.12452265692383117,0.11880370717334982,0.09431360045270801,0.11404046002385591,0.09037861795401272,0.1187276124414963,0.1118464695428328,0.09440894803048656,0.12710120373422537
Background_Noise,1,186,0.11890637758707408,0.05,0.15930989025214434,0.08,4.0,0.2,0.3,0.15,0.15,0.10010214695978162,0.12130926511731226,0.08256853642575102,0.07103462237896234,0.10803282831969373,0.12064854738365799,0.1283708801884538,0.13107437742534697,0.13200052340928561,0.08688426303157976,0.1082832398834964,0.12514812106346332,0.0943694170367289,0.09566260492815898,0.1197287869554243,0.12504281336382375,0.08757505612921455,0.09111076437539876,0.09138078733854334,0.1180519765874626,0.08436362743263878,0.13460722032027184,0.10963312542494516,0.10239213315226599,0.11200440187614734,0.07610045348692629,0.1359330074338563,0.11853790685598736,0.10239219687913693,0.07229017426237491,0.10040811911676974,0.10579224175106576,0.1060861189379235,0.11918285018949655,0.1388948596712237,0.09372927169604475
Background_Noise,1,187,0.11945675861986041,0.05,0.14002147190551834,0.08,4.0,0.2,0.3,0.15,0.15,0.15231542053312308,0.15253616058287103,0.11521000379270169,0.10576518413478403,0.10462618078381658,0.111204695635533,0.1091408581389321,0.13204367061899172,0.1025451270187608,0.14231367555296875,0.08419651566955524,0.1055264839444269,0.10550358942786622,0.12978492258771954,0.12107806971565732,0.12731086201363745,0.10678669211211367,0.0858728834499754,0.09156083827087375,0.1053848258059793,0.11628669720220627,0.12094889257774022,0.12524239606808024,0.11865092338620133,0.10833711277807954,0.14622429690726274,0.12550432584241084,0.11620534842907351,0.1160735027961071,0.09746767061575709,0.12604230533614613,0.11939830189796598,0.11818962226113093,0.11928467747293278,0.12369450385076622,0.096029475414518
Background_Noise,1,188,0.11361960235165164,0.05,0.15728632831479017,0.08,4.0,0.2,0.3,0.15,0.15,0.09357344560507648,0.06841550922912686,0.10493490544337698,0.04730237197610526,0.13025871151276203,0.10548521674277662,0.14993504250533052,0.09297880308980612,0.13052204697253503,0.12810092728038858,0.11801167255373839,0.07459297598718512,0.1133076006035687,0.15065873290928475,0.11156802841925399,0.1420757412589367,0.13451285075234112,0.07693265441658145,0.1337635533865129,0.09074848654877792,0.10562611054871507,0.09002801492347984,0.10682633430440996,0.10868455681491311,0.11906496693882576,0.11941707946426959,0.11737051507366575,0.10735141490281377,0.09658613062083177,0.12371177044821817,0.07139916220577695,0.10855591371710754,0.1424669062283603,0.08686489813500324,0.09165305357449827,0.12310245176777283
Background_Noise,1,189,0.13983322453588104,0.05,0.15266349586814154,0.08,4.0,0.2,0.3,0.15,0.15,0.10122655996077254,0.12753527744943027,0.09003531058078884,0.10206337073547408,0.1114623279278549,0.12604150004831854,0.109049493886799,0.13990797867326082,0.11246236626523373,0.11410196204477416,0.09527883833461209,0.13527080319451812,0.09964694510915291,0.12459799136417432,0.1282563922433939,0.13388788723836706,0.10131359858371412,0.11615844141582589,0.1126270676520807,0.11794041783282326,0.11075548610680098,0.08935346035095966,0.07065474626406948,0.0752250183453964,0.12754373061865978,0.1276242696844724,0.12537292028722596,0.08286754913755483,0.07751170902473767,0.12559519538012948,0.09812774353635029,0.1530256588333478,0.0844675535656625,0.13078764980837643,0.12668956761818828,0.11260356307831239
Background_Noise,1,190,0.11813905210960733,0.05,0.18812399323990708,0.08,4.0,0.2,0.3,0.15,0.15,0.0946980886961121,0.11433653176122725,0.14742375419685744,0.11751065621275951,0.09815220508522199,0.1192870760534685,0.08967053962551375,0.09373967834092366,0.11379126061398505,0.12641772166367843,0.08109227930429945,0.10269023077398588,0.1195194513080192,0.11007558817848129,0.10224145121853694,0.11834331676296087,0.10669059858667988,0.10697480747896788,0.08237034997367623,0.1256004024251744,0.0909483103024385,0.15198440827649856,0.11203927538628163,0.10589204182779141,0.10785423176933698,0.1133148898005155,0.14440948348239024,0.09922652884679291,0.09693601273430152,0.10033190567633544,0.10903056955220006,0.11001813024994152,0.0979863058545686,0.11086315085496533,0.08666612410603043,0.11062543819032541
Background_Noise,1,191,0.11825824208786558,0.05,0.14498909732217335,0.08,4.0,0.2,0.3,0.15,0.15,0.11797170095214958,0.12534593493831397,0.12797257979611015,0.09057043916033002,0.10632646041667516,0.08550746211954684,0.10556950073069982,0.12211013267101464,0.11131143811262388,0.14003598050693467,0.0896052031499507,0.15024375973427936,0.09736347354045627,0.09499231533897323,0.12078159731860745,0.11891914223781719,0.11273721252538166,0.09982632981786344,0.1243771566368396,0.11776753045589593,0.1391433123991357,0.11893659252942584,0.07179401611027755,0.13764269350095898,0.10947987743540405,0.11983771526007968,0.10103854644834956,0.10198402301991474,0.09975589074619004,0.07911635468290239,0.10976980748979522,0.11182920426729373,0.10946756987303694,0.10704461797377363,0.10904274595781607,0.10268460439534596
Background_Noise,1,192,0.11904914631893097,0.05,0.1321015631940093,0.08,4.0,0.2,0.3,0.15,0.15,0.09349461185321685,0.11735672219128247,0.09499327244645892,0.07970323322365233,0.0922291075496473,0.11111724219701316,0.12593413047510288,0.1050776144750019,0.11542894023818655,0.10004740269047922,0.11445853588840378,0.11853756278324151,0.09085550597331078,0.09482608205204207,0.1049321684614004,0.10293239898799958,0.08324098984351468,0.10611971548075605,0.12191460178003082,0.12143642504875934,0.09052723465494147,0.08594851684468768,0.10948388281445506,0.10578091520410285,0.10662388129072295,0.12002694315201827,0.1265461344514744,0.06692580479043171,0.1304936439727706,0.11970658278362503,0.09063509550640489,0.13966595955248357,0.08498700569445937,0.11908492842470707,0.14425195023969276,0.14478585955980222
Background_Noise,1,193,0.12174985629098195,0.05,0.11537702553597581,0.08,4.0,0.2,0.3,0.15,0.15,0.12271175058759712,0.11444445005241016,0.1309204935565419,0.11261141713096724,0.07462275901819565,0.1048101664998067,0.16943821806785364,0.12372439108534627,0.13568113500540763,0.10453718691082103,0.12731062832801962,0.1052742644089231,0.10145966935301794,0.12357067535261967,0.12455974557180428,0.08931829767405293,0.11352886439170728,0.1019415915088183,0.12242984723146025,0.12989065541171466,0.09564413498948549,0.12071690280279232,0.07534286424227064,0.13183286216991277,0.1153565275394554,0.09739008727919403,0.10511704720026332,0.11038947417471784,0.11681126336607889,0.1355011363953129,0.09930245922758377,0.10640073469483836,0.12997289308490856,0.11363838604425157,0.10332763214195032,0.10605808611521778
Background_Noise,1,194,0.10056998139283986,0.05,0.1519813956348152,0.08,4.0,0.2,0.3,0.15,0.15,0.08105881748199609,0.11055635363215094,0.09930888148666593,0.12793045696802738,0.10461807322458247,0.10732483615289168,0.11556788033709248,0.1350709773646312,0.1171391563651373,0.10633799210814035,0.10848875732116801,0.12109253480913805,0.10342884312019382,0.09929178067016868,0.09508311307320902,0.08537980282926386,0.12499710438331434,0.10279702462079689,0.09964302787596631,0.10881701220668841,0.09437813237736525,0.08428741330429966,0.08301781135258376,0.10799797343787808,0.0813150467481677,0.09163944199549315,0.10791266459496617,0.11558774749960331,0.10491983878426117,0.0959114869151486,0.06952225302842804,0.1161759476635547,0.09956753100771992,0.11117860741926996,0.14705795600066277,0.0667124872913604
Background_Noise,1,195,0.11864493761756921,0.05,0.1775380512505102,0.08,4.0,0.2,0.3,0.15,0.15,0.1114034385615434,0.13160894193330788,0.14072740019687024,0.12856155437374592,0.11999565650330989,0.12858171780387195,0.1299684951046729,0.10641180367479286,0.13788789839417326,0.10429828519594304,0.10215966321202737,0.13910577204225663,0.10040353882227315,0.1272748601623318,0.09766478528689904,0.0983538361690002,0.11932244446840874,0.08062745962153167,0.09227409765856534,0.10113000225259447,0.10074441811135643,0.09462839602564274,0.1279769108002162,0.07131000991297672,0.09971475813224837,0.09203242299098062,0.11731453955226381,0.12484043185780168,0.11086385210639164,0.1119533435518854,0.10175905453280469,0.1272664486510967,0.10196430312654418,0.08327486403114553,0.1437328299919328,0.11128621076018573
Background_Noise,1,196,0.10825652120659864,0.05,0.17736557607553388,0.08,4.0,0.2,0.3,0.15,0.15,0.11113364918937048,0.1293501148666547,0.09015839279450362,0.12230788947927015,0.12735346031063524,0.08711188995726271,0.09009921502101292,0.08957660514190743,0.11929689697663504,0.08318982034309823,0.12419897876779322,0.15954353947333677,0.1315972419988553,0.1267165900533425,0.11875225492008318,0.1252505006646838,0.09462285777677051,0.11404559149274601,0.11051860995729637,0.1033009856693481,0.13290024301316558,0.12229486401487338,0.07583475165488802,0.069439464573806,0.10587630626049527,0.10008635916301171,0.11785797085466662,0.12636157633455872,0.09884697441010772,0.1259737632456991,0.09702861048341582,0.09702165697308368,0.10444711246077704,0.09848831206459402,0.11800378098054885,0.10334805452993495
Background_Noise,1,197,0.12585470226337028,0.05,0.19066978190464948,0.08,4.0,0.2,0.3,0.15,0.15,0.16233677007706648,0.11553767147193027,0.12320415215643074,0.08505670803633157,0.08478978703064666,0.10513570256477077,0.09565822832195886,0.1577823164598782,0.10082708223765388,0.10599416600583028,0.0811224113432468,0.12341137945229969,0.1352822195866397,0.09899007410944802,0.1313729101639201,0.09445911555549909,0.1355611465762606,0.06946829060866078,0.10079908852275868,0.08896991575579935,0.12009798878294382,0.10608754030366326,0.10363664864737163,0.13017647035227067,0.15367012985064954,0.12446230127126184,0.08322866498077647,0.10031776320477848,0.11377551607455003,0.09908735613866927,0.09382726679020725,0.0969303968502058,0.14442321520415077,0.09993535682097279,0.12009580235513335,0.10273987706696597
Background_Noise,1,198,0.12668299338946667,0.05,0.16707015073060402,0.08,4.0,0.2,0.3,0.15,0.15,0.13213509328787937,0.14821545415006557,0.13152086461858742,0.09335595080895655,0.07645959527460455,0.10262174069681505,0.12778065884625917,0.09640582369504375,0.1311990928405368,0.10843297255044888,0.12577819548512947,0.10220224448713805,0.09983488786331217,0.10581927689135423,0.10825144912957635,0.12334476196581208,0.10419416850125135,0.117343489698641,0.10571076168150798,0.08837857131241533,0.10039108881883343,0.1325161399283798,0.09748525782880249,0.12388414865237243,0.11448861831269201,0.10360475714693468,0.1301940893022933,0.13641739567989392,0.12283878762496392,0.10489830165113603,0.09794592667941594,0.09472813948884219,0.11846887958935454,0.0953277648904274,0.10740327295675114,0.13642203378066775
Background_Noise,1,199,0.10822029175406396,0.05,0.1504427817851609,0.08,4.0,0.2,0.3,0.15,0.15,0.1150469575605859,0.11449151183569466,0.0983584407538444,0.12792104413865563,0.10536858751551997,0.10576067858586706,0.13352826521005787,0.1317757160499063,0.09110481562692661,0.1375265939299415,0.12991271524268305,0.11531490405544666,0.13957909859604195,0.11432786154513637,0.08384960142742715,0.11853484610816155,0.10177968439987305,0.090432619439518,0.12086486037066879,0.1186326931895338,0.06742391551235005,0.10848479370417762,0.10742032532989389,0.09584990949470318,0.10435017751485891,0.0950078646761885,0.05803373691823671,0.06945464244840975,0.07921567105275361,0.13517861731479847,0.09246080436348092,0.1110016756106771,0.125527851092992,0.12987251184629062,0.12166876798141103,0.10340750221414002
Background_Noise,1,200,0.12153326211588335,0.05,0.15720166631540405,0.08,4.0,0.2,0.3,0.15,0.15,0.07365150860843442,0.1259622454343101,0.10481818473205244,0.12900180826891547,0.11192713057445886,0.09819600045267998,0.12026237042203791,0.10042543310953969,0.11569024278337553,0.11252971718856285,0.10038842873417796,0.1006437185446298,0.09409376644994358,0.09161476166362778,0.11843716042807059,0.09521514009552014,0.09617869381798398,0.13216680356388175,0.09271117147132996,0.08648117795084956,0.09393653701040566,0.1302159610607814,0.0620929424753258,0.10790991645400336,0.09385942855775867,0.10794630763648531,0.13330319171580307,0.09875617958831766,0.12368228481371533,0.1294878568486061,0.11023179593452917,0.12130440060399185,0.10195372902337205,0.08875495979749796,0.11648128477383468,0.10129196340727599
Background_Noise,1,201,0.1285708730907269,0.05,0.1727866082148905,0.08,4.0,0.2,0.3,0.15,0.15,0.11385892959576513,0.08685677309780884,0.11018024260095376,0.07420402038348628,0.08753813133292093,0.11578834899246204,0.06066954190564606,0.08628765524110069,0.15217701816178278,0.10964366207021065,0.0956246188502406,0.1538675947148221,0.06286201459998249,0.11375225713232948,0.10109468590828678,0.12456127594182312,0.12869445271849872,0.09917837009829288,0.1452003556993522,0.11066282554863645,0.11104023020212746,0.15088635257242644,0.11319006054239088,0.11562405444038833,0.09155487521885783,0.1638625724563965,0.12848404606351785,0.09018106003875376,0.09050633378559853,0.09881073727407677,0.11175404966187089,0.09500291110683957,0.12754280745601854,0.0782247080677118,0.13009346895378368,0.11479010234415842
Background_Noise,1,202,0.13397031969246698,0.05,0.14669406696041412,0.08,4.0,0.2,0.3,0.15,0.15,0.12237288696019688,0.13423746224430647,0.10644250613985509,0.09794362644296313,0.13937025680348208,0.0975930853816969,0.11872327446686275,0.09987806270468938,0.1116200464567167,0.10443097708910495,0.08282840446920733,0.11635682115686616,0.12135203817556128,0.1443008769568275,0.10165928343688961,0.07453123642502708,0.09972373407600237,0.10347439646841386,0.14549926611888508,0.09355420546281513,0.09391556155000207,0.1250902828674196,0.11314422219150035,0.09877874724684738,0.13846963301645898,0.0813322825806725,0.14583628460981551,0.10975634282335811,0.10007300491877141,0.13226352728378862,0.09896730210664376,0.0917675114326288,0.12467051685749897,0.13445303001121903,0.11532396021995447,0.0934385796144185
Background_Noise,1,203,0.11263998519106354,0.05,0.14564595725300708,0.08,4.0,0.2,0.3,0.15,0.15,0.0913999989724513,0.11401627384808988,0.12290094935659791,0.10180829011283173,0.08315376930807049,0.1237204807887733,0.09665383709244513,0.14416099950513742,0.10174803018781436,0.10614371830136998,0.11582992970537308,0.10964520035979779,0.14423020497902167,0.09265524325399728,0.13776076663938244,0.11946609951065894,0.11157926180377506,0.09802552083823393,0.1061990426353012,0.1269078980192411,0.10248655649920449,0.12497912947610906,0.13708828506551024,0.13461257676048627,0.08701098387332888,0.08558787839655886,0.08037214621395268,0.08787125321908404,0.09535337090491039,0.07683339612828421,0.11062267446811197,0.10021162032189297,0.14434872972319773,0.09374007256834738,0.10305756384347461,0.11778934508039461
Background_Noise,1,204,0.11567317051292612,0.05,0.17728507860606016,0.08,4.0,0.2,0.3,0.15,0.15,0.11763090294522714,0.11050101587386522,0.13641534452242943,0.10309942984809825,0.1522841453082568,0.10824477128063369,0.09139841185405718,0.08412299941040632,0.07042282077488848,0.14025794741601724,0.09176065623314328,0.1314920250478443,0.0944512906767011,0.10991947755251544,0.11518862493297762,0.11178169650978832,0.1035775930240663,0.10983907712474428,0.09935493175375522,0.12385760958759176,0.10989735571337349,0.09582226241543217,0.13606811909973426,0.15414617563687721,0.1285059897400134,0.10992611924102726,0.0742286888756792,0.11464792937937539,0.08358722260743269,0.1196266400824915,0.08225295568840187,0.1176609456524807,0.08615393483190786,0.10829648022546644,0.11970909276564484,0.08723773284831786
Background_Noise,1,205,0.12447876134503988,0.05,0.1374904409101646,0.08,4.0,0.2,0.3,0.15,0.15,0.09703255350751121,0.13437683970621778,0.1269801480985795,0.12908919041967515,0.10548583338997726,0.09171241208899242,0.10995394309002676,0.11636148159360302,0.08417245483311911,0.13494523877893244,0.11203312504876267,0.11028616786913396,0.14593462265600482,0.11590085853254681,0.10840746290586063,0.14286843545616806,0.09983309223695261,0.08242677530563255,0.11842296521430574,0.14261531998860422,0.1260412301282672,0.10283443205627463,0.11597033367908693,0.10488004619414984,0.09538231865148032,0.13432410180918805,0.12148683384626195,0.11272036593341919,0.12393360925686124,0.09850662247245716,0.11969510733739938,0.10921406328271924,0.12708401259716293,0.13198895785598122,0.12358933076115859,0.11199531490105484
Background_Noise,1,206,0.12826750669871423,0.05,0.17378673647292855,0.08,4.0,0.2,0.3,0.15,0.15,0.11481621366516451,0.11424249272315126,0.09681187246709476,0.11912595189751402,0.111739886247052,0.11462162741650178,0.14806601546053205,0.11766801413830992,0.12496364081797984,0.09323123139844297,0.12586862618582936,0.10702968279702613,0.09426382634222892,0.129500409305506,0.11706615530923431,0.1151929670888624,0.12712647152367074,0.11765806673152124,0.11010306358183213,0.12618776534515388,0.1182999496721151,0.14957831002873703,0.1278157751896398,0.12143085892466103,0.14390350199545446,0.07857556803015044,0.11249992909594221,0.128822694933249,0.12648625202344552,0.062047337469390264,0.09946465694197366,0.092571408752381,0.10352508761981724,0.07760114856508588,0.10364235012146315,0.10265404594826626
Background_Noise,1,207,0.11728127182924264,0.05,0.18751051957711118,0.08,4.0,0.2,0.3,0.15,0.15,0.07524805490694543,0.11883679050105415,0.05997564655497424,0.13474140651958202,0.10594114398117235,0.11836384856834549,0.10033653866687367,0.08756379484715812,0.1249755887515235,0.11943852336456656,0.05201133081735868,0.12733225208452828,0.10309205925156582,0.1355235035408322,0.09803932684517827,0.11201416532710615,0.10208960219137841,0.11412321045077867,0.11160902684405229,0.07319924494959282,0.12820607206698648,0.10405102696517717,0.12056378947236862,0.09735530419010459,0.1478854420849396,0.12881327501036202,0.10478301813014877,0.11724976189964374,0.129207372761596,0.10978527311438875,0.13791785493368958,0.12643324810145767,0.10042573890476093,0.12445975613613526,0.12378676270994805,0.13543385244827635
Background_Noise,1,208,0.12017988384325944,0.05,0.16391099732152378,0.08,4.0,0.2,0.3,0.15,0.15,0.11481730554663451,0.07131875505098462,0.10672885296217413,0.10417541531004441,0.10530399487044653,0.10139271741027182,0.1102373995561768,0.034301501640600085,0.1014183241298182,0.11487027084222626,0.08265352084255076,0.06337924025936835,0.0843283253263798,0.11373132574852989,0.11506076530154187,0.09376510585985158,0.09473580417154104,0.06994607444385527,0.11923386912973767,0.12665021672119042,0.11381641270171028,0.10791745559144615,0.08284405874794445,0.10753774902375113,0.10608308999478464,0.12690509481229206,0.13205026650990634,0.14884320129412187,0.12671890076318362,0.10911521647379517,0.05689092520267407,0.09990421875551975,0.10730323350681067,0.11335985845261831,0.12461653954736678,0.07562319410143771
Background_Noise,1,209,0.13951354151507878,0.05,0.14992358346399604,0.08,4.0,0.2,0.3,0.15,0.15,0.11349485322074422,0.08369656794782526,0.11912940180439109,0.0967316533807324,0.10856591187140142,0.07261723193921096,0.09885656280545667,0.13502812653483773,0.12081331052990818,0.09465010809082842,0.11117057476178421,0.11825843552860987,0.1299660004834749,0.09680908120820528,0.13992086724848182,0.10635818850828688,0.11116567767271321,0.14191425478022607,0.08079630581686358,0.09839947660919474,0.1118646444211066,0.09833666792163635,0.12936646159869888,0.11978379833385108,0.0880120840498354,0.1278773829719298,0.11217408620580198,0.12811007115363976,0.13367801791400952,0.11644075522801133,0.10659055426201774,0.10459205541766374,0.09649841876606893,0.06517290714442396,0.12525943052892874,0.10455419191254413
Background_Noise,1,210,0.12622999237395494,0.05,0.13695366525731112,0.08,4.0,0.2,0.3,0.15,0.15,0.12245053064184652,0.13727034553939732,0.10337738112057647,0.11199184194763444,0.09875610176872085,0.13481942488369025,0.10687673256926516,0.0819393796134559,0.13485483799310968,0.09417463415780439,0.1023356241775116,0.1305073403875079,0.09640710513645386,0.08875735787130254,0.12982865038638103,0.0938549942782323,0.12522753349906732,0.12141240204503677,0.09744220759337173,0.12347257885674864,0.12127343463036866,0.07693426615893342,0.15089533957742113,0.11517257232550675,0.10984151095492041,0.15662145400864463,0.12184568896134529,0.10153822089325644,0.14295209025178413,0.1067229688428539,0.09462158477403237,0.12119557150992724,0.11337739114620485,0.05903791823100747,0.10273813500301084,0.13916572078339692
Background_Noise,1,211,0.1155720417708041,0.05,0.148179873023361,0.08,4.0,0.2,0.3,0.15,0.15,0.14129438042330328,0.1563875687801528,0.1176120198677229,0.09253977940152185,0.09160598717548663,0.11967228008534594,0.10938059589763853,0.10732274319252845,0.12387703892452975,0.1024170913718857,0.09848663505093255,0.12171327359526196,0.07958167628815394,0.11383925250630868,0.09006241814972761,0.10984138128813065,0.11733613484204981,0.07035568141690385,0.09344287926515923,0.05060581711496373,0.0976159113807639,0.11944997663229232,0.07081687347915494,0.0967639376690879,0.14207502150497325,0.10822332714132941,0.13615847155140276,0.12148360610980709,0.10518899851417024,0.07967532014802256,0.06672257389316319,0.11995022218151442,0.09598393861455362,0.12337627440957591,0.11995624169060719,0.1174445939616634
Background_Noise,1,212,0.09991032758363252,0.05,0.14069246122249138,0.08,4.0,0.2,0.3,0.15,0.15,0.14879110549466767,0.11483880925767154,0.10278556230668122,0.12711271791451875,0.10574992301135835,0.1204670090303723,0.10588734786822897,0.07464129056481332,0.09166476206821852,0.12646987652904876,0.08543076652821832,0.1137396767915336,0.09565089921196791,0.08832960235864765,0.10939054540093432,0.13142368105223196,0.13319748537031462,0.12596266012053636,0.07615306261698954,0.11879997687738643,0.09082877546940181,0.12741224936700757,0.13385921230514405,0.13223771023896497,0.10660686012768429,0.06982819140741814,0.09831894920054289,0.1091650594174815,0.1133412269639257,0.11100713456234697,0.11041341058053751,0.12956674267092577,0.12102285734944068,0.07481454772756609,0.11983923833967139,0.13886248879954122
Background_Noise,1,213,0.12361843608862808,0.05,0.15498986570123718,0.08,4.0,0.2,0.3,0.15,0.15,0.10755232072817186,0.12973589647631711,0.07742748227770692,0.1239172052304171,0.07633751792305547,0.09557978939194557,0.12910043433370283,0.07407274772098141,0.14578296071253494,0.09753034628600604,0.12085092475506991,0.11332669226944377,0.14364393526472563,0.1405031236764035,0.11125833715979709,0.13528298467330527,0.1538215611230217,0.12671131465578594,0.10039839822046336,0.11081450677460905,0.10380689892293574,0.12116633277234841,0.10761900278609607,0.07904359098883187,0.117355402619176,0.06529961360611014,0.09427172363534381,0.09723710148104209,0.12718635541641976,0.12290550272865057,0.15705617063209543,0.10549026749764999,0.11632659064367702,0.12981625502780833,0.13877100160020792,0.12632543650625408
Background_Noise,1,214,0.1325333008220013,0.05,0.14638685155446646,0.08,4.0,0.2,0.3,0.15,0.15,0.0932967761588548,0.101687742686198,0.11396076249992097,0.13036440848338515,0.1458960408873497,0.1149249371524033,0.14848811847051605,0.09331671405590608,0.08800901922248396,0.11308434354287424,0.11962249289362563,0.09894335166538298,0.09681915063806218,0.1329925404106418,0.0941331788278766,0.12577073700875233,0.1402684039727474,0.10498640157650067,0.13931607807246735,0.12913280532222743,0.1333221228039525,0.09454336181978075,0.11606854293081066,0.11738629035274763,0.1152487752649872,0.10722757553151169,0.10368745034884332,0.10517821353383947,0.12416254148282667,0.14571107641894898,0.11940981743219799,0.1444230266006572,0.08465742985824629,0.12028374619715938,0.11573056678764858,0.10119552879432728
Background_Noise,1,215,0.10729878420995398,0.05,0.13463651642498878,0.08,4.0,0.2,0.3,0.15,0.15,0.12053350800466422,0.09070457255470246,0.12619025906348882,0.10483434793371173,0.07583936952971335,0.08792272032221912,0.10777211849762953,0.10404720564204284,0.09074816706900751,0.1561047500620161,0.1038459866614919,0.10253060134453403,0.11783625026794739,0.1194313820987484,0.08206311614495974,0.11167576161951723,0.10262710966446147,0.09181379967315853,0.13254003709515025,0.10087374786117206,0.08694905100741969,0.11315797888288703,0.12240533037659275,0.04976799503643927,0.10624114702252119,0.09905390480297627,0.1204497477132609,0.1118812916605999,0.12033400425194415,0.10387098899031467,0.12500824905532365,0.0995483497862766,0.12043268427963481,0.10846701838501337,0.08088584896506781,0.13838725025063994
Background_Noise,1,216,0.13078581606178621,0.05,0.1435642941444052,0.08,4.0,0.2,0.3,0.15,0.15,0.1021440445139848,0.10218749358850013,0.12387140184145538,0.1483544867821515,0.1161350123902154,0.11092923205020956,0.11867684985560956,0.13354620647081056,0.13242388004999114,0.08192606825419092,0.12728967472511063,0.11129278116351403,0.11622355601943107,0.11391870925426799,0.10262170867871404,0.09999909451335967,0.09947639163045036,0.13288935758638973,0.12635431203093492,0.10369684480702986,0.10254229554172749,0.13795027437968685,0.08533960502867653,0.11656716424046865,0.12328568526582573,0.11820723170572703,0.10445480250113176,0.09765828541318135,0.11292571100161419,0.12814680462981098,0.09987245975474965,0.08489903073717506,0.14074506911648674,0.12296154150000524,0.12851311962274345,0.07856856478710622
Background_Noise,1,217,0.12720521526880268,0.05,0.14273838642037448,0.08,4.0,0.2,0.3,0.15,0.15,0.09109882223390259,0.11764227482102961,0.09157646489818097,0.13167583920342282,0.09672195791639096,0.07780096711482949,0.10193764364300872,0.10536415643545866,0.13774413754459003,0.1385718661007158,0.09463959280805966,0.1514027770486023,0.13511822303236437,0.12556107582824094,0.11352107044927691,0.10081210493936482,0.12971079872535074,0.08419191868881526,0.12615544902890471,0.08338295820238895,0.08154383237054168,0.12053203684877419,0.08332249935413807,0.1253489729931565,0.11982279558003271,0.11599445520524082,0.09878820619618475,0.09649399615674693,0.1410419852144759,0.1040746251882378,0.10802354980887814,0.1304510237431613,0.07625220698128948,0.07787204061819902,0.08582166958724205,0.1094529798741997
Background_Noise,1,218,0.11943758729905178,0.05,0.11179836712498853,0.08,4.0,0.2,0.3,0.15,0.15,0.09842530581894006,0.12027852242634296,0.11031596827844972,0.0750256809290532,0.11187843469213828,0.12874587863000325,0.11290730550206068,0.10113802021598961,0.14176862777537752,0.10908996111764943,0.15936709121899242,0.1209416424073127,0.07255755638570754,0.1410859031560119,0.09332563622379489,0.13931789589544014,0.12558998315569328,0.12290549955165093,0.12904506553976253,0.13348950927900324,0.13921147346534365,0.0882367751306115,0.11574646083829349,0.11128150291841056,0.10822452219727989,0.11393574458362496,0.10546176832609001,0.11737618016241905,0.06563717935343938,0.12510719248165644,0.13107751820238522,0.12863602948574687,0.09869695388073471,0.12571849423081644,0.07222512011022683,0.10544466947181236
Background_Noise,1,219,0.10575961314156146,0.05,0.1665189714542106,0.08,4.0,0.2,0.3,0.15,0.15,0.10467049159740337,0.10097658098058082,0.11199586986249047,0.1459148226143931,0.10928152064472366,0.09484782155448712,0.1273690981809961,0.10255109422160329,0.13705958841534704,0.05923582325308976,0.12419423088278328,0.1156867505183515,0.09203967519350222,0.09432416857747888,0.10680965677659868,0.13208200406519788,0.07405751896873453,0.13709475543148272,0.11950188899277533,0.12654675806345683,0.12484866316036362,0.13016376565857682,0.07835719707863113,0.10220819388305365,0.1317638119734406,0.10480088434030917,0.13760488870164053,0.1281749157627649,0.10366809398182215,0.11731919928569615,0.12881402123988286,0.10231030412839405,0.15478294984774849,0.1189262483846789,0.11739174938920373,0.09446550101119547
Background_Noise,1,220,0.12159153862162601,0.05,0.13337447027449345,0.08,4.0,0.2,0.3,0.15,0.15,0.08204146128924514,0.09706624592372642,0.0799405750106848,0.07142707803141121,0.09166713253583629,0.10743341579022223,0.13032753388843107,0.14014557168040165,0.08083819493912331,0.1011425082690364,0.08677903255348447,0.11243218847475007,0.10847987370265098,0.11249913103021315,0.08640980764789942,0.10010408258801118,0.1213564043579756,0.0980030973841074,0.06529017601632721,0.11851917084937644,0.13064633425578331,0.13427693510915617,0.08901749155641989,0.12854585203978802,0.0912618286419864,0.08117643853349221,0.10340293868449715,0.10788756902251224,0.11500565918462728,0.11235778195045885,0.11689447944919906,0.07059574542213143,0.12386510184641385,0.08569089893038073,0.11486385473706387,0.08837755415045981
Background_Noise,1,221,0.1305302822551125,0.05,0.13657033917086417,0.08,4.0,0.2,0.3,0.15,0.15,0.0993832187199179,0.10808199042118397,0.13356791642073923,0.1003065351985922,0.0932329360898951,0.08555637286218715,0.14001695242619214,0.1190649992469275,0.13198032955851144,0.15565667089595192,0.106195909892641,0.12684254160936037,0.14082525395736467,0.11586186235626064,0.08409636274600543,0.10429020351254746,0.13290609411773616,0.1216521004401217,0.07623495879359557,0.11114336684130594,0.11821142613052017,0.10614736374922581,0.08313789751221204,0.0991342988904793,0.10074879580432333,0.08902855218592277,0.1358775570170344,0.11533713315208974,0.0970081673479562,0.13991791130269438,0.09607704538745801,0.13963628199287118,0.10941800447367836,0.10053247342906191,0.08270846675184823,0.11010507785258224
Background_Noise,1,222,0.11880506630353208,0.05,0.15268674185423212,0.08,4.0,0.2,0.3,0.15,0.15,0.09001674474563544,0.11627100168829019,0.11440875353834125,0.09920780403113155,0.121504247205323,0.07361945336735504,0.11394318968602946,0.10126239091248068,0.07570894643356665,0.12843595099574906,0.10547214390279674,0.09938122770019103,0.12152331157670986,0.11734582721230535,0.12066870486659212,0.09736794241869777,0.0996569093366912,0.15983239950092887,0.12263296367219752,0.11180082772693589,0.07831774709931666,0.11341224766438901,0.1284105422336936,0.08467095279406625,0.11369280817013211,0.12093978564854761,0.04337607718861887,0.12356702219992585,0.08778503938203432,0.11500601841705732,0.09358597682977993,0.10393467612527206,0.09564876483301178,0.1067503760800351,0.14836833245013983,0.12346937249439387
Background_Noise,1,223,0.10676015649118901,0.05,0.1774704178392923,0.08,4.0,0.2,0.3,0.15,0.15,0.10325842287947343,0.11477457879446894,0.0537177469913285,0.10691361598947578,0.14227103814683262,0.12319426842662967,0.10110817069250544,0.08716712565009685,0.11741113161639093,0.09344472417092524,0.06480347704201567,0.09418188578557879,0.10465365874120049,0.13117252655784284,0.11462487175209556,0.11142380048909736,0.10713745383089181,0.1330652872265134,0.1014332726284557,0.1316613270969731,0.08584100148706958,0.10213075224881848,0.102590713927422,0.11171053965566186,0.08775993970537377,0.10212168374679179,0.10791733684124674,0.11749764385773889,0.08856826035185784,0.11022023651388686,0.09894909492423995,0.09796295488395786,0.10786151464211896,0.12397641477746296,0.09320267224492464,0.13761014152173043
Background_Noise,1,224,0.11158423018419387,0.05,0.1495054409328297,0.08,4.0,0.2,0.3,0.15,0.15,0.14798830723225714,0.11326410094899923,0.10858378617837054,0.12195608295299315,0.1034967828627803,0.11457456269362429,0.10382956861010811,0.10585133361051215,0.09373978775773868,0.1032706496548168,0.0738642545134692,0.08143491686987009,0.10901851031692482,0.10904520010831636,0.12380948979818021,0.10994682072734967,0.14819669642805022,0.11668120906390768,0.09139069139666296,0.1474349825814571,0.12036044412929608,0.11354581907596943,0.08835392794109315,0.0900639833808551,0.11327506023605308,0.07607614642155812,0.13410663652330077,0.08620160635552455,0.10483031756286412,0.1085239525185303,0.0703244404699557,0.10323015732795048,0.1125348744940917,0.07740091229540644,0.13385282036766258,0.12005124652942965
Background_Noise,1,225,0.1291692870879818,0.05,0.16575288574263883,0.08,4.0,0.2,0.3,0.15,0.15,0.1155487667663293,0.09719170887300473,0.11744303848977172,0.0960010091943248,0.10916977421476122,0.12161259598144496,0.09463874329674772,0.14205255010357437,0.08291455362225254,0.09174185469470522,0.1047173684602227,0.0968598110493469,0.09852251985662763,0.1108042985919792,0.10677564481540705,0.1366840254490375,0.08550617235894387,0.12680257069263812,0.11364074134717334,0.08503814955236798,0.123794947343264,0.11131509698589963,0.11273684891004986,0.10282787391510931,0.12982405336949038,0.08835913975291833,0.10664943459953569,0.11429702307932314,0.12299329634326737,0.1264492107298067,0.13268733064269647,0.12586883107076474,0.11845462859368447,0.1178862741214601,0.1436334534347459,0.12215691754128293
Background_Noise,1,226,0.11474686182222912,0.05,0.15252320515429918,0.08,4.0,0.2,0.3,0.15,0.15,0.12863161766171327,0.10478093752216754,0.09144798783018718,0.11524495279673765,0.11820397538273811,0.12249922510123673,0.10173264262724802,0.12490652850074514,0.1261137469692057,0.09166581312644737,0.15180892992504638,0.11482032674646869,0.1333363797039177,0.10109111836313253,0.11791993909757811,0.10577088188825233,0.11916852458148677,0.11881047837679182,0.0881647524433445,0.08516761560764732,0.07952178336875515,0.1553095887710501,0.12699148938318602,0.14344065170645437,0.08232274940318914,0.125802475184131,0.08796745411599577,0.13848255208517538,0.07653454268374518,0.08480479729534171,0.12238629467549329,0.12130267857618457,0.1400997121871252,0.09499334456238177,0.10043051234864846,0.09163126984613187
Background_Noise,1,227,0.11550310577220502,0.05,0.15403869369961679,0.08,4.0,0.2,0.3,0.15,0.15,0.11841474697817538,0.07700143299960813,0.11805731313787234,0.11125245498927878,0.11297966431916516,0.09076423673661113,0.12871503782844027,0.10840352401334605,0.12573001255245825,0.11435721053977554,0.0915859912315744,0.11849272371128224,0.11374150443384985,0.09323338928482414,0.11371847209650889,0.1303959148773152,0.11089143687939787,0.11453085433254112,0.12382821722803104,0.10860182782243952,0.09755039912679483,0.08224614006475861,0.09240993688061216,0.10746348775215332,0.09398865170158202,0.11506333802435521,0.12777055210408708,0.12397900925315666,0.0984057885618825,0.13022912418882976,0.147834269331885,0.13353702960690433,0.09694770842579079,0.15323516854372243,0.13022751159626333,0.10003071490768843
Background_Noise,1,228,0.12279423740631161,0.05,0.18202276869342443,0.08,4.0,0.2,0.3,0.15,0.15,0.09941767559567914,0.11945446481188289,0.0875971258562375,0.10602239251199064,0.13566722274329548,0.1210616117999302,0.08321834705213212,0.08914975188385398,0.1220564727493286,0.11960199026339333,0.0666953406392145,0.10870313361176565,0.11681696230046837,0.11002449705894915,0.12359494838695514,0.08740981981100625,0.13025132567929562,0.1146579625705928,0.09674035588916345,0.10798904700386193,0.09454654099190594,0.08323760762772546,0.15673396396518813,0.07965476847928965,0.11678457234589756,0.09053042626540117,0.1347501748974407,0.15088430841747758,0.14233633836432386,0.12959120578249253,0.13860714280517536,0.10751775122425482,0.11528453353604835,0.0788348972992382,0.11804584600719079,0.11963898536856508
Background_Noise,1,229,0.1478217319348745,0.05,0.15429619879247694,0.08,4.0,0.2,0.3,0.15,0.15,0.12051281107563384,0.12199755547916263,0.1299358600324471,0.12712476276436663,0.12558901679609757,0.11634915539295,0.11814576907571264,0.09174973661474102,0.15430608132227575,0.12310775604980592,0.1148634811732516,0.09435753933009078,0.14339088752120194,0.10470214445084366,0.11027746783336481,0.12650603052121684,0.10961409172121231,0.09596472939054303,0.09901295153210525,0.09783815322773334,0.10538306630600894,0.10916313046990624,0.11089682908622794,0.10676721520216113,0.13625476360299002,0.14897040211064586,0.08581569230577536,0.09354344334913459,0.12089659601214589,0.11694931308312985,0.08521386146836075,0.11226175462112294,0.10758590467613872,0.09909753769169835,0.08142488756674993,0.07123988153504084
Background_Noise,1,230,0.12319716343441316,0.05,0.16917153429078924,0.08,4.0,0.2,0.3,0.15,0.15,0.11363243979076311,0.11120718282131503,0.09160771059251435,0.08364739091321473,0.09923421656267532,0.12259175905668251,0.1062780587922517,0.10505497186531497,0.0717953437504387,0.13547196995892377,0.1367406648402346,0.13409174097839563,0.13178395142146276,0.12307298933724661,0.12975110319206679,0.1164950633835018,0.12735169164092497,0.09763821852142779,0.10295562987242979,0.08933591539837221,0.10558441201622003,0.11145395811253488,0.08727786709481015,0.10586580154127274,0.11365038485303305,0.12715948794102214,0.1210969185306517,0.08120213224694674,0.09064197670871402,0.1146149324334346,0.08151528606499563,0.12308507955878643,0.11689882413648627,0.1109547760456204,0.089059710228989,0.09693253060509377
Background_Noise,1,231,0.1129605878283817,0.05,0.1416822673080036,0.08,4.0,0.2,0.3,0.15,0.15,0.1640478501392612,0.13225595119927358,0.08742813062919914,0.12434613471053316,0.14040360151159956,0.11649263212220617,0.0971323256856039,0.11993098071451747,0.15920114186473988,0.1368054911245437,0.12796743915039946,0.10079622975029676,0.12284226706236402,0.10152721493736096,0.10732340207995918,0.12922026859831695,0.12611894865726578,0.12122238135188482,0.11500433468588483,0.11994394162238085,0.13267969452994402,0.14269950361897155,0.10255910626019349,0.09223781179528044,0.12317815033875601,0.1160050754141979,0.14620996298880823,0.1286896714507129,0.16334979631323682,0.15056561401862414,0.09076776725395208,0.11416266969770231,0.114950735879879,0.14252304538623936,0.11466021782417281,0.14499252988600003
Background_Noise,1,232,0.12346124644423036,0.05,0.13358071729742935,0.08,4.0,0.2,0.3,0.15,0.15,0.12798501831463566,0.09025911961517033,0.13190408756062671,0.08835353624703791,0.13962771919838265,0.08463588668462373,0.1214540411142108,0.12419111321621909,0.09778089808372212,0.06394046744304867,0.13523957141567677,0.11761489654297455,0.11358570371633618,0.10479215302796938,0.1230858192175195,0.10606764319171735,0.1079324616053041,0.08219134233054536,0.06831927806855861,0.08276164906268638,0.08431494989703119,0.13319164675178405,0.11354091407068331,0.1106736945678374,0.11006231114309975,0.10274454088088988,0.09708213073986915,0.11928653711416598,0.11545293767079258,0.06820536140399941,0.09591398312213341,0.0891391467111588,0.10901125760610009,0.12467782441843893,0.12298254977447223,0.14708478968946148
Background_Noise,1,233,0.11526775783872324,0.05,0.18072722933272584,0.08,4.0,0.2,0.3,0.15,0.15,0.11572026353358676,0.12760192263739362,0.11559747731205917,0.12277392267997961,0.14318776003999684,0.10931238029564373,0.11484527493254006,0.11929947216210546,0.12471993536555341,0.09161905275530426,0.09471883388438389,0.11223066072242169,0.0656436192445929,0.14226307915586725,0.09957675356382516,0.08957755650981232,0.11484660790020226,0.09377129373885047,0.10215786920684448,0.11013064942625303,0.12681305698718234,0.10389503984000806,0.08123572340018065,0.10291660689272948,0.1478555082603863,0.1017086492967443,0.10200853531527414,0.09228993450548348,0.08562095199336586,0.11151898008517921,0.12625800955899116,0.1229531916083534,0.11632507762432102,0.08514975804698371,0.13636783848404332,0.06593857355868687
Background_Noise,1,234,0.12567875697556755,0.05,0.1585758961704764,0.08,4.0,0.2,0.3,0.15,0.15,0.10065353871178168,0.10364743691174517,0.12575936302574584,0.08779327428138575,0.11949819137908493,0.13700401435238743,0.12649463959134827,0.13866983115506737,0.0944109957885086,0.10179076172462054,0.10285174926874559,0.11347601991043135,0.14101324804477516,0.11228885592140384,0.11051891079280227,0.11266051656083612,0.10345967629744643,0.12078659238699875,0.13907346669850904,0.10086338131969863,0.12188787737761492,0.11762527755933042,0.116792818366379,0.11195770233200128,0.09974168322886959,0.10506192157235901,0.14860613722938198,0.153735851752842,0.09699792341191861,0.10268275942214558,0.10285507859306174,0.13458183734735715,0.1261842903595106,0.11943764884900897,0.11631143939719815,0.13519773085842204
Background_Noise,1,235,0.13549180119522383,0.05,0.15054629975947567,0.08,4.0,0.2,0.3,0.15,0.15,0.07702984935059284,0.10849511568109511,0.1276748596143311,0.10604005938449741,0.1109764498029712,0.1046625644249114,0.10689529944656899,0.09069752253004476,0.09231408790320768,0.12957961952465621,0.11655992335148097,0.13006086619850526,0.10302246872425183,0.10397917659082526,0.10729031658883667,0.08978660699093945,0.06195912820700141,0.09728654499100003,0.10880156634697472,0.1283836443232066,0.0918839608794835,0.10769003654693558,0.07368465044241825,0.09581783532498586,0.11113045364606515,0.09232300810020193,0.09266047969987092,0.1182145953300879,0.12127554906309787,0.09881633059286428,0.11115148912605148,0.13103526954454842,0.0789372545239111,0.13065252314806805,0.12877681858327328,0.08147464905879662
Background_Noise,1,236,0.1230048296731986,0.05,0.15369942807771603,0.08,4.0,0.2,0.3,0.15,0.15,0.11348935786016114,0.12636623988733964,0.12068569635630351,0.1069290745828214,0.09737662229595268,0.09150679394301639,0.10803535001304099,0.13055807634798525,0.10892276457631889,0.107126865677471,0.12192361775720018,0.09440402731559931,0.13792994322300264,0.07834298628428003,0.09172362802880904,0.11810814802714997,0.09604938579331082,0.0915318463406494,0.08495004951432775,0.13367783971188685,0.14469384023642645,0.09537113768403108,0.1121743833707617,0.12437392423381649,0.06475154780640043,0.128027565005885,0.08760873684711315,0.07965413343771208,0.10545703444694593,0.10296679573199433,0.10943925390424422,0.14648825286519146,0.06693889368073153,0.07792392719236099,0.08286580496227064,0.11574721142979512
Background_Noise,1,237,0.10394803021931263,0.05,0.1752846023509149,0.08,4.0,0.2,0.3,0.15,0.15,0.1123915930940664,0.08167520477602826,0.09077631999608768,0.08586446269659054,0.11472587529581652,0.10822533880822592,0.09143704551119308,0.11234422644647477,0.09223001857932582,0.10887023825791331,0.10712290784747668,0.10745322384485498,0.11325700547080823,0.08913444383896696,0.11333069265022198,0.09964873602027105,0.0823429679049881,0.0985439254062433,0.11407585239745671,0.12668579096003105,0.10713977380719351,0.11676336005209823,0.13142265435927575,0.09240488749944674,0.10205685952135032,0.11242836837159524,0.08761975235333684,0.10880434963743521,0.09371319131190128,0.10677500309763235,0.10825798752293933,0.11214892924658856,0.11500800194377435,0.11668500151574705,0.0934045164975121,0.0719489543322212
Background_Noise,1,238,0.11734354098826037,0.05,0.1316130793279302,0.08,4.0,0.2,0.3,0.15,0.15,0.12015812261158079,0.10251679555469059,0.10325124622469635,0.10959227847105056,0.09974993828889615,0.07904620900038001,0.09899421504884393,0.11783133911575022,0.12541015072874148,0.12442985702880652,0.07370630935276748,0.14636326381574463,0.14159094162526492,0.10150978741802227,0.12874177874609427,0.09530887406577063,0.1084638009386456,0.10936055388078944,0.11294226232660562,0.09991567966650201,0.10703171547372407,0.1057161069451301,0.06530130728974054,0.07725900650719472,0.16161346557995995,0.13291055029018556,0.12410222349120228,0.10373899052413019,0.12033458611714334,0.09861984467761437,0.13061083814826094,0.11120074031948562,0.14235313709288747,0.09694514308984326,0.09759331808459126,0.1128907041072607
Background_Noise,1,239,0.11467798897804556,0.05,0.16322935990767695,0.08,4.0,0.2,0.3,0.15,0.15,0.11460713271473329,0.0869204044844781,0.07676811316856874,0.1080784931946118,0.11143752264890837,0.10793041930850733,0.09932020215134643,0.08904140065850671,0.11826363390262104,0.07767886558706344,0.10980259975172574,0.10907491102256879,0.14781044236913268,0.14032930841448693,0.10212018583324622,0.09875120141904437,0.11108608716997688,0.1254668275425086,0.10021885159855379,0.10393226144858334,0.06121908720425531,0.10060492807835028,0.13082469799648305,0.11661417706573421,0.1013987711550791,0.09159733057934391,0.10291466516242444,0.09307513049175027,0.12389356918698907,0.1309467346065279,0.09708890706678869,0.07984521525120424,0.07640259247532898,0.06156997081223798,0.11193792220990306,0.078524002480533
Background_Noise,1,240,0.12447194954165518,0.05,0.14734834200658567,0.08,4.0,0.2,0.3,0.15,0.15,0.09310014102010404,0.12447087634882326,0.10972013215236728,0.12670325410922353,0.09637600545752104,0.10709533925327419,0.106544687650232,0.10182675895228162,0.14301317228263055,0.12833986796437657,0.14392488790524732,0.12099065545270479,0.1024606199336795,0.10898009794325844,0.08429844069351165,0.13422723435734735,0.09873384986640824,0.08063995757922097,0.13466060539736247,0.11525549976799099,0.08836976553091072,0.11470719313818481,0.10756590980873772,0.08703666834290846,0.13062400761990753,0.12370976222556583,0.11042748280833387,0.1034145281996437,0.13459810082560328,0.13080470089528548,0.11208124420726795,0.06701635687247402,0.1338590643457904,0.09323501882244375,0.08994852125614834,0.10761281548915722
Background_Noise,1,241,0.10766549894597092,0.05,0.13953106721428388,0.08,4.0,0.2,0.3,0.15,0.15,0.11786459083065069,0.11302534202671587,0.09649093584449514,0.11774644951922437,0.11140850644620963,0.14784358090045702,0.060839349500791666,0.1262406369363459,0.10602006883719053,0.09652858886935255,0.12329588813054525,0.10723739020740154,0.1167532494079641,0.09134860692347116,0.12191622008035215,0.0774724245412862,0.10778820883594423,0.12246050267135802,0.11830956065776803,0.10922964650707162,0.10355213807992592,0.13085589162336586,0.14062358217217666,0.1186432859633923,0.13159964726930504,0.11313294808600648,0.11990716524833546,0.08931580596639284,0.10262921839571072,0.1362877554756053,0.12531219687484751,0.08171753033489046,0.07864828502954105,0.1211857338962555,0.11054785800569371,0.10657319227108232
Background_Noise,1,242,0.11719116183551731,0.05,0.13423439159838887,0.08,4.0,0.2,0.3,0.15,0.15,0.12513424176546142,0.11744636147274778,0.11014546264782087,0.09198217702924553,0.11246613179224955,0.09311365836037863,0.11252634100219724,0.12467027893077065,0.10074604968692025,0.1137068093957942,0.12951283241066622,0.11653783385177208,0.12260225631039846,0.11279339837985086,0.11162374455546839,0.11416921619080021,0.10314242749781864,0.07779442501793019,0.11646308376866173,0.09769449338136514,0.10620631527358881,0.12041991862210505,0.14081384639346284,0.11088176979825115,0.1079139711431042,0.13311962285974482,0.10385290960644326,0.13372750151819268,0.13711112608502868,0.08768918838998102,0.1165073740479955,0.08171846140197317,0.09827721847247038,0.11611976062672419,0.11730640383378318,0.1422103730912147
Background_Noise,1,243,0.12044403018790056,0.05,0.20109915491010888,0.08,4.0,0.2,0.3,0.15,0.15,0.07704080901500349,0.1063217792581079,0.1341251456110792,0.10309516636335489,0.0992997580425869,0.09156522646036239,0.0953540215725312,0.1228570521393857,0.10417139295358875,0.1247119565184891,0.10148082984714252,0.10296355218863865,0.09330683217533856,0.12900817885974883,0.12125700434627688,0.12926049818305194,0.09421304113747969,0.06493131927953058,0.11106628332852408,0.06954094202779393,0.14246134096242383,0.09174337018458437,0.11573734482205787,0.1311906310680288,0.14707869138441693,0.10833311493794893,0.12131751771431226,0.13105526402807083,0.08211107106085262,0.11116401825215927,0.11014820959162552,0.1138234611834511,0.1117401317907869,0.10373781720767569,0.10324582853752483,0.08987282407682647
Background_Noise,1,244,0.1198123426497015,0.05,0.16597176426451254,0.08,4.0,0.2,0.3,0.15,0.15,0.14454980040749113,0.10323424985608337,0.1151316253633308,0.11624834287940454,0.111850231865504,0.10609256487754636,0.09273956370107395,0.08763958434959239,0.12466335264718983,0.11834347415233225,0.11977789017129065,0.1128457813507053,0.09659399228704266,0.09644164148992433,0.09143014906201974,0.11521733411755947,0.10576388853385907,0.12173087514617656,0.11169426401282243,0.0969378514763388,0.10490255723252155,0.09040345633564557,0.07532797897091789,0.15068446151552897,0.07832158184967086,0.1163211619620686,0.1409801227969663,0.10395486089222115,0.13730452955620234,0.11003999358458966,0.10667565829231519,0.13909011025171342,0.11567961033325821,0.13917580108385233,0.13516484713197413,0.09253184965781155
Background_Noise,1,245,0.10575727969024133,0.05,0.1337872916907973,0.08,4.0,0.2,0.3,0.15,0.15,0.12185557140647195,0.12776843278975575,0.10952331179679582,0.11182815591582504,0.1194158171396951,0.09689749026901723,0.06221142907551457,0.08524771597550754,0.09998454658549998,0.06627638272787746,0.08343466420522092,0.09038802520881122,0.10078250302193657,0.1296173391885163,0.10477910725916309,0.11316294253687044,0.1014231430217787,0.10076511444613256,0.12602056928362018,0.08789514125058945,0.07739078297401075,0.11430337017446515,0.11882092262050808,0.10099047538087122,0.13352254517382334,0.1033223135293478,0.11558745849614975,0.10269309017441544,0.11231953440203345,0.13800810055323062,0.10552948322564477,0.11281736623526202,0.09860311920972717,0.12987130884158,0.08478550129198435,0.08369990820883512
Background_Noise,1,246,0.12333933296905514,0.05,0.14163678660696544,0.08,4.0,0.2,0.3,0.15,0.15,0.12402641939597811,0.11661385878230021,0.13950984658757848,0.14358058389581535,0.12589344812924155,0.10110477363950042,0.09441382167187978,0.130928218376892,0.15117829902882746,0.10421005118405356,0.12519566201277038,0.07344426859369028,0.10723319765702657,0.0904785686882518,0.08188101804414893,0.1479571090206666,0.142172201713843,0.12396335479340716,0.12753403268376934,0.10941146148675203,0.10717696303525984,0.11234911725385179,0.1275556458042629,0.09781197873933209,0.13571037303625216,0.13476843649393255,0.14942305472681147,0.12407231304318832,0.10368378295327778,0.11440612016734922,0.11646848800899803,0.06664982655232388,0.10437264318271983,0.14480932040559572,0.10300717635118883,0.09893822485390846
Background_Noise,1,247,0.11737116717429538,0.05,0.17408263065488624,0.08,4.0,0.2,0.3,0.15,0.15,0.1292010852242135,0.10298190465912785,0.12077436692641204,0.10175846604548339,0.09075965446947461,0.12852658998725489,0.12672789492865866,0.09108868544658107,0.12783897997383584,0.12973095716864644,0.1268821386400229,0.1256424973911651,0.09324131863358696,0.09936374010569286,0.09012276833222915,0.09667973604931371,0.07739971437788205,0.06933106704377738,0.1168779719863314,0.11117653744947205,0.13319427723003952,0.12874606529070462,0.1418827958837322,0.09725220906078501,0.1369642765020052,0.10916761528704799,0.11228611685802639,0.10932941437613834,0.12194116182077128,0.12026510237733426,0.11778289314092664,0.09939670922434142,0.12341866418893377,0.10038498975414777,0.07881270122286263,0.12042747763787534
Background_Noise,1,248,0.1256041837083821,0.05,0.1688700380180313,0.08,4.0,0.2,0.3,0.15,0.15,0.1262085619370937,0.104881795308999,0.10249536196800779,0.12927278316734653,0.11048004909019744,0.13210949010765877,0.07576687292361288,0.11008141255019946,0.09344343353480365,0.14832678683120332,0.11803041034520562,0.11082300872302475,0.08938424336714422,0.06514063498931,0.13034144824109795,0.09562593626930335,0.12137614864512852,0.11637225105221016,0.10607034117216949,0.11449414100940535,0.09403490808578699,0.10814539519388412,0.09638785409803283,0.09442186483700092,0.07962121433459873,0.10038996300150121,0.11903429263584561,0.12407638845997127,0.11104051246714475,0.11022998602826173,0.12009784162774474,0.08839374513216033,0.14010336471456716,0.0929371221833832,0.14335843736815151,0.11365968792801216
Background_Noise,1,249,0.13355663414085722,0.05,0.16775187602263406,0.08,4.0,0.2,0.3,0.15,0.15,0.09124233183690489,0.1051696157993001,0.12951134139095316,0.10637472422772654,0.09340853169735402,0.09806454331613533,0.10482222759704235,0.13118469300755642,0.11642838542016208,0.1235636029881277,0.10804180991639678,0.12544432508611014,0.13379807535953542,0.11138603808994119,0.09394075554718138,0.13466085030958488,0.09292785344983763,0.10757082096688664,0.10886269548098473,0.10236008232888066,0.1128314162881319,0.11698860220038398,0.11968495125377827,0.11331501982239375,0.06977282283955388,0.13617762415182924,0.11587441297822754,0.12652257335507722,0.10951893943115419,0.07868286354475346,0.11111389330413163,0.11750924192492838,0.11274174692965128,0.10047212624333317,0.09651139373580896,0.12388689670937138
Background_Noise,1,250,0.1078411595364117,0.05,0.14824093510735334,0.08,4.0,0.2,0.3,0.15,0.15,0.10347752002847684,0.0928256754949573,0.11931854889271513,0.15147630172378257,0.12717926932883863,0.11378502750752284,0.0712800539233777,0.12242569042757437,0.07363878319426062,0.0869365216475731,0.10576293170913817,0.09194340607744089,0.13371464046820197,0.11340927557446595,0.14658380976679378,0.09483718437778889,0.1440884705047083,0.13014993246942927,0.1278146065198503,0.10738995790804709,0.13488118468854207,0.12707170275495544,0.10821449346382421,0.10511072120888608,0.09427374328126298,0.09406760653668009,0.06680182672158622,0.12966630766280293,0.1369675181896908,0.14219160158186334,0.07877955824203714,0.08569475632641113,0.08424322393230553,0.10236662633819874,0.09900814219029078,0.10534382755926204
Background_Noise,1,251,0.10399260790030679,0.05,0.12619462388520747,0.08,4.0,0.2,0.3,0.15,0.15,0.10835020465929525,0.12915658611903738,0.10703390197272372,0.1077910371049695,0.11050415628780284,0.09374384089222945,0.1146671919894259,0.08990472061692385,0.10687682325281704,0.11043102362963647,0.13132111501033503,0.13266310592358896,0.12829981905518711,0.11311834669404627,0.0749978088216538,0.09587982847979007,0.12296300501214356,0.09984383450019452,0.11276459403726727,0.12321676451450084,0.09971059045582978,0.0861052191531681,0.11462307335832804,0.11856342049104307,0.14058275459772224,0.11678306506603622,0.0979148934403859,0.12368922951683976,0.10387677221113928,0.1298704084050163,0.11431190691631977,0.13903259902653833,0.11624680680084472,0.12982276666711112,0.14941285946267896,0.11098323267529403
Background_Noise,1,252,0.11711920382147085,0.05,0.12454487254609785,0.08,4.0,0.2,0.3,0.15,0.15,0.09120931177242048,0.1425753816108708,0.09160464820018469,0.09116465739241834,0.12252475805853998,0.09275667679738023,0.10050825666116478,0.09379829979164318,0.11071581945513169,0.09961135701750884,0.1072847085862466,0.09770675426187932,0.13540637858662077,0.11041792756651805,0.13196310930989352,0.10587699893579873,0.10223157138608151,0.14904432509895515,0.11504280797392302,0.1313971693192934,0.056933981188985926,0.11967898035873581,0.12297175492029608,0.11692820093927868,0.132673073096075,0.12593845034168977,0.12429522877050472,0.13926128899689488,0.0542956602947481,0.10557358073654792,0.13908892773622375,0.0959975503529814,0.12308859911463817,0.11023571357005539,0.10626763303228416,0.11929937170836051
Background_Noise,1,253,0.11401476166989416,0.05,0.16005916787274535,0.08,4.0,0.2,0.3,0.15,0.15,0.11132640535670595,0.10400572180191536,0.1314686718430713,0.08895362471512522,0.11011377882736156,0.09490410465776153,0.1174792399389363,0.11557571683013998,0.09249242423044549,0.11507339547015678,0.13317105329595885,0.12664084057559277,0.1029318850296462,0.10858827184086185,0.1382278677519837,0.11402241477748502,0.11718754192600277,0.1342678554157211,0.11301667302865602,0.11268399916284952,0.1172077055861173,0.11620542036273818,0.1127735264130094,0.11355479439715567,0.09781706055879673,0.13490095998694768,0.1137783520578423,0.10424976650509066,0.11237878446089533,0.13074417953274803,0.10625603938383034,0.11883778219126795,0.11350684631311503,0.11319350599068297,0.09667471960252415,0.127786527789534
Background_Noise,1,254,0.14003817982429112,0.05,0.16932636919742722,0.08,4.0,0.2,0.3,0.15,0.15,0.10424346453620845,0.08355607575527585,0.09749565027749116,0.1012292742645303,0.13386941032427258,0.1103254361177191,0.14666648888938794,0.11745071153538472,0.11877094369212526,0.09484877383613177,0.12034691446090864,0.0707283218449944,0.09583918712041707,0.1071384498012246,0.12160212600719976,0.1333430050951927,0.09558106872550966,0.10890345531326455,0.1049985680781806,0.09457508679262897,0.1261041967699999,0.09954612906023247,0.08100167859788412,0.07793299929464606,0.09990522156355953,0.10322691505586754,0.12249798065901064,0.1370231779325951,0.10267971811026881,0.10642933720946161,0.10378176521591292,0.12360959478745322,0.1032970794260805,0.10278490559292824,0.126227150683568,0.1087741123783115
Background_Noise,1,255,0.11678053559259507,0.05,0.17041124739261854,0.08,4.0,0.2,0.3,0.15,0.15,0.10760565406924102,0.0940440216809621,0.10779554574227253,0.1330610269145754,0.11051820294649883,0.130414275605162,0.06676313851065208,0.10990114355690618,0.11952495269189181,0.1423187052704289,0.12342241671676968,0.11468388417256038,0.11433332963772459,0.12875406984528948,0.1566594818700346,0.09685241986487067,0.13417713367753956,0.08270206157164858,0.10826371965797577,0.11170242716866428,0.09487533115062735,0.10579058263102976,0.10424833650396535,0.11518258040900106,0.0998422250695819,0.15125434583568625,0.09461622365378332,0.12611610243565374,0.09838410206751479,0.07136373865118283,0.1240426803767534,0.07648077689504837,0.10747268992567587,0.07436230763587777,0.13087238793957376,0.11469042642085195
Background_Noise,1,256,0.1307247935036409,0.05,0.17399693341444553,0.08,4.0,0.2,0.3,0.15,0.15,0.11476644676349904,0.10873402550180819,0.13226534595179387,0.13048213840363226,0.1354657490486164,0.1342495475922046,0.1444752489542416,0.11549511971445275,0.11941784379764961,0.08202117730453723,0.10559652877820412,0.07334789043459869,0.09704918338078694,0.1432245235950691,0.12260145030333743,0.14366045959435705,0.09793228955921954,0.12015230240596672,0.12437933944183821,0.11352021075456417,0.11890487344182647,0.1387672113068333,0.08689226234702717,0.09739614493237898,0.12080392975834844,0.09416050957194437,0.10280194384557548,0.09319473028087878,0.11806722661674629,0.12065241096125853,0.1083286444580264,0.13690737502457065,0.12469474898209955,0.10734263439740296,0.16713875080743945,0.11913765956223393
Background_Noise,1,257,0.13780396342352033,0.05,0.19117116060258724,0.08,4.0,0.2,0.3,0.15,0.15,0.08958688557448909,0.1247273875953716,0.10312633263161702,0.10624415623975508,0.12442780502539127,0.08652383774565056,0.10888213387789662,0.09001446581820535,0.131339512276536,0.11128090995531909,0.09068991822542921,0.11209983963684857,0.10509216303645876,0.10880247674060911,0.10203907002696438,0.12306105600908995,0.11150168022071101,0.13656919525561112,0.09774301848392038,0.09874792742798055,0.10238475778952469,0.09446657541115205,0.09478785625932831,0.11677984510767393,0.11115828707646135,0.11880450341404936,0.13137967102782944,0.09880002101212174,0.14649784677206124,0.12057920085374539,0.10627200894030284,0.13965749294599641,0.08568576992875833,0.1503611717364325,0.1361706813776954,0.11955966142693605
Background_Noise,1,258,0.12004220573215861,0.05,0.19660312088938886,0.08,4.0,0.2,0.3,0.15,0.15,0.12600273149861885,0.1471868167791727,0.1252666090271694,0.11153616958549842,0.09204041105900852,0.11341716651430814,0.0935807587779475,0.14117431925722682,0.10621817836960915,0.11516268093335735,0.12190574525857122,0.09874302194601987,0.11229756074555988,0.13098718993964917,0.09821220492318278,0.09528627589605126,0.12346048756850815,0.07675315830602375,0.15192780796798566,0.10796514709644861,0.09584800731283902,0.07493297684147729,0.11132225202695493,0.13309689900992527,0.10161929399594784,0.12689042938001452,0.11389114818913414,0.09692305193251488,0.07829403695997818,0.09088057446702197,0.09690329694727459,0.13195006874987264,0.1191088518824549,0.10506048282519029,0.08529351124004328,0.09829767677149231
Background_Noise,1,259,0.11175435204127619,0.05,0.15652036863243501,0.08,4.0,0.2,0.3,0.15,0.15,0.10803345312834689,0.12575035945341473,0.08495940821968655,0.10414802729883678,0.09906810446997572,0.11918696709107546,0.1237102207410008,0.09491527534801085,0.13786590842751445,0.1897664181250431,0.14385735154201368,0.08711547908806645,0.0897972326139567,0.10543624733528005,0.12498024448206294,0.12743374433988736,0.09551359300787754,0.10881819175413386,0.12079720779311776,0.12089262710702628,0.11852758482723691,0.11954834529997473,0.13843081045605254,0.11151629071767549,0.10097073102462362,0.09760496565664989,0.13589899180388695,0.11233530146831835,0.09056478264055776,0.12517819187149754,0.08939551451128752,0.09523217225650477,0.1582191089550509,0.12001563395287745,0.08540918766514995,0.14731781623413387
Background_Noise,1,260,0.12787058601742834,0.05,0.16892895332383287,0.08,4.0,0.2,0.3,0.15,0.15,0.10917020319210767,0.05497199090498575,0.14226290339741376,0.1324523504749627,0.11555549789999556,0.1281080092515275,0.1232794001789758,0.12057736238208173,0.09256983403705449,0.11877751369685,0.13057536136104178,0.11689630226778285,0.10310210550788669,0.0923364306176532,0.07079689569614983,0.10511928390981493,0.09413199846158242,0.10055508884507502,0.0833683065207748,0.057901059414807186,0.12062756493279594,0.10795724963993414,0.10863330779484813,0.08368220163070593,0.1246077926251851,0.12247856971611075,0.11469094231710107,0.10835721731765251,0.12877633480826822,0.16940630208636176,0.09315874610949185,0.10433671098046532,0.10690586697296738,0.11699068450625326,0.12641967635043863,0.13107312640803392
Background_Noise,1,261,0.10005220746366059,0.05,0.15843683572235026,0.08,4.0,0.2,0.3,0.15,0.15,0.07656765919950861,0.11316745095234512,0.14482692399060765,0.11660724290402591,0.11411264300979641,0.12140105040132888,0.08844361823445135,0.12959356726852972,0.14285785377250326,0.11303295129184662,0.09165550709724737,0.10866040252861756,0.10206705448063186,0.1246712082584925,0.1459202736828089,0.09041241225864212,0.13364942244534184,0.13145191131323722,0.13794633612798285,0.08874949910168418,0.1244421642431286,0.1275741139355089,0.11466432204041929,0.09717347198786375,0.12297978601166362,0.09503296556105423,0.138377218177599,0.11605869710625424,0.1227993719603806,0.10224729581357705,0.11264827281626824,0.0677295985827093,0.11843290154546,0.10050810167889067,0.1337912665226594,0.10998296846808295
Background_Noise,1,262,0.10009188431904435,0.05,0.1605320978725936,0.08,4.0,0.2,0.3,0.15,0.15,0.128378823964633,0.10822110455551551,0.05677538518603677,0.1730920329080486,0.08720967930389363,0.0998130794186551,0.09318787657010937,0.10510588245662886,0.09233153914507232,0.11670669141322013,0.09020431328814614,0.0726175018264735,0.09254882765919245,0.11151008612678602,0.11186188002827901,0.14256594002771567,0.13074873502379333,0.0831415027578021,0.11360073009091558,0.12792258481511837,0.10672257025927182,0.10002571159347559,0.10108012431871792,0.14146832624765454,0.09961918241389267,0.11704486333132053,0.10812428336945573,0.11494891312488399,0.11440077830984803,0.11135821096805307,0.09441295050008311,0.14298311919291268,0.09410555170093948,0.1146011793286484,0.09258785159338451,0.08986293678950917
Background_Noise,1,263,0.13017589635450774,0.05,0.16407930379258656,0.08,4.0,0.2,0.3,0.15,0.15,0.10241478076573567,0.0942257461016226,0.13184559888590033,0.10931867333822207,0.10137271589253762,0.11423305776209654,0.11091535919382126,0.12260409070497855,0.12604269079597336,0.12610025088244836,0.12732638925478124,0.13157421210028356,0.11827407691599795,0.12027110104871305,0.11834459480724348,0.08711165265962423,0.11214868874278058,0.06497667495956257,0.12585732586421,0.09865797990251864,0.10952234865515753,0.08481713580224118,0.08742339141188747,0.09714952505644568,0.11889817845129154,0.11235347452350318,0.10049112119330067,0.101448313452693,0.12669570453802895,0.12498206419139606,0.10333472809846422,0.1337317613898345,0.07809532948978419,0.1110797423486541,0.10323802584959997,0.11402690668367128
Background_Noise,1,264,0.1276726193902981,0.05,0.1712833273392593,0.08,4.0,0.2,0.3,0.15,0.15,0.09736841779477358,0.10552788453974718,0.13552410354237612,0.12571883627325378,0.11031158025122054,0.11244761593144119,0.11170210851072293,0.06059926307632252,0.13106758489218115,0.10090225678098394,0.09348147093289808,0.10327245831557383,0.09778963915627222,0.10810319134819854,0.11173846508947388,0.1212678212206054,0.06177560744101902,0.13164381384463641,0.1576378088121825,0.1274306311259281,0.12866012056625445,0.10765172368504905,0.07783474307048674,0.08962270658346427,0.1396413270594148,0.11734198713333781,0.11542144611960875,0.12490058792466893,0.1127509775964016,0.11154000032185943,0.11759557233612183,0.09387197150628933,0.11330361065419482,0.0970439100032876,0.1084782878210396,0.10618644890420567
Background_Noise,1,265,0.11307676533474677,0.05,0.12161769164767322,0.08,4.0,0.2,0.3,0.15,0.15,0.0687518490239109,0.11391663961027665,0.12413293286012593,0.0902910205330884,0.06954384084248817,0.10748491722658908,0.123012318097463,0.057248707984528996,0.09285836517103034,0.1250110110671691,0.10768803044302941,0.10556789829690372,0.08949572901864439,0.1256499813314872,0.1109023035068946,0.093223741154702,0.13977524394827365,0.1303659223813341,0.08669403499291224,0.12355410949826337,0.10883741682199712,0.100184013705088,0.09229010655282978,0.10500187943414518,0.10222329141153705,0.0784224030571499,0.10071079421526588,0.11489384404926267,0.1273282208061529,0.0905952273807337,0.13194442490255873,0.10588718954463966,0.11368850590163465,0.12381520553184343,0.12302511390633733,0.13643530468703358
Background_Noise,1,266,0.11940043955561418,0.05,0.16656261061515742,0.08,4.0,0.2,0.3,0.15,0.15,0.09150487918596152,0.10419128432139141,0.13508452902779527,0.121496280327848,0.10001618879806567,0.1296758375437057,0.07746165661442167,0.11157042771071807,0.10794902780271137,0.08915270758622121,0.13921789626170925,0.08240832124135215,0.12298861496376527,0.11436958298104193,0.13209997496189047,0.14408148668486997,0.11659623444288111,0.10283133231302591,0.08778138545606183,0.12919192277157257,0.05746507577892178,0.1284581390627737,0.12513413586097366,0.09507155053950067,0.09519495492338279,0.114587096554342,0.08053019655944768,0.10842308674843261,0.1038873821873911,0.11049004169555444,0.10819612435595237,0.10813730764349822,0.12160879721053272,0.12217192560790269,0.06952612860694868,0.128192088406459
Background_Noise,1,267,0.10124938643453761,0.05,0.1187732625609546,0.08,4.0,0.2,0.3,0.15,0.15,0.1410993513388692,0.08069052359348682,0.10329300024584952,0.10290860032767706,0.11503830038971832,0.09662394862763146,0.10338491955150887,0.08141688991350138,0.1284659850258265,0.13346327368838617,0.06870124499419142,0.10427854555353928,0.12880006896518376,0.09523400419623711,0.13847906368414126,0.1059318848345754,0.11378796852860129,0.12875481854363527,0.11220697339138105,0.1171662604217105,0.1325622476349592,0.1261176311854609,0.094960538697448,0.06837167436485037,0.08343415549874894,0.10525506273929518,0.10122024493486687,0.13592192997162875,0.07397040802847046,0.09576476066098319,0.117796483166703,0.1146554404056479,0.13436215789067105,0.1137084791397066,0.07950085325740644,0.08154546664020372
Background_Noise,1,268,0.10449389868897854,0.05,0.14410105045931373,0.08,4.0,0.2,0.3,0.15,0.15,0.09039685008151163,0.09820444941890737,0.10476498965444889,0.15795243465742853,0.12179005447459879,0.12016027428326381,0.13728482266851488,0.12991415228414624,0.11955148707889321,0.10348910249962309,0.0905860312563336,0.06950097507553091,0.10713980724215834,0.08768556468224283,0.12065410284408008,0.10352671296832966,0.08829171034637207,0.11959517789860848,0.0955814838175202,0.09958330145835671,0.13073416134309646,0.10451717887150193,0.15011030001108977,0.10397906535172974,0.15227352724052873,0.1110375887541996,0.13115607423278502,0.12140033432960512,0.15351565486849714,0.1038313754064495,0.10686808738847567,0.10991357756837193,0.09230271367620196,0.09922802153378937,0.1359037366073737,0.12490352534096216
Background_Noise,1,269,0.11608652669274305,0.05,0.13265275328589496,0.08,4.0,0.2,0.3,0.15,0.15,0.107672650209471,0.10227691003388892,0.09611671585859548,0.1242943286381959,0.07023404989468696,0.11209399577546762,0.10143694783827212,0.1037077905610216,0.14404384512111756,0.11419138158016888,0.07821425280135451,0.11752332966733449,0.08382413026554965,0.09804997784231229,0.0782186760408603,0.1078745794130181,0.10069172006481567,0.10453575297084083,0.16283570592055888,0.08532259469247651,0.11724707042939367,0.09287172390886599,0.10526470354070902,0.11629072064079563,0.11608701084873047,0.11968397754119553,0.1294975210623872,0.1251655899435236,0.12582393672643294,0.10971305410748056,0.11373288297296767,0.12094785021237049,0.10199483998433148,0.11021822873419933,0.1351778428869962,0.08319948459556578
Background_Noise,1,270,0.12033569923813692,0.05,0.15167519139431537,0.08,4.0,0.2,0.3,0.15,0.15,0.09787896955260282,0.10857459045269274,0.10833969636009369,0.09960974803271608,0.07682228129962596,0.1246104803299462,0.10212105930355879,0.12772113686973657,0.1430259497231103,0.11993597932832177,0.10211607537223553,0.09783051533635802,0.10196503305614005,0.1170167678053271,0.09514990487835565,0.11250219398733687,0.12227164844421776,0.1210386197875936,0.12412880617457034,0.11139098967627728,0.07262572061416353,0.09901666115632093,0.12323214889002368,0.11939325359966549,0.1268541786278932,0.10330628644230389,0.07218672671285047,0.07524193304082663,0.08499183798610874,0.10107425389917525,0.06078269530529196,0.08561910876654634,0.14424798800845307,0.08068929533035794,0.10843544028121374,0.12860791151398704
Background_Noise,1,271,0.13213025368986406,0.05,0.17924250132068636,0.08,4.0,0.2,0.3,0.15,0.15,0.12927746529486936,0.10524621942841138,0.0755018422526712,0.10235577420758003,0.10064083964510065,0.13337059304084992,0.13191491884998238,0.08898052425966195,0.120401902765044,0.09190569572097332,0.06735681823890002,0.13486050110974357,0.09651354223424122,0.14280377534426875,0.1032311507627579,0.10505716250975515,0.09945220329375641,0.11758804090912686,0.07480560353250454,0.09598329701159393,0.13195447157137644,0.11179746360656918,0.13636187410735104,0.09107046635398847,0.11793296481073408,0.10092988410469962,0.11043463983052516,0.09973761862876876,0.11994945742283258,0.12118680260841505,0.06343567250576505,0.11998292768256157,0.140534663617379,0.10047757744197645,0.09086794785572519,0.09992302754198636
Background_Noise,1,272,0.13947193962191703,0.05,0.14067319003825104,0.08,4.0,0.2,0.3,0.15,0.15,0.10777648917361812,0.11626558195294479,0.12302712534998378,0.10659055593392068,0.0946150622927426,0.0814858379777705,0.09894700461076202,0.14007890351009158,0.14720783242000296,0.11918586775331247,0.12293578427883779,0.12303929767874253,0.11429809003207228,0.14129283984648508,0.12688186702110674,0.09526359979207141,0.12019263956131385,0.1270260082164595,0.1143364045842284,0.12032211481159043,0.12370314033624016,0.09906184125927535,0.13031329012188914,0.08592988839338962,0.09973747347684848,0.10959719573023952,0.15109234508745256,0.0969781547567435,0.12059956749834039,0.08073589297746146,0.0893765294739196,0.10778287021805608,0.059900073374014276,0.12027386638379027,0.12072997993943042,0.08126083461979515
Background_Noise,1,273,0.10929493488716292,0.05,0.16769213349857134,0.08,4.0,0.2,0.3,0.15,0.15,0.07945541137670904,0.08649348820070178,0.05674227548582366,0.14074737048587668,0.10946855914177779,0.11510410486077152,0.1464354865078658,0.1262017531370015,0.11988466925033027,0.08741246507520836,0.11168640689292435,0.10116868927085587,0.10179867896211438,0.10528467709719953,0.12674720109796514,0.0822031076029297,0.11465416971701084,0.12597266173506882,0.083583536288941,0.08672569884974125,0.09806391627475511,0.11422525325138139,0.12897410930115075,0.08198115953119048,0.1276846664319504,0.10764366146524597,0.07236872530139996,0.06827595756252766,0.13722852455213924,0.10936732279924966,0.12407464779867584,0.08246275875330088,0.11158998551498647,0.14173040652036145,0.10619198881365745,0.07698403336982584
Background_Noise,1,274,0.11557308238031631,0.05,0.14746348204140927,0.08,4.0,0.2,0.3,0.15,0.15,0.10252447869481437,0.12266655567061954,0.13410456722536343,0.11862315559419503,0.08934733139719421,0.08544242616092564,0.12899278527979777,0.14002592069583228,0.1128643958136556,0.0833038846046226,0.08903090562150058,0.09777295699570737,0.11078817738681157,0.07088963771733431,0.14693511742556842,0.1472840429015799,0.11448712397977251,0.10977008369816058,0.10903488700852791,0.12677638887304893,0.12277076260748346,0.1395598718090833,0.10903363675918643,0.10342468237981846,0.0870856187252309,0.10528461554069804,0.11003166724620125,0.11000753706211461,0.12284014996572963,0.1206325528449461,0.09738863185641994,0.1093408758322664,0.1449160355272992,0.13945194257146842,0.11478178621255831,0.12437395402453648
Background_Noise,1,275,0.12813351841044804,0.05,0.16029263764422313,0.08,4.0,0.2,0.3,0.15,0.15,0.1295020732233141,0.10428640055798799,0.12086264811188573,0.14418054633665714,0.12006807201284765,0.11376424435084156,0.09095282686022296,0.09686229546913112,0.12895337952470048,0.08781735321616213,0.09125477897863224,0.11247176551058119,0.11831089713627815,0.14029592649922012,0.13579899858473907,0.10846438089050844,0.11012346970576817,0.139234851091926,0.10313617897327539,0.0693293741294285,0.06161663411349382,0.10872509835636025,0.11158212392921794,0.12010861123618044,0.1321307286758989,0.13875869697132878,0.12280432649647477,0.07769667964454738,0.1012147091373986,0.1234923447659277,0.11712814002738559,0.10008302077614503,0.06813964551955928,0.1101705035131369,0.1130704470839759,0.09758331703443661
Background_Noise,1,276,0.10759954335850228,0.05,0.1466153207938409,0.08,4.0,0.2,0.3,0.15,0.15,0.1434648443766836,0.11298768961594444,0.12913461200867452,0.09458585756917098,0.1239888248356977,0.10304557931512232,0.09190946563235022,0.1354832662253407,0.112409139882277,0.09943633371919094,0.12816101687919704,0.13107732147083184,0.12247055943252994,0.11704714929461688,0.09489288073132264,0.10079151396269263,0.12570663380080715,0.1197105135525047,0.10190819407808427,0.14131080249869865,0.12641219868247963,0.09115429712869601,0.09528909569110583,0.10258364955812162,0.06139509193984563,0.09950192992060723,0.1361744624706995,0.14197246739309632,0.0691955847146224,0.08784216023830595,0.10808501437758425,0.1033269780043466,0.08979238510712081,0.08752662687496947,0.12676404313248726,0.13623816703939123
Background_Noise,1,277,0.111414903784176,0.05,0.1519509132751921,0.08,4.0,0.2,0.3,0.15,0.15,0.1325688404691659,0.11715728658707612,0.09103183367937565,0.08025172759147768,0.12925035122620582,0.15518119088455606,0.10307948482197102,0.12643934467007195,0.11276117063365458,0.06919991395642823,0.10499023941296647,0.0987853900414022,0.11945200321632773,0.11070934314265188,0.13062275503017137,0.12002798981252827,0.1374934176168201,0.11716550095678999,0.13165092016579705,0.10763199955195278,0.11373560485336133,0.11723461333510297,0.13016186331833213,0.10816461261993585,0.1090402032152016,0.08980524183346049,0.12024388546467255,0.07688531453918823,0.09780007872803491,0.07749800960580673,0.07731568351371836,0.1280265102292594,0.10096127711773609,0.08618607968461317,0.10629544984374287,0.13072592592931226
Background_Noise,1,278,0.12909967207474704,0.05,0.14353244606241355,0.08,4.0,0.2,0.3,0.15,0.15,0.1092977702610082,0.12028122612789396,0.09363970814787756,0.13834705014956336,0.12739201723277405,0.11213697912656063,0.09370507548949084,0.09475265613755934,0.11466095917988098,0.09684358245434717,0.0691058432876546,0.11139510557908418,0.09459522282802701,0.13629282930816103,0.12176610483144096,0.09940733094811773,0.1258081897695693,0.06227700496690004,0.11873349294667447,0.11778703827535618,0.0988150137209271,0.09463546398053212,0.11043585888685167,0.1492913786099392,0.12566312542359012,0.09994125279848118,0.11312306326979284,0.09782059484119157,0.08754545952491456,0.09425293158195776,0.12307647683728784,0.0848352961257813,0.1370095349116256,0.1332564463749303,0.10499563079340865,0.10043745613148175
Background_Noise,1,279,0.1351791517451339,0.05,0.16038321630058505,0.08,4.0,0.2,0.3,0.15,0.15,0.11090609572930202,0.10782154960018091,0.08897368930006286,0.0785740597755403,0.10532942709337986,0.14851686256533678,0.13597364692274172,0.08646854172776298,0.10448871756121295,0.1216723530992308,0.10678078101412579,0.13320699359885468,0.09844268003077003,0.09990437528920224,0.10467528207964832,0.13422157575108573,0.14904858610408744,0.10964315220448154,0.11683233716805429,0.1314939588543889,0.12611334207152006,0.11409194239978199,0.09015710321004518,0.08124433053356075,0.11203705700039897,0.07804400832735005,0.09188555717971071,0.08242979859900014,0.1374916463129245,0.11848902723213325,0.08487209190559647,0.09849685947329959,0.08894027920869024,0.12901027199510154,0.12501034003627268,0.1112035618878692
Background_Noise,1,280,0.11185428498589027,0.05,0.12146195091159108,0.08,4.0,0.2,0.3,0.15,0.15,0.09822455772442377,0.09070124051065682,0.11339474420168925,0.09149001778992127,0.1382952113788419,0.1094384180489578,0.09846250146811737,0.12261296478739118,0.1454959512137715,0.08519227128436141,0.13864079016829825,0.11605631154890195,0.08689596023997913,0.12075725250696598,0.11893256182688382,0.10361269365255085,0.11688933819597741,0.07109397477102627,0.10248684213844038,0.12930343980637976,0.12788452112701443,0.0956664839818802,0.16064113678560932,0.11557661781384287,0.12216993745341237,0.10821503722135926,0.11104941206347954,0.14234183027760575,0.13793407946292063,0.09948619147625425,0.1225973693495168,0.11726475408486907,0.09886463526701586,0.12411913597276268,0.0941433789548734,0.08542888264515289
Background_Noise,1,281,0.11954438626542305,0.05,0.1675676339943594,0.08,4.0,0.2,0.3,0.15,0.15,0.0899158060560158,0.11336226209603673,0.11957645639169565,0.09738048038740632,0.11196017772189377,0.0977599877411107,0.10764219382257502,0.1246871042981027,0.11420763930083964,0.15073771259140092,0.09479100058035494,0.08041004878658595,0.11036089091880123,0.11497178456838032,0.11558820899364955,0.1315192711309355,0.07453511448089481,0.09164988866850865,0.11281976809536434,0.10196105650732924,0.14612535249747205,0.09138435295650427,0.09701217570136793,0.1353976330397115,0.12250642954013435,0.12262803484694058,0.10368653042360733,0.12649824260162834,0.12850178162373865,0.07412485374740586,0.09296885208517579,0.1104097324505383,0.06929731242154252,0.12042718308128877,0.08822810579071,0.14671837433950377
Background_Noise,1,282,0.13258542637011547,0.05,0.17542034523136515,0.08,4.0,0.2,0.3,0.15,0.15,0.11350045537602507,0.14493655559312577,0.08527373855254584,0.10993773350592785,0.09580861499774439,0.11232501285248318,0.1254701754799939,0.0836396449810828,0.12269403257776385,0.11409185951003026,0.1184880486237151,0.1450717856511072,0.12649226203644384,0.07973138682836942,0.1369670143320277,0.0882784375020556,0.10220733205475607,0.12718573099513683,0.12057226189245059,0.11111081925897547,0.08098660161345497,0.07873568163849537,0.11427968821165627,0.1291674766138504,0.11248498791823199,0.10123115629730385,0.10529423697024984,0.10550383851377215,0.0935803569615289,0.11006793918991113,0.06779994313625862,0.10920104316433235,0.11679298861404215,0.1039133258378447,0.12552643535372282,0.13276266070637138
Background_Noise,1,283,0.12001662993451544,0.05,0.19418183355681737,0.08,4.0,0.2,0.3,0.15,0.15,0.1344974437051215,0.11691457066248084,0.11211947403380709,0.06877064979831286,0.09188968923764293,0.1274678407410704,0.12564064774184358,0.1395517457481012,0.07687922201530178,0.07308439465392899,0.09568438161527865,0.13102698966058385,0.09844583958735598,0.09509864876676286,0.08516595122776903,0.10953193817700921,0.1379155271120893,0.0957726389096121,0.09565311278588316,0.12943858815589865,0.12222847442388853,0.08297893799962096,0.09307449862460276,0.0640725117950168,0.09334542326607806,0.10087870225121921,0.09102486966014607,0.09834768164747706,0.1145676838289473,0.10737577823836435,0.11824545293148012,0.10533515215944614,0.12394067579024912,0.08255378749664143,0.10728739137794573,0.0950823170885813
Background_Noise,1,284,0.12597162665486059,0.05,0.11679185324578469,0.08,4.0,0.2,0.3,0.15,0.15,0.14704087435515883,0.11606015961392277,0.11975528445586549,0.09570984894047586,0.10676967923227891,0.1116517051005615,0.1333612121117618,0.12840586396363976,0.12151027264095171,0.10235195463523289,0.12637086965454175,0.1339683489102791,0.13591739108474782,0.13470349906452317,0.058857056766330615,0.13939789816183648,0.09434484194115114,0.12075236280931917,0.11054533166236741,0.129532426522384,0.1234470982188659,0.11956212693292946,0.1025582621780711,0.10965310492898932,0.1404818191038448,0.13937322184674988,0.12013058679662432,0.07521170107816601,0.10220599195688608,0.0989724486218416,0.07400443990282059,0.11612424332160085,0.08694203986582098,0.11690764066804171,0.08316959321591508,0.1472492410006392
Background_Noise,1,285,0.1143515817898419,0.05,0.11317531672381759,0.08,4.0,0.2,0.3,0.15,0.15,0.09024783049947331,0.08347873797032432,0.14730348909958998,0.1066945566502036,0.11401565185446917,0.11488342426061143,0.09161794607408778,0.10504916895087577,0.08910070747651674,0.09132658894852627,0.11777670717531308,0.10819405117356169,0.08453398664380643,0.10713315034212466,0.09852778811384261,0.11405357245921989,0.11307823983465899,0.12668140243874643,0.11156723438253006,0.11402569622900102,0.1229538842860749,0.12942473553009376,0.0935213894148531,0.14109127608833344,0.1267632952813867,0.135367305634496,0.11768111519244055,0.1189899068359775,0.12876015769190297,0.07827704737248968,0.10500138705747243,0.10116862931461366,0.07875363020943725,0.12601251616523737,0.07014324848883986,0.14552688082051446
Background_Noise,1,286,0.1398158683828535,0.05,0.16386895453904554,0.08,4.0,0.2,0.3,0.15,0.15,0.11118403357815416,0.06631939126336084,0.11460225625289513,0.10713890046158064,0.08597474916667894,0.10145168446284362,0.11832886037531758,0.10565571598152479,0.10926306321777775,0.1250410433561022,0.0949043476388787,0.13997131827118217,0.11822430115951185,0.11492731959052671,0.10281557701704129,0.0882118393767048,0.10557245056348787,0.07703353951901104,0.11697325353967714,0.0817480938141649,0.08771038979889734,0.09318189081141555,0.12661996164460826,0.08059193444132567,0.11475316085051128,0.09164976230570718,0.1457808559314322,0.10195185658332846,0.10942354057281549,0.14790744978843415,0.12102590145553659,0.1355666166232065,0.09401095600289278,0.1157293724746902,0.07165231159540586,0.11159325331761073
Background_Noise,1,287,0.11927900926984238,0.05,0.15219925551679714,0.08,4.0,0.2,0.3,0.15,0.15,0.15183030780415122,0.10934494599896104,0.09857149070046708,0.15122378408638537,0.12227815556025218,0.10427079130732617,0.10412447184741559,0.14509146592977024,0.12279723522358449,0.14671058969930764,0.1179656666903647,0.08321131769209852,0.08395964059581287,0.11245386646421063,0.12114958853469845,0.1097544381224589,0.1427953998897964,0.14008405136987648,0.14770648389859345,0.09075417547893319,0.1080927409591699,0.07057945305304417,0.1053674520968146,0.13634314053641333,0.07344146213149233,0.10865098817682138,0.09444561266937389,0.09136569404546971,0.12186482995765628,0.11741584567276098,0.07236859381687868,0.10303191457424235,0.1496607913818073,0.12767308859892842,0.11335458519633661,0.10681204784500523
Background_Noise,1,288,0.10896656527569051,0.05,0.14528899163992262,0.08,4.0,0.2,0.3,0.15,0.15,0.09811525895593062,0.14550178986547627,0.0909596799345572,0.07902737106579256,0.0757444003186494,0.09674089533527404,0.15683476516410177,0.13824138865198637,0.09917361113865823,0.11586899728319143,0.10516728977382928,0.10728553479436481,0.10449251935704545,0.13255939120783894,0.1308594652711883,0.10840583844945692,0.07866579971011628,0.08457494167846481,0.13756253801254065,0.10775528458298253,0.13320376660819433,0.13504196836921936,0.11563060440806254,0.14300841600729713,0.08232664638163198,0.07766911276235802,0.13361979123459564,0.16649525508628815,0.10569030482828937,0.07752087819654405,0.1065392698900809,0.10361148811295201,0.13612699220040536,0.09423812751234359,0.11283220588302934,0.1057648929529051
Background_Noise,1,289,0.12349355147953575,0.05,0.1490675039225985,0.08,4.0,0.2,0.3,0.15,0.15,0.11446103584621976,0.08998046956030303,0.1305054568313154,0.12400921730250297,0.1284496077958724,0.0911698980946418,0.10810658912164005,0.10969649560338393,0.11721717948413087,0.11845897618672498,0.09388729468210243,0.13746730165901339,0.08450314172434556,0.11488479263262186,0.12375306478347929,0.11984464056992593,0.14278787003144341,0.06529832516215722,0.14480373962311238,0.10617868023273387,0.1294723966137368,0.12493702813815817,0.09816503208500295,0.05522467332738108,0.09590153644759322,0.14018627386370325,0.13592677285328292,0.13275767935757432,0.10947609161027795,0.10954138413735344,0.12732015171078714,0.10553552169538515,0.10124949182329858,0.12355005385145314,0.07431640924768068,0.07719820529651109
Background_Noise,1,290,0.12391826335861074,0.05,0.1523713947762821,0.08,4.0,0.2,0.3,0.15,0.15,0.10411642443681599,0.08863539478148327,0.11970982017985762,0.09925808316435229,0.10880807360906843,0.14300528273938126,0.12379178546281681,0.13744871929028546,0.10350833866502947,0.11275712153918212,0.11036601496649391,0.10034392966740335,0.09196627018200382,0.07263464908448033,0.10761111613827963,0.07328178814390857,0.12806634037245246,0.09775822107765222,0.09962053761112759,0.11404200878714198,0.09463863644622228,0.11573044611193754,0.1019297579769122,0.11655335460671588,0.13676705610733936,0.0907770539253756,0.060240448865291035,0.10166514426797332,0.10496577573603759,0.11293817477532604,0.11134416232296872,0.09839084456433891,0.11236890648606772,0.07171792111465072,0.07948603532096535,0.111703673600368
Background_Noise,1,291,0.12662777004719425,0.05,0.14193673507039314,0.08,4.0,0.2,0.3,0.15,0.15,0.07482674097981767,0.12230449238525108,0.12677308126346176,0.10389506018492278,0.12014304379073942,0.08886578153670047,0.1097515375616196,0.11517829822596719,0.11959615563236889,0.11468404549851417,0.09293053004937102,0.09223684856762777,0.08458422011565335,0.10816045609775368,0.1301759505604451,0.12937032307583107,0.13184176315106677,0.12799774125693136,0.14567785484152299,0.12807588691717875,0.07855351180315086,0.09002671033809635,0.12983218120593307,0.10948675282423591,0.110382934753749,0.11215547365010133,0.0861520044822314,0.052552656775714975,0.10954146931684927,0.09859127996141398,0.11183521793418025,0.11759307502458832,0.1209037182628947,0.08544851181866144,0.10460492731024626,0.11602246798298742
Background_Noise,1,292,0.11853454884827382,0.05,0.1666679085227734,0.08,4.0,0.2,0.3,0.15,0.15,0.07788306076438406,0.1336413757909178,0.09149328149839014,0.11502344578116878,0.09950490555833202,0.11458098201261857,0.13759254007302915,0.1080120830030199,0.13090373871964162,0.1339514960207691,0.09924268501123389,0.09114904229078641,0.1563804955682071,0.1232717881879391,0.08460202178083205,0.08959691671168518,0.09006027138217065,0.08944688127691316,0.09727575038217114,0.08809368715253936,0.08628707948157902,0.11331243962198598,0.14728724042294922,0.07119766904295297,0.11315320409791174,0.13569521446828625,0.11522157944512634,0.07254844234457125,0.11140608382283841,0.14705293117057552,0.10245959016419437,0.13603080569419643,0.09213436416939491,0.10042385978179169,0.1156954760409317,0.08836149015840265
Background_Noise,1,293,0.1231557722139455,0.05,0.1152952501758968,0.08,4.0,0.2,0.3,0.15,0.15,0.13805061393178475,0.1552594351540931,0.1346542127984705,0.10566796234203818,0.1325610523623052,0.07453076075930117,0.12658391911301417,0.08355309973653997,0.10993159686521124,0.16193979476759954,0.11391487640251763,0.13826352147504914,0.09964247611772253,0.13701769025341132,0.10961117102289941,0.12816325590327643,0.10428567316220776,0.16572901196419884,0.13015038809460308,0.13288346360803782,0.08788676395140516,0.12578049697008692,0.06272525460227821,0.11615507392911346,0.11055579493293587,0.06030048760883083,0.09730256393705716,0.11355434430850639,0.14354834439154293,0.09444150403739979,0.1063417926876429,0.09371729573798278,0.1072912583370023,0.0910418587568235,0.12913012537598725,0.10059133083983743
Background_Noise,1,294,0.11999392329478957,0.05,0.1842621408814871,0.08,4.0,0.2,0.3,0.15,0.15,0.08762941834094179,0.08351593549186972,0.09684062595537922,0.10264703756148846,0.09204738047505831,0.07646755305121981,0.09676593776605902,0.1293103575505555,0.13559166633561148,0.10947728784462549,0.1027765439774049,0.09104901513017644,0.11837826043304596,0.1256801441176758,0.15007818827966254,0.08103887176314586,0.1049702016495541,0.10849444603102772,0.11960987695314824,0.11313493962099111,0.11005568873715808,0.09917994522160883,0.12226821943187982,0.09580651317291099,0.10047558727608183,0.10685667719800858,0.10197019812784847,0.10450167662446001,0.10908069887203967,0.058945536576204945,0.10546726425469939,0.10614638132440193,0.10465403731856782,0.12021724618430009,0.13038370670198113,0.09078459641605349
Background_Noise,1,295,0.11656323548450863,0.05,0.1399161597809055,0.08,4.0,0.2,0.3,0.15,0.15,0.08879980280470232,0.07701255046515335,0.08794326911988543,0.15695154608657902,0.08798398625685844,0.06351747153291203,0.11216607521315151,0.12590394900824017,0.09316859140202195,0.11474760297406453,0.12008131242666228,0.09529804680466827,0.1167265571717918,0.11967025101016732,0.10471568339377059,0.11643793500888759,0.11074541133431168,0.11702071882419428,0.10247258156162241,0.07915565475944407,0.11043006438981429,0.12071741641337225,0.09241535481678116,0.12470660645568635,0.0746532760632948,0.10822738771602339,0.10151095866860198,0.13218899222834904,0.11462096210732925,0.11327458681366094,0.1009128914750347,0.10871798906813405,0.11665264921045015,0.11112618635943594,0.15533175152986978,0.08497853287153806
Background_Noise,1,296,0.11906073474043023,0.05,0.14370632181079782,0.08,4.0,0.2,0.3,0.15,0.15,0.11268649427987419,0.13596454914224404,0.13082968386302632,0.14572840333736317,0.1462245557923233,0.11017385716286053,0.10149007154360748,0.10653767452079803,0.13694401936927442,0.09839960298223709,0.14013287583798115,0.0843774512978958,0.10028542826520621,0.09183610476749651,0.0971585471010438,0.09958401670688348,0.1351851384684217,0.07909475871307474,0.1025497250643546,0.07640245873062212,0.15469090596475582,0.07957418552084002,0.09245619324241293,0.11814910478131058,0.12691475629142268,0.132429768044822,0.10873477025681992,0.12370053704888079,0.10294715770099433,0.13987046650024443,0.12061999921748466,0.054454660844683415,0.1424076641672217,0.1051067039849725,0.08055619830403589,0.09997266709428013
Background_Noise,1,297,0.1261783081687664,0.05,0.17463209374618358,0.08,4.0,0.2,0.3,0.15,0.15,0.14385167191506634,0.0946345326342706,0.1514400382230845,0.120546550284718,0.09382337296813278,0.1048935131212736,0.13682619069561133,0.07652038483113524,0.09202814262998808,0.11588081400385322,0.16068679029379718,0.13904908662342697,0.10606470315598543,0.10733680196900955,0.09224971418962524,0.12455634036454874,0.11562640941327867,0.10953376899088703,0.11398151402265043,0.1199837598663035,0.1021926309452692,0.12689266254205017,0.08104791807017854,0.12104926437037546,0.11924544093120913,0.09289918363988695,0.13239288580338324,0.11858957378365188,0.07435907193229237,0.08449193581031395,0.11316680276170614,0.13209955798873352,0.1597358470437101,0.08484455563540282,0.11461765182675057,0.09438378905856161
Background_Noise,1,298,0.1237169253630522,0.05,0.11562003968562373,0.08,4.0,0.2,0.3,0.15,0.15,0.11649606771614562,0.10143275884607027,0.11218178449511866,0.10121627964626013,0.10413599174176517,0.06466733980357547,0.14019161520960102,0.13500789379913233,0.1109446136674346,0.09333444615873675,0.11537023975387029,0.051211686786783,0.14002803618459456,0.118093554969814,0.14897401925278653,0.12628832859176353,0.1322140247135622,0.08937392272300587,0.10285832986256499,0.1276629972703491,0.14150237312468292,0.11557161795389642,0.14387282542674407,0.09453358241464399,0.0952371488155442,0.10331400028472866,0.13529978336399753,0.15001341817968697,0.10406279184602378,0.11136069356105152,0.12613571411398317,0.1236593050408042,0.11181375221774427,0.10406765497780933,0.13671150160061143,0.12508774834943656
Background_Noise,1,299,0.12012252581048846,0.05,0.1437364041543465,0.08,4.0,0.2,0.3,0.15,0.15,0.08865677677804003,0.1137880585547273,0.06768990862338023,0.10147661367827146,0.11196317017050517,0.09698598994264594,0.1177659760476645,0.10105585123299567,0.12009856608660935,0.14856350656797698,0.11406692800086957,0.09515990392887799,0.09045045053005069,0.11678524061160148,0.09524650289347103,0.10710324767827224,0.12580603082191405,0.11776410597986102,0.11081565706095106,0.11664615703324416,0.11482142734456247,0.0947971627905057,0.10730266800893845,0.10430374091359927,0.09925119220255771,0.1009046426353388,0.10723556481261755,0.11558990871984423,0.12994121255034705,0.10856350085480675,0.09484506261501224,0.11632465831250383,0.09668136795765853,0.11014228825350071,0.10970710520491787,0.13248592677313512
Background_Noise,1,300,0.11051132439925729,0.05,0.15632199996088456,0.08,4.0,0.2,0.3,0.15,0.15,0.11421866475193787,0.16171238370133562,0.13959909764429781,0.10057632924439056,0.09689095122169125,0.1385216602980462,0.11861762561375534,0.1266032385264938,0.13268987264659382,0.10656662511629086,0.11350089629564344,0.11982945814920302,0.11830030471791847,0.06191672749356953,0.13982876603086408,0.1022468514076477,0.15315343293124525,0.09189534573934104,0.06958097334166499,0.1055036753875146,0.09964214929547102,0.10312847230995459,0.0825832352637221,0.08982641217789297,0.12863001940159585,0.13461879499855678,0.07788165478318874,0.13241908992111773,0.1298616829486127,0.08104560791454199,0.0908109741888008,0.11244233739306192,0.11585281033150743,0.10412347348463473,0.10828706167778648,0.12491095168536169
Background_Noise,1,301,0.12412638444622202,0.05,0.1800823015983161,0.08,4.0,0.2,0.3,0.15,0.15,0.09431888705913612,0.09885611001398174,0.12635544427410467,0.1309992030413222,0.08160368881053745,0.12659492792033103,0.13324910603500334,0.11097566159758182,0.09953694190904827,0.13079030014650922,0.10106305715582203,0.08549425691512093,0.09225688773484528,0.10768459522208142,0.09791123204993235,0.15524835037655732,0.10202273739214111,0.06633302433973678,0.08523894091232569,0.12930706666162423,0.10683887295117127,0.08661937202036354,0.15572552245840762,0.12741561529674164,0.11784248057996194,0.10676492629532831,0.14097558851045275,0.08134195631704709,0.11265104764106497,0.1169483638233791,0.0966927134073165,0.12480147161672413,0.08138680346398468,0.12919835189978862,0.09593629925882313,0.07452716512686253
Background_Noise,1,302,0.10799783835500065,0.05,0.118127359498264,0.08,4.0,0.2,0.3,0.15,0.15,0.12674053787744863,0.12267850343572416,0.10557996664504503,0.0849120843471596,0.08475357334910927,0.12051008740525887,0.12100014871302184,0.07208361728102028,0.1271633785639924,0.10497010844050057,0.1095944965399124,0.0854925498849744,0.09325694273804953,0.12520819021082538,0.10892959258285016,0.09872573337535394,0.09998314774476291,0.14968920078355585,0.09502059779704783,0.10494097302724774,0.0936059083280174,0.1289568999484772,0.09617179288761298,0.10772448555417515,0.1046772383626743,0.13059871639512907,0.11476543780902851,0.10232599671132021,0.13638049820257428,0.09627406378801733,0.09016512972289024,0.07648620874049175,0.12192017902480648,0.09444169435930583,0.11428729770162685,0.11010050063973943
Background_Noise,1,303,0.13223596724022113,0.05,0.16401452274573597,0.08,4.0,0.2,0.3,0.15,0.15,0.08627471010202387,0.09569545839803079,0.13661380586940416,0.11740211282769104,0.08770312491713012,0.08587312222558717,0.12879418957550723,0.08014148687333168,0.07735813411002274,0.11828977161231813,0.1257295026199287,0.09226226928721959,0.11273696238903232,0.10622869405749416,0.10040838007239096,0.12205243795045354,0.12328883390810425,0.12623208737859118,0.12970389976266133,0.07190530518832541,0.113692185998456,0.07235419559412579,0.08944618758767225,0.11300977900621079,0.09621728448002555,0.10973734226620012,0.12612680068389726,0.1288958722664081,0.07716403277415984,0.09800489274668626,0.09592674461482416,0.10451774014238124,0.0854839456150137,0.11534993173006297,0.09702594375714638,0.09808876563716566
Background_Noise,1,304,0.12963975492992943,0.05,0.16632954762499796,0.08,4.0,0.2,0.3,0.15,0.15,0.13555071616667835,0.08954767047805026,0.10506047475854742,0.09603778981516689,0.10925900885460493,0.10631480425267852,0.11692551088059064,0.06521061024915459,0.09248089335028625,0.10785746003102135,0.12587388763342913,0.11673601231109221,0.14446779085967204,0.11334574035365612,0.10721093216139034,0.1396747539160547,0.11510998437894407,0.10440107632028255,0.12110465256614736,0.08517279395624783,0.09045370940991476,0.10753191980041131,0.08144370984014135,0.1616225729331771,0.10774282632358756,0.13040712552199688,0.11356746219110474,0.13189587256332932,0.11487946725176923,0.1128501743553462,0.11875624425428193,0.08575012172351185,0.1335443064870705,0.06159793171844345,0.08738735539372747,0.14809405811826432
Background_Noise,1,305,0.13928831423715282,0.05,0.10796324282235842,0.08,4.0,0.2,0.3,0.15,0.15,0.08691676392987989,0.10913284439417595,0.0957214832487569,0.14268861652406173,0.13360332597814023,0.11047579623094474,0.08348618695641982,0.1082017617933072,0.15508404566553605,0.10980314438868304,0.12576350671041645,0.1349399042421821,0.1253402565924642,0.09389299321593486,0.09232105648738052,0.12617620450433983,0.095606401287115,0.10345896301577989,0.09823066209548635,0.10695273591432305,0.12629601111433827,0.12927882132342147,0.10471394517323519,0.08984065646788056,0.10547961534774565,0.11723216649913606,0.11210790557983165,0.12290457514997342,0.1317701159382535,0.1287128401224338,0.13071379723061247,0.0962361752826379,0.10589638789163681,0.12333506853943246,0.13584365121703665,0.11512386021208515
Background_Noise,1,306,0.11796911545444505,0.05,0.1511236092853944,0.08,4.0,0.2,0.3,0.15,0.15,0.1380902568290318,0.10884720389271484,0.09946748840151264,0.11967659477555732,0.12965060861958333,0.11844473896892563,0.13155598635749516,0.12145684123743455,0.12606482857699725,0.06199552637394675,0.10879672221366976,0.1227287236806433,0.10746617044166379,0.09009640100970347,0.08905203047495705,0.11712817242908173,0.09926892920144514,0.15472146081488936,0.09689471711740348,0.12605254640586067,0.10254970051503284,0.0872184504626876,0.08307173895180164,0.09656685840963655,0.13561273434623028,0.12301968910973407,0.08982152148501411,0.14756191837374102,0.09819039479255114,0.08715346864514817,0.09170822924777512,0.10299389695637766,0.11354320218477162,0.1205293824487062,0.09396313413025659,0.12792241979583827
Background_Noise,1,307,0.1259090820067009,0.05,0.12643142676178487,0.08,4.0,0.2,0.3,0.15,0.15,0.10887886300050806,0.1139452238475832,0.1364166632412478,0.09782036295665994,0.08026492938683742,0.15231591484579338,0.11648542147416109,0.10734040897080666,0.07174843724952606,0.10545151001822689,0.1448276851389551,0.10107431471560935,0.11431982153230302,0.1389856345807265,0.14414751162327974,0.10361178230444393,0.06613555540223416,0.126981387543509,0.11097427441597914,0.10709866339357252,0.12640258019941203,0.08627824302971188,0.11604665687556115,0.10498320074938866,0.10271653847732888,0.10804644624154959,0.0706566674533609,0.09634640847442809,0.0922611441992314,0.11439379187536117,0.0756238545752958,0.12195732683108018,0.1272146659400455,0.10423997375480333,0.13148921395600277,0.07178847264510207
Background_Noise,1,308,0.11812597472161768,0.05,0.131249495627381,0.08,4.0,0.2,0.3,0.15,0.15,0.11066053177666565,0.11077656405937562,0.10701640432969538,0.0926628716066236,0.11368483680561739,0.11498285711922103,0.1150737902686972,0.11664851333227481,0.09851120240890697,0.13247850689720958,0.0900389680241794,0.10930116553838967,0.12533224652212752,0.13429174313865624,0.07448012755957337,0.10265815791891154,0.11446612823196722,0.11116073020817528,0.11859539591389386,0.06762284947250899,0.0828549903438548,0.1000194271248094,0.14729017169785327,0.10243735995758255,0.10284824187026738,0.13672461310786968,0.08956295153486694,0.12132027172722103,0.09795739728197832,0.14332403111051722,0.13335251754198454,0.12757263945875713,0.11170626326309063,0.062279140179040536,0.07906670808144985,0.12021383285802273
Background_Noise,1,309,0.12007024615187285,0.05,0.15616804087835714,0.08,4.0,0.2,0.3,0.15,0.15,0.12672137510017203,0.07574628574675277,0.14294375842082085,0.0835046797622905,0.12877465057685644,0.1057694948648343,0.09494013811932851,0.13094127019937638,0.11842893467471452,0.10105062975917385,0.08829151252884473,0.10619844295745294,0.12461507865752144,0.12193149994076335,0.09454148453000893,0.09776257448153003,0.1105221783902339,0.11861965497290988,0.11738586967008183,0.11713309414741178,0.10395269413997749,0.12140104493892427,0.10000372137931637,0.10427608530598491,0.0912055412566282,0.11858621228728028,0.08756258904609525,0.12751393368595812,0.0641166012404557,0.12499542401508079,0.10776179428615965,0.08592211286513744,0.10583116972729135,0.06147606699600658,0.12915275256136857,0.10606959546923093
Background_Noise,1,310,0.10039826718942649,0.05,0.15476375072778983,0.08,4.0,0.2,0.3,0.15,0.15,0.12842950453665808,0.1307150722345688,0.07971350454790149,0.10852771552185421,0.10254839477960634,0.12808920849256755,0.06833411955854744,0.08771287702588816,0.12136917473725764,0.09112543763251797,0.08398164470362803,0.09020171887961541,0.07726206798371804,0.11411788050564291,0.12455366002446205,0.12937934841871396,0.11294922793898052,0.1230744992513939,0.12181361892603824,0.12833406702798994,0.14873975400208164,0.13025753378249563,0.09527157956401541,0.1144368424374288,0.10520388138002879,0.10691746476848411,0.10695046028944352,0.1088716400405128,0.10868778155692296,0.11355177995517976,0.1316601166526632,0.07682787519176022,0.1195212611660633,0.10719973632610921,0.07768285994182524,0.08865633757850212
Background_Noise,1,311,0.09485415815279813,0.05,0.1510315134498207,0.08,4.0,0.2,0.3,0.15,0.15,0.1348507446867611,0.10207509268960192,0.11018664469487333,0.12532314921999196,0.10716747066088735,0.1275905308053042,0.09034177446928118,0.10959656358134735,0.10154753083377159,0.1316758030281047,0.10422888591222254,0.13086547645281071,0.07047838196869194,0.1070328689403248,0.12751969541781175,0.085823695763379,0.11774825689076211,0.09924845744566665,0.12655708649631778,0.10447681388355604,0.1220225746101992,0.15946773513636991,0.07813253572643947,0.12743888020115662,0.1108336606211148,0.09256156367688777,0.08844826563679146,0.10000971471829599,0.09485034093278194,0.12348666732377352,0.11170668726257846,0.11860648409513691,0.11388629669142697,0.11467325027015812,0.1351696966218837,0.08249991341386084
Background_Noise,1,312,0.11328719028372788,0.05,0.16958465154261718,0.08,4.0,0.2,0.3,0.15,0.15,0.10289410871123499,0.07156165280472959,0.1348774242546249,0.12814843581754887,0.1368443887455325,0.09269555792255002,0.10913518712498137,0.08052596497469836,0.13047720413735375,0.11443828580977719,0.10471397171542673,0.1050011766242389,0.12255531388146258,0.12774069589881162,0.12343314380280701,0.1278072402818303,0.08914068917291287,0.08956341058377097,0.1527930653478216,0.10300461710720016,0.13983883463591087,0.10366858239487804,0.15262336361050075,0.08679974378167807,0.08360348589563202,0.12103590706126556,0.08648075979995175,0.1255061239588712,0.08784663389722898,0.10403123383904052,0.07682559097957237,0.1022844236713028,0.11341796153170301,0.09985237910020117,0.11518185272114162,0.1045402497225292
Background_Noise,1,313,0.11557618733106094,0.05,0.17854178678297478,0.08,4.0,0.2,0.3,0.15,0.15,0.1215398146617557,0.10535109357640461,0.08306400861449506,0.12086587597226345,0.09990553189111381,0.09310655198201379,0.10912459264528629,0.11756975716456135,0.12360021148028379,0.09694435305857449,0.11309721835779915,0.10815047754418383,0.10459962030910713,0.12495316478172175,0.14234046117127885,0.14519136664367124,0.11510502127449777,0.10288996026807846,0.13643317680858597,0.10874928898513715,0.12043094595760714,0.10650195146731581,0.13320698121909136,0.11713794754270113,0.13502486659644222,0.12455239313116934,0.08292111130769318,0.1051820593551973,0.10129950355424129,0.11371945066622,0.11975262310177107,0.11683623215284167,0.11827565536365045,0.09137378100519011,0.11221115507715206,0.12126732087077555
Background_Noise,1,314,0.12959119833599336,0.05,0.13600252881101021,0.08,4.0,0.2,0.3,0.15,0.15,0.09639071204722563,0.09724719990181797,0.06900006450000773,0.11635307784201307,0.12663673847533793,0.13191933664156408,0.09688849933576024,0.12068485666364025,0.11185096558080143,0.1253075159585733,0.08188118309942771,0.13136058525608513,0.09965291038126173,0.11505075486647279,0.1379027639637986,0.10424656217930903,0.10332165642634121,0.14311645374678184,0.09661906348832199,0.11599294579920115,0.1449779226282862,0.07929334284688822,0.09948303779029248,0.11372922116748774,0.10479610364796933,0.09810920875645596,0.13381018754505336,0.0956115779175301,0.10757501762926068,0.14025408666184283,0.09349439853760723,0.11114662277065765,0.11236314179203134,0.13555852346176114,0.13968396314038178,0.09731560314432706
Background_Noise,1,315,0.13241220082424637,0.05,0.16081079466837025,0.08,4.0,0.2,0.3,0.15,0.15,0.11633707458730344,0.10339395838061194,0.08492621177094939,0.0910270307935713,0.099801556432936,0.13905708867318156,0.10146353398655683,0.11753185310504304,0.1299223553719718,0.08041650767505154,0.11885719592109524,0.11377998449781884,0.09162491144950863,0.12507893946268203,0.08546914052948579,0.10034796906867263,0.07237559619946304,0.10690945020332156,0.09816720490428761,0.12265243433505442,0.1141737805662035,0.12078843993826208,0.10804859800797126,0.08300868950771036,0.10651791052266883,0.10180832263291648,0.11970059901370791,0.1292998310143291,0.12333836830923836,0.09332155738792924,0.08053513099025524,0.09148949618533261,0.118006237994532,0.12793255090254685,0.10668019287432023,0.12236758915126333
Background_Noise,1,316,0.12114773648675996,0.05,0.1681406181783577,0.08,4.0,0.2,0.3,0.15,0.15,0.12661343223751476,0.08375568457800649,0.10928259158672461,0.11403458341547736,0.13040614914688797,0.10222457267068658,0.13679949170989178,0.10074674565523122,0.10314699408473346,0.06984590518507208,0.11372074069476072,0.13672299810161892,0.09027756445665205,0.12161019375020583,0.08789013186221135,0.1146648337013557,0.09339797124221116,0.1510228941439168,0.12744897511288517,0.09162220218067758,0.09966574635226519,0.13392893330051686,0.1630815672326072,0.1280043605543866,0.09647670477838209,0.1134562426975859,0.11066638940465022,0.11604375887518317,0.1382499978447782,0.07634526702157218,0.1117147685416275,0.11070561867377159,0.09078017496043665,0.14162963891321056,0.10752678403796842,0.12756603629071578
Background_Noise,1,317,0.13162365067951207,0.05,0.12204485379039998,0.08,4.0,0.2,0.3,0.15,0.15,0.13324991090129062,0.11714485565752139,0.133043051625958,0.07813044821811611,0.07782167408448477,0.12390317708341657,0.08206058207930689,0.10368347627484273,0.1442450393373893,0.12232516977148662,0.09324590674732425,0.1029398900565649,0.10866677441919823,0.08384638894819929,0.15459427943963538,0.10308556867312946,0.11852254854871402,0.09893111837802819,0.1374867497796943,0.06678727712563193,0.09601788687985235,0.12300361331757832,0.1125637837068856,0.08268716157379397,0.10467292294389048,0.11698008629742386,0.10917126175061727,0.08670735181126168,0.090869484329383,0.09789907606587121,0.03997395451138616,0.10280388460401332,0.09937259714003722,0.12667717116511362,0.0835176962073262,0.11071713428516702
Background_Noise,1,318,0.1283229275779767,0.05,0.12855589477773824,0.08,4.0,0.2,0.3,0.15,0.15,0.10596287030615348,0.1384707956214775,0.12125573802655704,0.08633575912024369,0.13046094235697128,0.10256297576939268,0.10657944790762107,0.11018730097862522,0.09475417073003521,0.12464074571258468,0.0956964778402192,0.15700563776059331,0.1089079742230962,0.09694297562106549,0.11463549712098721,0.06101319872320551,0.09172194796512886,0.1087921256430824,0.10233696904329165,0.10177333115283552,0.11327137075168146,0.091283004497414,0.10949894126338247,0.15038289154014894,0.09806693816696753,0.09152245415727238,0.12778547160140605,0.09224661082833041,0.09690599292420785,0.11239053741714658,0.10118770495658629,0.08527731012009893,0.10499640999450281,0.1048590236291788,0.13164150389811666,0.11147972250633377
Background_Noise,1,319,0.1116463163644012,0.05,0.1729110343929856,0.08,4.0,0.2,0.3,0.15,0.15,0.08698232370662973,0.09000989983583023,0.09293116771328179,0.14776150722800868,0.14641531712798372,0.11714474147901625,0.10633231279504501,0.09955903647825896,0.09329539397327227,0.11247588043981285,0.11246146696417106,0.08524813581348387,0.09810090564066686,0.09089618459585767,0.08920664015306123,0.1457413055303874,0.08840041966537801,0.1288533906987798,0.09406399839161958,0.10257391781089698,0.14616650023253824,0.11846700933180619,0.10772583548630846,0.1253711506786788,0.10213112801256528,0.11701702140832253,0.1184441853605218,0.09336031998745782,0.06589413732143509,0.09171544144472688,0.11765517079582935,0.10000294408062323,0.10519994685284242,0.06306901697077272,0.12865371494776667,0.14246780317865862
Background_Noise,1,320,0.11764066285720434,0.05,0.13403757464923632,0.08,4.0,0.2,0.3,0.15,0.15,0.09534956488389353,0.10746646854329348,0.10563651420894916,0.10677966250363835,0.13895334952137647,0.13806442129212732,0.11803146904807896,0.10315709691677354,0.1346003318175295,0.09736752191191317,0.10117925863624684,0.10616977810390739,0.11601511383146754,0.07656504558772786,0.10600078199269077,0.12088859966657162,0.09128032531623816,0.13005903412229464,0.09974213989710573,0.10361031623265153,0.09038527868795723,0.13246634170568886,0.11632468760811061,0.13524629812838168,0.09885289249766649,0.07816338141879178,0.11789162741506067,0.1210181617278429,0.1118685074974173,0.1345053313781295,0.10366474574904795,0.09684443196508072,0.1031277657847579,0.12085647206298314,0.12262129529271527,0.129352588170013
Background_Noise,1,321,0.12152270439411246,0.05,0.15088900990132928,0.08,4.0,0.2,0.3,0.15,0.15,0.11673164066337753,0.14177570180911186,0.1265816002848858,0.11418077936699865,0.09074741623919441,0.0899895668487467,0.12110520818823209,0.10852767845896301,0.09961582274809595,0.08883770986329889,0.08954948469640192,0.14996173158578807,0.10900800065602087,0.08527005511441574,0.08699325997409353,0.0938725592136483,0.0818640699080523,0.1622667119246289,0.11388396888618083,0.1270663101292965,0.10716730486936245,0.18184615416327937,0.11187379539214695,0.11655501605669974,0.13321209836618234,0.09717421580827451,0.0995437622434152,0.09139179609033912,0.09410278761969926,0.09565223675604982,0.09407230932973938,0.11418887421616153,0.09065243932588675,0.0866230605582209,0.08693696382195358,0.10566728546673346
Background_Noise,1,322,0.13116690457636823,0.05,0.1549120189917834,0.08,4.0,0.2,0.3,0.15,0.15,0.059498383551417844,0.07693468281527434,0.10246243264284578,0.07469336329196596,0.12037538468029121,0.12840099710893854,0.110346811086275,0.09977917868543995,0.10473661376213747,0.08780236063815211,0.06449360345696856,0.08714479558219715,0.11948402370251349,0.11374254833299742,0.10153636587126488,0.12415156035714547,0.10248279079821108,0.10851637325318668,0.0992786333968919,0.09221010796302113,0.11529940220705796,0.11280580178779924,0.09836609011138489,0.11524380159095528,0.09531215667744525,0.1107435038637389,0.11967549726597734,0.11100345659882653,0.10759372346468943,0.13136040711911423,0.10636846089605062,0.14217934522838924,0.10328054329682293,0.0939633340286371,0.11681824043697893,0.12047893339771085
Background_Noise,1,323,0.10249777879775832,0.05,0.13121086142056942,0.08,4.0,0.2,0.3,0.15,0.15,0.12119711778306903,0.116431081400894,0.12751823095843687,0.09495316753759402,0.11913675246403307,0.12548512328434047,0.10177713557351716,0.15717612645704893,0.12237662206025071,0.12606420292017553,0.1308479037015002,0.08152677038459057,0.06812234144055665,0.10275372680723933,0.08230536222377115,0.10219191152290408,0.12231618814151925,0.1294115130482186,0.12927505301100647,0.1004567383651104,0.103828598179632,0.0818942881831044,0.11691026748129728,0.12894968660321734,0.08195881432759718,0.10970291402486526,0.09011089121488813,0.08885175918198839,0.11945371846736273,0.13183384230034526,0.1092615941951164,0.1268934077612919,0.09920589242743116,0.1256693267432798,0.11192197881075859,0.11409971431648218
Background_Noise,1,324,0.10657397423840134,0.05,0.14702230889433848,0.08,4.0,0.2,0.3,0.15,0.15,0.11858600553656065,0.0862237687142438,0.11660413002595142,0.10757033608517251,0.11695581032276137,0.09516910336779939,0.13776821577815393,0.11853808646296532,0.12620233900967054,0.08033106262953532,0.06741784781296091,0.14144516116491587,0.07006765174967337,0.08279838717643896,0.1229419210973131,0.14403336629496472,0.10513054769872525,0.1153131702580422,0.13885910019273878,0.08241257974641117,0.10917515747883294,0.10891153450080816,0.11413988053764026,0.1450860934120796,0.1338085458063095,0.08241135800039831,0.11407129731697531,0.09804217506241827,0.08658959392230842,0.10300418867683947,0.10372008062094605,0.09812449545456293,0.10835028286896896,0.12119898707629298,0.09622700229461083,0.13640366769331144
Background_Noise,1,325,0.11140151701750566,0.05,0.12733300166974545,0.08,4.0,0.2,0.3,0.15,0.15,0.09958072940581275,0.11533256972634659,0.06739106823473484,0.09011334160638135,0.09123873170801049,0.14155800979414435,0.11614512296437805,0.12144955775315724,0.1474774475158825,0.1089113119281618,0.14057673490078904,0.11923495064886942,0.11640036488243045,0.11204093495839589,0.13264537421690706,0.13999255720684287,0.13761155072631914,0.08815899572940657,0.09006862682958994,0.10698481112768256,0.08157926179271212,0.08363515969687937,0.08365133827977733,0.09806596201892322,0.11220405979044132,0.12636851757529288,0.12933747482101507,0.10759386995470653,0.08251951014821722,0.11717784851463091,0.1647500403703851,0.1558448013398291,0.11693567177324554,0.12454413187028959,0.14954317414088625,0.14200809430371722
Background_Noise,1,326,0.12633363422111663,0.05,0.14986209777218715,0.08,4.0,0.2,0.3,0.15,0.15,0.05786417111924413,0.11875453320696248,0.07699828098040178,0.10305392184767609,0.09710760298389685,0.1349616381835463,0.06384192229334304,0.09488052924079915,0.14034286070736582,0.14327058992022962,0.10413773586927864,0.08033678446006534,0.07695601278175063,0.10405704185674973,0.14702667846789821,0.10347398810420114,0.10126787750501257,0.07821698216820708,0.1155779715821896,0.10672728078745215,0.11348969639357405,0.14291141599301765,0.10460413385065076,0.13344524447650494,0.09589177656943633,0.1331003448639131,0.1148713993916232,0.11156363336557792,0.0989059431739624,0.11210403332791746,0.08009105900631379,0.11578213739982399,0.11214114862205023,0.11158447534481059,0.1136084633189709,0.14051992752575332
Background_Noise,1,327,0.12292265812015675,0.05,0.17883374274720218,0.08,4.0,0.2,0.3,0.15,0.15,0.10934197282698287,0.09354331061298594,0.10562028784365539,0.11544070580936772,0.11238156291063714,0.13123168490881879,0.1029165909169763,0.08356434594712814,0.1331835401925803,0.10791231192186065,0.13491564950474602,0.10091291293195855,0.13569407458770605,0.07373547220953737,0.10372238771991012,0.15137371232592675,0.08702660528173012,0.12093282029781993,0.11947787544712554,0.1296309966063387,0.12747260996383955,0.12034322499235206,0.1422509858652551,0.06988529307697983,0.09684057972696794,0.15437807709787765,0.15019706643440636,0.09297938532920258,0.13038099060071867,0.13064190523641012,0.11546361736199601,0.13195586557657568,0.11597469665209967,0.10758363552537233,0.11176144101629588,0.09299786646408965
Background_Noise,1,328,0.12234154660662393,0.05,0.1805722828327635,0.08,4.0,0.2,0.3,0.15,0.15,0.11109805778025494,0.12415423783563628,0.10765028036996291,0.13729039150050065,0.13551375600952228,0.14192611970221958,0.08784331239987629,0.1138517216933199,0.10030205441486066,0.12546796275776437,0.088447041706851,0.11413786959267393,0.10221252760365951,0.11742459403347565,0.083511981189014,0.12569201186753914,0.09265921698190546,0.10944043772865988,0.11387903057404378,0.06642394223472328,0.0972171286638425,0.10514857221852203,0.08288343467052951,0.12715952828003568,0.11469752507360849,0.11248028678024152,0.0915735439154994,0.1281070455608662,0.1153796982213474,0.07468485371188952,0.10200522568795824,0.08233726182295137,0.1452260291653124,0.14527291488403576,0.1314797289809438,0.0948801538370756
Background_Noise,1,329,0.13778352662865806,0.05,0.15150901808073128,0.08,4.0,0.2,0.3,0.15,0.15,0.11395111444264847,0.09392627859104097,0.07930888208627812,0.13253349825828467,0.1188236537580427,0.09300223438746937,0.12587006510682566,0.14589872053225922,0.07698291929765248,0.04732244634121864,0.12224478108824281,0.13674351515370423,0.05508838344392048,0.10869111609285619,0.10276432460746891,0.15129787173195236,0.08487355178701315,0.11320212945048225,0.11715559895959947,0.11071629051385597,0.0702130019677207,0.11359045794157088,0.1000196092372523,0.1115281747334297,0.07827656853890662,0.04842923656533196,0.08150378955961726,0.11211793365246067,0.11253255833273543,0.11447632731145473,0.1392367206928058,0.08443262553084233,0.0841430306282869,0.11402116135418405,0.11228563787277326,0.13312601790142223
Background_Noise,1,330,0.12481014899180091,0.05,0.14898077751981756,0.08,4.0,0.2,0.3,0.15,0.15,0.10151449708520817,0.0791626519796799,0.11373865893608617,0.09783572610188762,0.0882849822637934,0.07481169765287761,0.10316783276586221,0.14718879628870649,0.11088585335833308,0.12031225849230354,0.09849707602753682,0.14576266073378247,0.12873774132190427,0.08167193635449924,0.09773197029809468,0.1273987002577678,0.09169106285845917,0.12676645805399622,0.11528112267619511,0.11492950294753337,0.11171904550544116,0.13315752023778185,0.12349328069113873,0.11798811224639166,0.08714036134939507,0.10680948888424413,0.07497444848247273,0.1060360380744902,0.11199768251003611,0.0889839454182566,0.11200118150913173,0.12551345273538275,0.08574975055229013,0.12172723153762348,0.0770169661013215,0.13178149234943093
Background_Noise,1,331,0.13054765587440612,0.05,0.15659902538039408,0.08,4.0,0.2,0.3,0.15,0.15,0.12894329919908312,0.10109146314365067,0.08574678544186551,0.10366160499902978,0.15082025412681752,0.09899819806734593,0.1255136030670531,0.08418259909266117,0.0769661332905704,0.1370694523067305,0.11183905279893326,0.14448408526457673,0.11268143160615646,0.09534138670457735,0.11391219506714148,0.10344365920648889,0.12033717612074306,0.13581131460105433,0.10658558027556542,0.10875163902793904,0.1441892167077744,0.11267806504563109,0.13378794508723482,0.1029440044148102,0.09843154806553109,0.10803566627661723,0.08514025349882935,0.10481121642556045,0.11233231916446824,0.10452693621188515,0.11187794037755215,0.10317839201406731,0.11159187757603328,0.06694824838377203,0.11376814039515748,0.09558221894125808
Background_Noise,1,332,0.1126627686781951,0.05,0.13126427921679532,0.08,4.0,0.2,0.3,0.15,0.15,0.11285225493849065,0.13420527646926245,0.14518052300127016,0.1395372152015961,0.11195076385699472,0.11152856786296554,0.09451782536762884,0.10403489470874998,0.12044881843596307,0.0829643562540863,0.12370084080256658,0.10967855217795011,0.11229227184434692,0.13988745857138163,0.11010674540652667,0.11938269785700743,0.11963273963952238,0.09339973952796518,0.0858959192778355,0.1144497473322512,0.13039319112319742,0.10684909363496652,0.099038144747937,0.10276042194220783,0.08816202199172701,0.0986907253774287,0.08512070255403928,0.11993587138485794,0.10056605831979137,0.1213675229295855,0.09296909648443101,0.12202334848981457,0.12415079121213471,0.10127190878429086,0.11071654487291237,0.08888863286450888
Background_Noise,1,333,0.13425223870776903,0.05,0.18413125352619908,0.08,4.0,0.2,0.3,0.15,0.15,0.06091775142634437,0.1311685991207152,0.1180205549956811,0.10030781739470107,0.11741873615209546,0.11855715065540785,0.11860096386286764,0.10136440074649901,0.09429154875477364,0.07812194066986569,0.11564366641186137,0.13676376022042608,0.09249048799754309,0.13033917992076283,0.12231825173043682,0.1164252934648248,0.14301898801535048,0.12659250292749216,0.11588195409560309,0.10522956680511218,0.10376776324166412,0.14256401508191308,0.12353528976220239,0.08976068604656343,0.14533977464433726,0.09853556282751619,0.1291243412952281,0.12148822388805013,0.09298045624865671,0.11256390061023229,0.0693484214976475,0.11766865977803637,0.07137903292008113,0.08727191632168542,0.11546406621639621,0.09336512078683265
Background_Noise,1,334,0.11000284435039255,0.05,0.16526325000019623,0.08,4.0,0.2,0.3,0.15,0.15,0.1521634535018926,0.12164814557702126,0.08736102139892657,0.14706822855328497,0.11252119465718231,0.11760977950015397,0.09092746320678731,0.12583519513835453,0.09223360482933253,0.09991722236582298,0.11885299249287656,0.10057800242243847,0.125801881071185,0.09696414203669618,0.10607731129140223,0.11308946248632407,0.09248317627713784,0.10234669791142692,0.12111123685767704,0.1034389771040443,0.11336748029146175,0.07168860371867955,0.09848649257247702,0.15229931616601344,0.13637953324153992,0.10193218461697644,0.11161111824354879,0.09876426418260638,0.09855088904477297,0.11506058042601602,0.10512350017064978,0.10289540833105999,0.11038620198951131,0.09848201810667087,0.11352427262329179,0.07430148742875381
Background_Noise,1,335,0.10804048656929596,0.05,0.1616048734008275,0.08,4.0,0.2,0.3,0.15,0.15,0.08826977543038063,0.095188349935027,0.12880971912638756,0.11298573260922568,0.12406312718767071,0.09448909254636116,0.11204680409383418,0.08995180589324232,0.10745840136929004,0.13788511274641624,0.1290700558834859,0.10819570487357924,0.13843193257501696,0.08641348545951924,0.10389102254950025,0.12514147182992322,0.12091003617165277,0.1510964686666179,0.13220739769714482,0.08919521317957028,0.08805249133412409,0.09988302867616887,0.1303176975290495,0.10971664469612476,0.10848084486206899,0.12027419470562795,0.06315078119523902,0.11240305112207112,0.1670793117153361,0.10426555664936309,0.10431632018249139,0.09204198388727423,0.15080727882600364,0.08155188088686985,0.10211991336149676,0.10865498408276354
Background_Noise,1,336,0.10826708223347063,0.05,0.1558731707688476,0.08,4.0,0.2,0.3,0.15,0.15,0.14973211713889673,0.11925013326765319,0.10201972488288699,0.0953967526129709,0.13518526126536964,0.14380784344386735,0.09751355860159588,0.13551911424311774,0.09565279132210733,0.1370338166477289,0.1301537648356189,0.137735077929438,0.10451259327390151,0.11684899898841439,0.11574588381123709,0.1345864664478326,0.12934615798776508,0.10453364709449023,0.09123727673137541,0.12778514137220434,0.08660228110384635,0.09812060975109604,0.07122569579236486,0.091994332299527,0.09077572353887253,0.1212944971547712,0.13587002205152504,0.13983364364281411,0.12533683145332267,0.06325986938790724,0.10455477456275036,0.11299995305984833,0.12629181543721707,0.10100028999448062,0.09926972052946001,0.11530185775443573
Background_Noise,1,337,0.1233137569643057,0.05,0.14606123422196454,0.08,4.0,0.2,0.3,0.15,0.15,0.12856551711746084,0.10823172694139885,0.09158471437849655,0.13157724925880213,0.14047576541693998,0.11329487078526175,0.10526286689432027,0.11044671741787561,0.13067255554746685,0.12902474563723965,0.11014455789821094,0.1233336592048965,0.10742465012073199,0.093033789015815,0.1396616565004525,0.1194354895129686,0.10189854177236513,0.131597324528142,0.09142848282545543,0.09800268536475415,0.12752775234431604,0.0759263067730673,0.09584033895735909,0.1010703568963547,0.12554786630161932,0.09448222935316748,0.06591263749412467,0.09894265048189754,0.10530492927935209,0.11255267098614992,0.1031480458306606,0.0794198133328877,0.11726557513630938,0.10240963488760212,0.11902065380862653,0.1547695575483316
Background_Noise,1,338,0.12893747125539173,0.05,0.16483440674465913,0.08,4.0,0.2,0.3,0.15,0.15,0.11810905669594896,0.10031809028761565,0.1325097928497893,0.10706563698638008,0.08526520723292678,0.13997633519237632,0.12204008507862855,0.14413630202334976,0.08463840193274749,0.080121285592569,0.149625352242402,0.12455466076863714,0.09360426326680467,0.09111339894630004,0.09935838754148069,0.1326200276933943,0.0926994397997361,0.12802079076033357,0.1077661178617057,0.09569347962703495,0.11183466288056579,0.09323027888674602,0.07597204297275875,0.07428351867740524,0.11184955307771713,0.10584479570225978,0.10001338493891668,0.11235435815036611,0.10369863268777091,0.12067424165738655,0.09935556416297991,0.1269354027711921,0.08315225032155386,0.11019441249614523,0.11862345580053159,0.1539008453715104
Background_Noise,1,339,0.14608094265727856,0.05,0.1479038394582711,0.08,4.0,0.2,0.3,0.15,0.15,0.11638097925181745,0.10685945490903495,0.12205956551222945,0.12192099138848325,0.12428185180067382,0.10604599700220793,0.14425702887593944,0.09601019256272135,0.13864132699065712,0.10378194783890993,0.09146803870582483,0.10299183204308576,0.12185535193850804,0.10050265966889659,0.09434045695509098,0.09363527631305105,0.10947337085858742,0.12840091612133395,0.11854700738342891,0.10374798242281108,0.139559137426915,0.12850372933566528,0.1335103149982696,0.14415492489806087,0.08241473353199327,0.1221322176031849,0.10530423414568879,0.11031314668100918,0.10488839950641157,0.11085015018157221,0.11385237492702983,0.08968324304338787,0.11507410317572096,0.07424962820798853,0.11331703533900306,0.07149409149394748
Background_Noise,1,340,0.11634691470334221,0.05,0.11964012999051422,0.08,4.0,0.2,0.3,0.15,0.15,0.0848891457679716,0.08128230668018063,0.12157154933812572,0.13484476984211685,0.11240280691980815,0.12259563706634727,0.0886987822026153,0.08563222001005728,0.1530526240607017,0.0984376561645793,0.06823144612252743,0.15537380656587121,0.12866976794214305,0.12359746820931473,0.10835470032936333,0.0673145395083597,0.09525884512077563,0.14833354240309848,0.13522914386334406,0.10321674848424973,0.13894282537213243,0.09806155068963117,0.10394307541441726,0.08755759336881733,0.14894471624944555,0.07178414369764807,0.13305813987065582,0.12681555427689925,0.10120938374062152,0.1054032506635462,0.11143223731055388,0.12800742524618766,0.0897003702470439,0.12317492520686042,0.07481760447512151,0.13097263204127038
Background_Noise,1,341,0.11352464327132132,0.05,0.17659844265838898,0.08,4.0,0.2,0.3,0.15,0.15,0.1137226205169647,0.10168280610138435,0.13034033737390907,0.10467097211627789,0.13093824829539594,0.08835365636742817,0.11164078671245638,0.11092614312046102,0.07245803439378118,0.10031359879250183,0.12793679209858125,0.13854105825606455,0.1407052476401449,0.09554772840019025,0.1141609653069571,0.10916999990973163,0.09631506501244862,0.0897604067591269,0.07823364171939995,0.11385814573113259,0.1199300806090616,0.11055173638959757,0.09784599664186289,0.12496110121423441,0.1093053315829474,0.1077569459084693,0.10601053367861021,0.10596621548076095,0.07341465379867135,0.11990523853188344,0.11140788002582602,0.13029019523724703,0.12694036203856016,0.1069428722094839,0.09460136571917523,0.12637683254782045
Background_Noise,1,342,0.11779205314460106,0.05,0.14916735238515336,0.08,4.0,0.2,0.3,0.15,0.15,0.10687021033757173,0.10139833917076665,0.10809968438263104,0.10721257159689028,0.07639038802324133,0.10771862198187286,0.12171324304559951,0.10519372120712626,0.09732232786901263,0.10885119940698662,0.10050291515202231,0.11627061849476794,0.11516073216147923,0.10121121522971865,0.1254541499061212,0.12542929576457035,0.10273909376304406,0.10576802102540121,0.1054733830836744,0.11453030030744457,0.08228857160975155,0.13436565132716313,0.11119332292791852,0.11246970823077476,0.12621955175497337,0.1154125921490354,0.10576377824489792,0.11142826852622657,0.10564528607700588,0.11026860356819655,0.10895103004163297,0.07866207049450591,0.07891091537894898,0.10104075580194624,0.08009305697145995,0.11059494533018874
Background_Noise,1,343,0.0973619796030101,0.05,0.1764404573400235,0.08,4.0,0.2,0.3,0.15,0.15,0.12769024535819698,0.11188254430669499,0.0981829873323939,0.13126064270339108,0.13810326922784344,0.0809592302138766,0.1512642951598634,0.10428224955609583,0.10410564157989068,0.11579233841598668,0.09540768885416782,0.09195687435328236,0.11494524726976665,0.1309283906420474,0.12784208217542797,0.09141959881203701,0.11233486086815862,0.10637000729367573,0.0848471723697787,0.1369383767683235,0.08816975589279732,0.08925850150438261,0.10541957339668824,0.13186916891068565,0.10746495305129633,0.1128017126324998,0.12073349906237033,0.11812286962818339,0.09322232570338315,0.09992067096402743,0.07318943460618492,0.09508968972717743,0.06292871222162115,0.10444609755812628,0.08784745248234496,0.0948706361396833
Background_Noise,1,344,0.13004964100716682,0.05,0.1961446661851926,0.08,4.0,0.2,0.3,0.15,0.15,0.10827630381887528,0.10367790729096613,0.10589622563794683,0.11294091065229475,0.09762477398328659,0.12096042277473912,0.10797754390168886,0.08790028491780555,0.07714048648238742,0.11196940041026548,0.12379977555528356,0.14422195540842997,0.11202609325948305,0.07799310166978632,0.10842180186005615,0.11793664866117498,0.14051760753012815,0.12132246297378636,0.10938654934992026,0.10065046685726756,0.1362054000211365,0.11474291712254048,0.10321172400166716,0.09911043818158877,0.11363884843805142,0.07639032319988967,0.08483414271574194,0.09134688954532864,0.08438569736722788,0.09375958995219982,0.08615059123506635,0.12568662905967173,0.11345866716462213,0.1173334911609556,0.13966704488876105,0.11297827568153086
Background_Noise,1,345,0.12130007339760046,0.05,0.14289789895573266,0.08,4.0,0.2,0.3,0.15,0.15,0.12457423896996501,0.10506391037622835,0.12699235825500776,0.10963072471056717,0.07706314071750152,0.11200587103814577,0.1187770396921113,0.09832598927720662,0.1511512566476244,0.10112346903774881,0.11080117245970443,0.1272380970574149,0.11881989324754443,0.1008974526334692,0.11934484870706166,0.05999994894803322,0.09271512279840352,0.117417963495516,0.1427325021685884,0.11205992111155302,0.08455433808499989,0.09143728427467077,0.14745873333296228,0.11102503509284804,0.11518072219341349,0.08841744282061409,0.11397542470098546,0.09405842954193595,0.09076797822495115,0.09513882009672989,0.12425621469115175,0.09682886010974838,0.08955439918768744,0.08033062647441752,0.1323814085825209,0.10829282065226231
Background_Noise,1,346,0.11831086649460212,0.05,0.17585498777677944,0.08,4.0,0.2,0.3,0.15,0.15,0.1328283923927258,0.08683780445183809,0.12035055257802775,0.11945286508545742,0.14472760441737026,0.1280703159495653,0.08915166254953603,0.09526264805197064,0.11699575305060271,0.11357265270584521,0.12552128033878115,0.10039147786291866,0.13447209855160097,0.12125853106757548,0.12298986660472291,0.09880821761379728,0.10446715302145486,0.057082994601936374,0.11678741846804296,0.11475586741355842,0.08570749619070289,0.1038280445782991,0.11863875635878779,0.10412682460065328,0.11289548081934561,0.09724210430448514,0.10581883553457157,0.13497701965361233,0.11255874242468923,0.09610492800447804,0.11856563195774171,0.11791223923353746,0.10728849886517129,0.1130257946021202,0.11050516498434934,0.12095371263481611
Background_Noise,1,347,0.11550843254040542,0.05,0.18942483312288633,0.08,4.0,0.2,0.3,0.15,0.15,0.12270273021221766,0.07928103507613744,0.1617237174046821,0.10834490421540129,0.09510933812175199,0.10135792726862726,0.10873649287020128,0.08096419515521672,0.09679318058788747,0.17176628421970672,0.11038205369610103,0.07837691473637867,0.09539790419600912,0.11314638985146021,0.1273717941115814,0.07275445160201184,0.14019065831683514,0.07781750471578713,0.10572553863126262,0.14672143195815826,0.1426932664511341,0.09766994067421247,0.11411157854559167,0.11697244093317628,0.11452262586479095,0.08864462099781481,0.08632411779655319,0.09744661581487231,0.11865300811487237,0.13931754596709053,0.12761301211044668,0.13741815754323433,0.07435494686130098,0.11590702212223244,0.08753620231409878,0.11863653303845156
Background_Noise,1,348,0.12483734201253366,0.05,0.18578852065572415,0.08,4.0,0.2,0.3,0.15,0.15,0.09525245432423671,0.09901010482158944,0.09070033503586383,0.1330273667060376,0.09008820772187603,0.12186131037616327,0.07421906538409402,0.10986616714522503,0.08840335349386641,0.08803906194682828,0.10552664244426038,0.09001530733023891,0.14501473586002434,0.12027911931984187,0.13708988902839572,0.10062273654746359,0.09820937588530183,0.11535822852240554,0.1377887663770431,0.0975588122950042,0.09378312127516328,0.09844267569873368,0.10463921275802074,0.1082078115812234,0.09643768294683405,0.09195965821252258,0.10379585846076268,0.0929553930617957,0.10270525268177305,0.11308226104901563,0.12615356435611091,0.12190231515911407,0.09721206086618472,0.12325987501196589,0.12908769386429694,0.187564367976845
Background_Noise,1,349,0.12961033120573,0.05,0.1508315788337327,0.08,4.0,0.2,0.3,0.15,0.15,0.08580320641977099,0.08940512363215394,0.115878928525271,0.11697689957469246,0.0768545433152037,0.09467149085916002,0.12922711307338303,0.11735881483337282,0.09367996099566472,0.1221740221420207,0.07452572716676592,0.08505144823943543,0.12244875567513698,0.09038312918104145,0.15344892685061912,0.07211304552482342,0.1370843003953484,0.10455755697840234,0.12414373293265712,0.10635573827400248,0.1119078668747881,0.12406015860477355,0.0853943717862164,0.11710611059174698,0.08713607162595852,0.12536182871533505,0.13368287874375992,0.11187394491436899,0.04405596594942286,0.12857657168351586,0.10783823685845965,0.13277658577309445,0.09745471922703648,0.05986662685020347,0.11821694274072697,0.1022433640988018
Background_Noise,1,350,0.1282186997081477,0.05,0.13087309965024368,0.08,4.0,0.2,0.3,0.15,0.15,0.13775198520685022,0.11495385916523564,0.09962910429879476,0.1299790687011898,0.10301799147600292,0.08198364653381743,0.10829854463910053,0.10464040641668704,0.10202836999848516,0.10471237296021726,0.12365267287730729,0.10800767402629138,0.10950994519545114,0.10960419790224621,0.12631663052720327,0.0992181300766377,0.09878313360517,0.09561557455341467,0.06163551306398987,0.0952910909037432,0.08872948540198014,0.10729463703753414,0.12329481280655125,0.13555101056944074,0.14119089402893809,0.10216628960263283,0.1193419949259521,0.10001908954586267,0.14665301966488942,0.08909762061236198,0.11022786145057109,0.07568494629586109,0.10147923593441467,0.11081305561158676,0.07285850657194526,0.10517605976376686
Background_Noise,1,351,0.11228086858249293,0.05,0.15980457295851985,0.08,4.0,0.2,0.3,0.15,0.15,0.1165439543782301,0.1278276160513757,0.15756710369004226,0.08048124932132895,0.08067826545597856,0.11681467035231971,0.12651294411343247,0.12090317746282088,0.12961324891832138,0.10688551707368511,0.10609446754950254,0.12452694002074433,0.13634030641722694,0.10031461226733683,0.09810393667920654,0.09242089484006372,0.10766502920213321,0.1407364576980533,0.10763555667700493,0.11926585233478815,0.11979256115482496,0.0808999584994578,0.09586338591135557,0.14060710441027477,0.10404677099833815,0.11087058774046074,0.09843859658236241,0.10633546435888885,0.09583834120829458,0.10616909378542579,0.12835955564116122,0.07972386010470611,0.08689467048784395,0.1115582990554154,0.09811337187838326,0.07591188670044724
Background_Noise,1,352,0.12502883161197637,0.05,0.10614580887107813,0.08,4.0,0.2,0.3,0.15,0.15,0.08799818251600856,0.08063196404802142,0.11935729328276574,0.10102910830633788,0.09294218437565313,0.0933417428292819,0.09254841106726178,0.1261892295648403,0.1279365109984869,0.11019683916781545,0.11038083044805547,0.10332119472002943,0.0928021549636619,0.09551443838063746,0.15635670975192634,0.1108962892170612,0.11781855043881564,0.13064672850180628,0.0948574630517285,0.14087320112458177,0.12072347822633375,0.11285609986349654,0.08421418954583144,0.14070930865780532,0.13888632884036672,0.12436696410446788,0.11230781736786369,0.1037528740893239,0.0973583361372406,0.11550676297675741,0.09620449246547472,0.12553081699301413,0.0861717537526035,0.096116677729871,0.09956262464457796,0.12447861368576368
Background_Noise,1,353,0.11920730110142791,0.05,0.16159672130894823,0.08,4.0,0.2,0.3,0.15,0.15,0.09508077839175981,0.1406893160120737,0.08884223370766284,0.10377815100952589,0.12514067436994575,0.05760681913805315,0.11689124635748549,0.10043984124512267,0.1200921203673462,0.11957656496917818,0.12051206984423582,0.08918828574217169,0.10093050703744505,0.10796998930810581,0.13366773378401425,0.12611572586611516,0.10577756700583357,0.09694493141008077,0.12123150176995365,0.11415958914090123,0.14681484548572218,0.09596623969697046,0.1156355729377935,0.11702042213363521,0.11647852820731047,0.11595733646867418,0.10171732586328944,0.11792055323744972,0.12810704054670782,0.07064308982154577,0.09273033642419451,0.1111592099771626,0.1123892435179927,0.09880573118851789,0.0972437436853677,0.10841856897312861
Background_Noise,1,354,0.11356281115100927,0.05,0.15410616857866724,0.08,4.0,0.2,0.3,0.15,0.15,0.10647830066559705,0.11556153136606571,0.11347127558177106,0.1092592248769718,0.10855457684907587,0.10994055518881021,0.10383618865618495,0.10770152150932863,0.10281394739118094,0.12047940225615279,0.09882773817607707,0.09439148133685035,0.1469139885024471,0.11169223360571381,0.09758864087460946,0.08441780037787926,0.0928757789341402,0.10099464763224371,0.13074586523511902,0.08647805026345609,0.15759438780186383,0.12226691042251531,0.10758102241457185,0.1303521648959922,0.1304765394505338,0.0722536943886815,0.11279987790469455,0.0963725257443875,0.12068803504687899,0.093276096930086,0.16421151202458462,0.11553369889167407,0.12463158329942614,0.12692833463858855,0.09824685995210729,0.10921718922559179
Background_Noise,1,355,0.12074909572580828,0.05,0.14992627347474333,0.08,4.0,0.2,0.3,0.15,0.15,0.12224578232457506,0.07344785033876042,0.16345918250377983,0.09499284061419208,0.1308227182677176,0.09446229110223822,0.1249813757950676,0.10243574059910603,0.13743272742855836,0.1459821375741962,0.08357415718578565,0.09708949217023495,0.10691854788992555,0.1611261252061939,0.12839981083084384,0.09808605026120842,0.1274901132166776,0.11262832593650521,0.10282876283517987,0.11915146288182701,0.13069869733616737,0.11827901885737169,0.10130604734214413,0.12261021690354496,0.12568142091663903,0.14210920039608854,0.06706487057920005,0.12111814280369589,0.12329103172716624,0.09645570860807451,0.09510383991625869,0.11520897925470383,0.08486410564178769,0.0871099661365651,0.10765375605076764,0.1146270742973246
Background_Noise,1,356,0.12242272419207,0.05,0.15525017359207738,0.08,4.0,0.2,0.3,0.15,0.15,0.10409654152713221,0.12642094626661227,0.11317567895109387,0.07417441876432801,0.0741737204240161,0.10668663444441662,0.13631505856504056,0.11305638450238492,0.1446722731957354,0.12637289737679394,0.11488137869105489,0.13934743893783308,0.1565565672181183,0.1312693719809751,0.08284181197674,0.10382381446560861,0.10979854624361948,0.1313203290676827,0.09949388307106154,0.08180348568948202,0.09167646702880222,0.10197869314795963,0.1390936444320734,0.0830260634082465,0.10933302662682946,0.12238254968601361,0.11262466137030824,0.07047106621787497,0.13030791950598147,0.11023590362240993,0.1278554830489862,0.1029334749286543,0.10391898250505423,0.10206939410410142,0.10612736434758341,0.1272615744799962
Background_Noise,1,357,0.11848578864012688,0.05,0.1468213267328608,0.08,4.0,0.2,0.3,0.15,0.15,0.1473241314155709,0.09355153094275079,0.13136194965598383,0.12854477109118767,0.11791254064378924,0.15856469364079703,0.10324793692189724,0.11400955170998067,0.1294807687341814,0.09297762262291556,0.16097727683231072,0.12085563775220935,0.1552811822270735,0.11612875239394979,0.1109275951759065,0.11235113672877094,0.12011258931733985,0.13070243360570644,0.11546967271134498,0.10775763024050973,0.0893421268991119,0.13985693530931576,0.12145237590965058,0.09689595699530612,0.11458261567202115,0.12818067303671582,0.09972744325971354,0.11112130562011607,0.12440006906370284,0.12142682253898592,0.13438367411643007,0.1147729491267026,0.11583650319599882,0.1500408210307404,0.09435302859967444,0.09509562966861215
Background_Noise,1,358,0.13458867576198547,0.05,0.15460309528408517,0.08,4.0,0.2,0.3,0.15,0.15,0.0719898642527653,0.10656998393756781,0.07848411987889717,0.14171846318543657,0.10617611473151187,0.1101404751505802,0.10934216273352937,0.1415442716121503,0.09952799721437126,0.11906972788889178,0.10084890978575539,0.11739133128318714,0.11666327866612561,0.1145551154190475,0.10408198035745289,0.10546296526288995,0.09969745283503413,0.11834415120549173,0.08021534281064412,0.10097998346335921,0.12086823104973332,0.05456525859381281,0.07699251997269702,0.07513626378290961,0.08358199607249547,0.1174289979989718,0.09674840566214134,0.11048913833855811,0.09992778513239502,0.11109323359427276,0.15103410281165588,0.1136977199116835,0.11899187788770908,0.09563049806048318,0.10783867034551857,0.1299004424779912
Background_Noise,1,359,0.11638005337629213,0.05,0.17551715432594295,0.08,4.0,0.2,0.3,0.15,0.15,0.11327260764091895,0.08721189673191082,0.09782806999580754,0.1498692890187271,0.08475517484381603,0.08477615508066273,0.1220939158076069,0.09017549044928233,0.1203374088506368,0.09850676848436593,0.14816828470264493,0.11213928210166903,0.11508992642080898,0.1123021306770206,0.12037056213991862,0.0992403823042298,0.0780109259304092,0.11407386218504639,0.1267889049576019,0.10030281117333005,0.07811757171621707,0.11450946445489717,0.1204505128078544,0.10301012124668416,0.09209833032516514,0.15523598372935907,0.08178559997938079,0.06881488832550572,0.11342380443050414,0.1252982669093405,0.1366163678824458,0.12137617266191214,0.1243276954443978,0.09883230636910581,0.09562394514906958,0.14215455208015587
Background_Noise,1,360,0.12592538647815976,0.05,0.1310179987953186,0.08,4.0,0.2,0.3,0.15,0.15,0.12168257018408069,0.10825243560208189,0.10035618116964129,0.12534131339589258,0.09608508063333257,0.09370420156280818,0.10673585590756066,0.07346622887995498,0.1254288705614026,0.11721559715277605,0.12469669506107856,0.10773162290656613,0.12401515542363198,0.07964982625600937,0.12731090422028393,0.11978489587951406,0.12049825752132064,0.13253609190999321,0.10952289291645337,0.08889306995257833,0.09843905629910088,0.09667543081219486,0.11782665224883378,0.12183636255067164,0.11082510485206007,0.13276035889419568,0.1246648586634455,0.11662374061286936,0.06582743272947988,0.1481206324310188,0.13459037570183896,0.1428612577848177,0.07122352355311667,0.092088473232635,0.14956286338399036,0.12540764344512662
Background_Noise,1,361,0.1142045807170305,0.05,0.15081184529083883,0.08,4.0,0.2,0.3,0.15,0.15,0.08741843332105767,0.10666054169211958,0.1051676796881908,0.1010652230289278,0.10251505173414477,0.10555751664415365,0.11955169380459213,0.15003005898400495,0.09674370029115162,0.09264411134948826,0.1196274257363918,0.13586385858375863,0.13180448305759793,0.1362902125724539,0.11148934871008455,0.08494989096162184,0.08668137413429211,0.09169968010500253,0.09525697498098154,0.12017324787689024,0.1333963498982281,0.10238257474324029,0.16004869489328893,0.14543924446485432,0.10345390206043176,0.12280385293839333,0.09494132892165581,0.07348205451419812,0.09152719712740129,0.08897984855168384,0.12112446539585602,0.08453272955456445,0.13416167015737693,0.08048631287064643,0.12644872395354173,0.09794474563155553
Background_Noise,1,362,0.11995105106715115,0.05,0.12980615943011936,0.08,4.0,0.2,0.3,0.15,0.15,0.05190263724451129,0.13166683940617607,0.09831907259573247,0.11736676300844409,0.10233831294254146,0.12458850375362368,0.10857861190581025,0.11001125731310463,0.11115554826518116,0.08327890386145362,0.09808388119418913,0.1159375559435392,0.1045873282224906,0.09675315270602591,0.11304697896232012,0.10570278975866904,0.09513130851906731,0.11642552896146227,0.1421615661830414,0.1272578190799713,0.09049523911097361,0.11819765244617683,0.09679672795924997,0.11076860270835627,0.1256478125802163,0.0893423529793346,0.094566719128373,0.10188069023877684,0.12363679403614515,0.11718100578681442,0.11503269044962876,0.09229467752821624,0.12884945087323413,0.10386761591410416,0.10789107635383173,0.06098611793148319
Background_Noise,1,363,0.12102846181254467,0.05,0.16657098204806065,0.08,4.0,0.2,0.3,0.15,0.15,0.12527602862046505,0.13570229131161612,0.11950000405250394,0.09619799910407222,0.10891826369441543,0.13346551208788276,0.11158981000610456,0.1052258108358926,0.09954514984138957,0.1179737346185105,0.1355610281879402,0.139112725880501,0.12870199781972352,0.1135605078172857,0.15235903724670077,0.12574444888806885,0.10011724449713823,0.10485066998739384,0.13959283080150858,0.1378067592044696,0.12516375429672086,0.10434708273247181,0.09201370011250458,0.12377656971155072,0.1508330145309606,0.13027832147379315,0.1164868144402004,0.13025518815759762,0.11571543625752714,0.13810874411498406,0.0795139897814386,0.06593115058360395,0.11912324401584291,0.12709234821532667,0.09409154420519757,0.11263351758135601
Background_Noise,1,364,0.13103760793288818,0.05,0.12572874817680402,0.08,4.0,0.2,0.3,0.15,0.15,0.11875528538035911,0.09625790779207759,0.10533197742492466,0.10015799606262589,0.11463249455912927,0.11783377296570198,0.122968002612396,0.12656042530259376,0.10346753707326399,0.12338993040799998,0.10171488159994452,0.11691448398956376,0.11076159333666158,0.09745298055934079,0.12934279350313108,0.146688905218675,0.10229638531423153,0.09966985945393905,0.14205791452305183,0.10810566799977109,0.14164908775178206,0.08774463625878912,0.08582107554004782,0.0904407990513361,0.06255085851184394,0.1303935249439077,0.1084940484766747,0.11869208509056431,0.08221271706581436,0.10202152378958143,0.10458725346172508,0.10174558526121781,0.11355991856575547,0.11847684387949362,0.1237063920994345,0.14767720801807385
Background_Noise,1,365,0.11251320105156772,0.05,0.15154730879132738,0.08,4.0,0.2,0.3,0.15,0.15,0.1258638299209018,0.11958998953523439,0.07066941943426597,0.1298588327492671,0.08844970220824035,0.12927639609613886,0.14066962810666633,0.11341036280509718,0.08691148683161323,0.09959927362268936,0.09958709260789969,0.12972856064652108,0.08403445201331337,0.1076112336259324,0.1460782439178992,0.0971644919096993,0.09283572646579522,0.07883666129938474,0.1227831834593008,0.12202515346911968,0.07768728892648982,0.11443859677100343,0.12875411580692098,0.10691742420939258,0.10564499656621668,0.0830905828460582,0.13900272826849877,0.10549464631584102,0.126911892748728,0.13074241478122015,0.11250397519775913,0.08153566175840549,0.13545021217088068,0.13442729911064893,0.10317667712021006,0.07504270637614766
Background_Noise,1,366,0.12566931783121502,0.05,0.1395837532307142,0.08,4.0,0.2,0.3,0.15,0.15,0.11515196242602421,0.09885546249930738,0.15648001345980322,0.07875308542841894,0.10128130297069611,0.12688014501174324,0.11778323410192318,0.11088548922245936,0.08292965735685556,0.11115615209516785,0.11088397510717961,0.08817200646633766,0.08528532388078106,0.11004555082197233,0.10450217765206224,0.0840929325301549,0.09731265170192535,0.10544261154408108,0.11904534341898508,0.11454779869981914,0.1052113525227806,0.05806800508673546,0.1358228445681946,0.12060897843392492,0.10670794523406663,0.09621566512758016,0.10242441775762363,0.12166722144380276,0.10354604259941497,0.1343679719025069,0.09138446026464822,0.09158685363211058,0.12006654511822949,0.109539932786826,0.125608808236814,0.10864230414960473
Background_Noise,1,367,0.12794139016553724,0.05,0.1329254394627529,0.08,4.0,0.2,0.3,0.15,0.15,0.0806416121203326,0.0826536533255712,0.11502798919972815,0.14199010425508302,0.10594505706185094,0.093854274703003,0.1235796806537524,0.10545634760166503,0.07949530122753122,0.10064319011940866,0.0943626241030833,0.07915874058362558,0.14278763641611641,0.08030496385924711,0.08531188648724235,0.09801836118338406,0.11657449888913429,0.12316319380682533,0.125039408263669,0.10898429174552349,0.10590362666341925,0.13559022658931077,0.06908470300147866,0.11192009624967247,0.09666623989639915,0.12663387205779966,0.09578084336528077,0.10209715868118567,0.14562331233405945,0.11929367066664584,0.09389982712198115,0.10650964073237608,0.09521748334931461,0.11667512832546828,0.11965347579150516,0.09837649723684498
Background_Noise,1,368,0.13423443093749998,0.05,0.1336618489021816,0.08,4.0,0.2,0.3,0.15,0.15,0.08042965996095544,0.13057985465671976,0.11118950716746996,0.11192215668472058,0.1586978073022253,0.09008216401854652,0.13369493062344895,0.10236127163723556,0.10578657174564281,0.08420887007039007,0.11908324799307883,0.10084515887372793,0.07747146479059977,0.11518553937925576,0.06798771923404237,0.08235975778137815,0.09727909646822215,0.09421080517447063,0.10718129224023328,0.11695427918241239,0.12396416991677377,0.12422481846030632,0.09428009785135194,0.0845133556515194,0.11992223913737055,0.09153429090149852,0.12091102371179,0.13921466775061012,0.14497788686320048,0.11437020521711899,0.16795125718826706,0.10990917721590515,0.14318540889634354,0.12110916873473232,0.12189978513419046,0.11541381816905182
Background_Noise,1,369,0.09680675830728513,0.05,0.18086580286681686,0.08,4.0,0.2,0.3,0.15,0.15,0.08619620087916835,0.08594569909319068,0.1170222166654777,0.12126564215897512,0.11457978860289098,0.08736714408593502,0.11532938901427996,0.12684631708177843,0.1300612523482399,0.11195143371232968,0.0917004948593048,0.11491733834104798,0.09944492187707363,0.06911776292036757,0.11353845965029757,0.1424787334023046,0.12317020748642372,0.11431663604012439,0.10476980772497876,0.10134765810719963,0.10504179920730373,0.1380749754510667,0.12790110279154535,0.10845213454577898,0.08634555551222682,0.1103320043667365,0.10358694609883783,0.13474808300643348,0.14144878166173025,0.09919520215490076,0.11994552772172717,0.11638707710641054,0.07722596436150364,0.11565095788501528,0.1313491881048967,0.12802377853857394
Background_Noise,1,370,0.11394658217607402,0.05,0.1269253863071383,0.08,4.0,0.2,0.3,0.15,0.15,0.1084300180152103,0.1496844868794988,0.1274444451200367,0.10864808595385245,0.09319813179075692,0.09395502234961953,0.0580486018930733,0.0657682533739305,0.1614736871099303,0.12080725137773134,0.13495884570059022,0.0667964775702229,0.13876460742211644,0.12768327798478712,0.10685459574654747,0.11259173763491782,0.09984029743647047,0.12801242903240914,0.10188284918918208,0.07966992270756212,0.11031642068693624,0.06513259424492196,0.10520403725171236,0.12011402774971595,0.10916029913444157,0.13523749617356304,0.11976370013206358,0.10931358898749124,0.13767486231762105,0.10333443488339158,0.06614028906967737,0.10085029019955064,0.10715397102583969,0.12847449623592005,0.07761558581977485,0.07660884599727005
Background_Noise,1,371,0.12316568902202918,0.05,0.150715187615058,0.08,4.0,0.2,0.3,0.15,0.15,0.11251625209581895,0.11683838347073126,0.1277624302013489,0.089676249301325,0.11380250386491024,0.13709793288800995,0.08209018864868027,0.12675417479359674,0.07992796771743095,0.11210302868636748,0.0993764076111326,0.11114264485051378,0.12056275869293845,0.11501070517477231,0.13335082798320508,0.10685515066825159,0.09377105282396142,0.12181994535502694,0.11031210866781742,0.12146888091989297,0.10768144763958003,0.12594130330977812,0.11050015906402119,0.1064355306323046,0.14359483625952274,0.08312802880799161,0.11307011109072046,0.1323972548455662,0.08994672994908579,0.12928520267317756,0.09133399521250743,0.11291971819290841,0.10560424618364822,0.07214197490265051,0.08862234979185214,0.13279911082964307
Background_Noise,1,372,0.1391993596294088,0.05,0.11926136762461137,0.08,4.0,0.2,0.3,0.15,0.15,0.10038051008229376,0.12325467729222493,0.12954246176288378,0.09481573421228712,0.12624347172360156,0.08467321869523643,0.13673091175984375,0.109482763867149,0.10716901443127386,0.13470651424161234,0.10662160255037817,0.11162054435299089,0.07953641097512822,0.1325176354055499,0.08253014655382877,0.07758070103394785,0.07611070795822389,0.11143913694444393,0.0901929458982974,0.12543535015054744,0.16579905789663907,0.13865525367863293,0.09819139596414897,0.1155823168100688,0.14030101110613138,0.12048587558130634,0.1000806115694829,0.09695061368697754,0.05731074411408124,0.08876227622407001,0.09195569737324648,0.12296345121723667,0.09003214793971916,0.11220364452338824,0.10708634938676256,0.1230118405199601
Background_Noise,1,373,0.12787832544278896,0.05,0.13136786987624266,0.08,4.0,0.2,0.3,0.15,0.15,0.11062303326545404,0.12233793313552506,0.09243684372884181,0.09205537703481517,0.15833975016094187,0.08439858443345258,0.11267826938055883,0.1282934852575405,0.090612715512801,0.08444094569284512,0.08892408169943701,0.0762965762990424,0.07851639861738527,0.08908474260193369,0.08392365630490972,0.10357312394093592,0.10918180610243806,0.09809501736576932,0.13981183593046353,0.10607672104994391,0.11724692841125792,0.13235458675613282,0.10916173190492372,0.12100789827047384,0.10593610483879112,0.15808625008825408,0.14925777576873117,0.13929962638619556,0.11689322870966491,0.09809314646846144,0.08738049805391965,0.08735304812468511,0.07604858968039685,0.10638533471684866,0.08674070955439772,0.095155589482422
Background_Noise,1,374,0.11344124217652132,0.05,0.14383036447517383,0.08,4.0,0.2,0.3,0.15,0.15,0.11998892807027857,0.13961058621920003,0.1073547518675511,0.10148692221668415,0.07934468186481339,0.09118657829179241,0.09464775257263586,0.09220597766183779,0.13213983836070023,0.11256743198889016,0.10122275291851018,0.10282697574783095,0.15639473316171926,0.08618583015650923,0.10870630944683825,0.10687591435626968,0.1163825147675381,0.09865646172619764,0.05965445522090359,0.11438331232843679,0.13253296872853024,0.08574425839432061,0.09282993561494143,0.07956166524998984,0.09682920581811387,0.08156461206601213,0.11898631149980551,0.09984911606594735,0.1286227150904227,0.10038300657366481,0.12052687125320469,0.1336064710782615,0.094843607391995,0.11568893339087799,0.10473124705590323,0.08954494095246622
Background_Noise,1,375,0.09942968586825143,0.05,0.1767149216105819,0.08,4.0,0.2,0.3,0.15,0.15,0.08566822975559492,0.12902229305312005,0.10094653097970069,0.12383111798738902,0.12244376959756997,0.13040134911309706,0.08885723766728935,0.11768753035951905,0.11488961491832728,0.12004305569759328,0.1324424424001158,0.12225462900374431,0.0880163959872038,0.08805077096529298,0.09474613680087737,0.12543200699437337,0.15883255790452175,0.11025130115197862,0.09576569296164653,0.12396141601935712,0.09953997204728443,0.1299006224767305,0.07742522895739737,0.10262460463042136,0.11503795971103083,0.09288863660811521,0.10480519548911615,0.09524691056632656,0.10561945554397431,0.1254746395628089,0.11849823555157322,0.11034090086714818,0.11223770221382258,0.1442006068545989,0.08534895358781255,0.12263350989585645
Background_Noise,1,376,0.1257030435082848,0.05,0.16079358281235068,0.08,4.0,0.2,0.3,0.15,0.15,0.07488047991230495,0.10122995798590737,0.11049106422995475,0.12158105267490578,0.11639951040859249,0.10635494018127963,0.11599741506152347,0.07655862012099346,0.10955945739480688,0.12964311013245933,0.11640299897390699,0.10819244020429891,0.119575685648587,0.10994597323051536,0.12679989111692153,0.1287699232721698,0.13824269534476114,0.11541115276013947,0.138897513078399,0.11393100498736443,0.09889879233656809,0.1281546646759479,0.09750180171769299,0.12788856395333098,0.09929535022538595,0.14157077284421204,0.11736062287587999,0.1315820393495559,0.13071459963646903,0.10396213839524518,0.08391301441530347,0.11963941815403249,0.10747032797239764,0.10646486061608698,0.11661758074026558,0.10492311357136115
Background_Noise,1,377,0.123434140611968,0.05,0.1616513563937392,0.08,4.0,0.2,0.3,0.15,0.15,0.1278369203948708,0.13669264810612694,0.12180258250035556,0.11545471937222465,0.12097111799601092,0.05867605303732482,0.1046748718105052,0.13873195292716523,0.10871874334284162,0.09777324211869153,0.13138922262190167,0.1090126335301047,0.1475761125905599,0.10136878152688525,0.1039443150406643,0.1269631977125318,0.07271882015427797,0.11583049926126475,0.08390727870646965,0.12881630948187694,0.1213715076585104,0.09895706818167486,0.10039433101223372,0.11591332115374445,0.12359995708846033,0.15712875346051802,0.11990609670128485,0.08850136927346554,0.11906695830011553,0.10950860048448914,0.1049652364914558,0.13414832565882817,0.113339273289402,0.09443711236025513,0.09878738994664746,0.08882562295341533
Background_Noise,1,378,0.10809288555294307,0.05,0.16376134934791015,0.08,4.0,0.2,0.3,0.15,0.15,0.09697937589089262,0.07398161997287978,0.107968031898874,0.1063101582078,0.12519387782736624,0.09662702453860564,0.11516311891850639,0.0890185027661082,0.09581734891861592,0.08774819328254503,0.13628940441731205,0.10074986567255521,0.07579345129312154,0.12682636492480118,0.11111194457751138,0.11350171953984682,0.08769570792811301,0.09391169325607396,0.09724394986117117,0.08686973082408432,0.1243803093256258,0.09951344246337862,0.1084808922973988,0.08995437714716861,0.14419618195650108,0.15676758136589608,0.10839500362887443,0.12580966288790796,0.07959059806730683,0.06572478758615374,0.09317584901104776,0.1361315484162794,0.08663886805966109,0.09931197863176978,0.0966562625404283,0.11020951316911264
Background_Noise,1,379,0.12611889593527423,0.05,0.1652423157757201,0.08,4.0,0.2,0.3,0.15,0.15,0.11598387973730935,0.09404754759403022,0.0883599832723123,0.09860750153861439,0.06079064640335875,0.1412242603285246,0.10856447543056841,0.06892087007386721,0.12340780330513973,0.13038676404470478,0.10590731952216863,0.10060948734548808,0.10152081244410069,0.07377282202358448,0.1184475338774382,0.13052988445518302,0.10378773418158645,0.11964479008590519,0.10686189332094477,0.10141641676340235,0.10570158813296467,0.10090901107636767,0.09858804207907232,0.12522075192049273,0.12407214574654278,0.11645627042273327,0.12364645819794268,0.1075133113868018,0.11369772837274446,0.10630447106292255,0.11566797266401561,0.11020831667050808,0.089033542015314,0.1161373410862478,0.0859997160610527,0.10218576207571703
Background_Noise,1,380,0.13213484642661139,0.05,0.14695312489557885,0.08,4.0,0.2,0.3,0.15,0.15,0.12224958925715104,0.11984956346465878,0.125716613129056,0.1341533868258937,0.11603032768276911,0.11916120137389732,0.0962556814397384,0.09353378665762034,0.11441334339132271,0.07228525155495227,0.1334597735745624,0.1530042468158555,0.10440035729265648,0.08763239618336705,0.09434166303928229,0.10661975796400114,0.10744604892340139,0.10895717580184337,0.09253692314755088,0.13421188162016154,0.04592759233721316,0.0936986633858363,0.14045137663921592,0.09155420161826414,0.12026399553099443,0.1097831292810207,0.10600603156923599,0.11640339206563081,0.12315039300685214,0.12204632264536516,0.13088301469687105,0.09975700740612611,0.08242900773252354,0.10122025896149693,0.11303856779154965,0.1071016986264293
Background_Noise,1,381,0.11223478889439147,0.05,0.16545224921519058,0.08,4.0,0.2,0.3,0.15,0.15,0.09122145943034256,0.07401120991677468,0.1127198048538625,0.12139517491757516,0.11060060888727674,0.0836687091410042,0.1114972879345161,0.12683277078767174,0.11087462523496093,0.15370872494185112,0.11987504570949793,0.0924962122370456,0.08830664613069157,0.08561737013535373,0.08548565259749377,0.09643147255334368,0.11979150898840385,0.09078329461577742,0.12695882727047675,0.13306574281764208,0.09731245786131251,0.09911812485834434,0.11912950807437267,0.1241007753930618,0.11763283514813708,0.1186653884131997,0.11690351692303705,0.14314505862186622,0.07306491880695151,0.11428194194619563,0.11432734534335987,0.10111360094097895,0.0985580633112478,0.09935302534609376,0.11366082423949182,0.1359010622534703
Background_Noise,1,382,0.1044705005256516,0.05,0.15284897211724416,0.08,4.0,0.2,0.3,0.15,0.15,0.14178245093959108,0.10058937000144447,0.09025454700028386,0.13360539025467286,0.11600485765154904,0.12038823883169644,0.08943837314706383,0.10018387710131504,0.13117582153287397,0.1349130729354198,0.1059251928338997,0.07473378913672885,0.1208233124919584,0.08818106523224323,0.1031290403926904,0.11603164408476778,0.09681751332829343,0.11106521024970255,0.10897644493885794,0.14241397639369446,0.11356705138811132,0.128930586813661,0.12457823704626357,0.11334540154648644,0.11454656118328703,0.14502822389006742,0.11335024926167135,0.13692877883371013,0.08037277667199946,0.08023408993036131,0.11025548618679204,0.15132007639607337,0.1028156146179669,0.08656533357449113,0.1313255783628764,0.08755711905420432
Background_Noise,1,383,0.1123948003256505,0.05,0.140198399126672,0.08,4.0,0.2,0.3,0.15,0.15,0.09802571033467564,0.11615942193507384,0.09526524345882632,0.10244152669146221,0.08646409370706423,0.15237800327823559,0.13042993134898404,0.1002445421435357,0.10634560150299924,0.09500347855210409,0.11549530115963098,0.1022622546162934,0.09208278128478464,0.11098642114989243,0.13064575218724797,0.11540955138792118,0.09845209402692988,0.10082829197239411,0.12405925824543616,0.09773489554688682,0.10538029262641982,0.10546443057646916,0.09310390849536254,0.14520519915414581,0.10462985987566568,0.13205125686015573,0.11328147287962867,0.1059061345756607,0.12481969749667597,0.12188312135612848,0.08955096778772048,0.1083180368357263,0.09652233985277274,0.11546876378849485,0.09927929361713797,0.08937021712983254
Background_Noise,1,384,0.1344606277054188,0.05,0.16889661466617403,0.08,4.0,0.2,0.3,0.15,0.15,0.13919152812363575,0.10152457427360417,0.09671142607261013,0.09719639976589599,0.10381042606644458,0.13536054678135573,0.10094724220051111,0.12964683694656493,0.11476872012135352,0.12404496170877714,0.09358743576767994,0.11244727286007421,0.08752488019493071,0.09659605626046952,0.14935606164029774,0.10866430447574463,0.10957623230034845,0.14646106130508088,0.08321417292461644,0.1339372757067991,0.08589669014770712,0.09250207879664009,0.09537548933753935,0.10708684615046536,0.10876087068570214,0.10133436719550007,0.132108371541811,0.12088757133024305,0.12609122802649647,0.10719626196899028,0.09636734546425442,0.14192470888232925,0.10836832795263066,0.11202415808807055,0.14409682855179307,0.13806225623289403
Background_Noise,1,385,0.11355008141623811,0.05,0.12734330007201106,0.08,4.0,0.2,0.3,0.15,0.15,0.06313799049216809,0.12796373134322112,0.12406417683577393,0.10676583773337563,0.1573423679834894,0.09240228179626164,0.07880241083633237,0.10773185320347031,0.08936920141051263,0.09955050319175232,0.11072762404881493,0.11491920299852493,0.097812910982561,0.1077708736192948,0.11744946063496964,0.08301763784868203,0.07595940775907024,0.09004169939902343,0.11731732777458209,0.11162380891811241,0.1351251273890348,0.11123241656980443,0.08359586108376982,0.12146506510837406,0.0525293175174758,0.10402073325582716,0.07864591364097019,0.05607478219249334,0.08714867225257958,0.10565212342364348,0.0957873659342498,0.12389431204117904,0.11285318936462375,0.12581048129568553,0.1225460959125314,0.12398137381155429
Background_Noise,1,386,0.13409543271529928,0.05,0.1410546011054448,0.08,4.0,0.2,0.3,0.15,0.15,0.09476239513194362,0.1390030157620121,0.1174860372470817,0.12403983703037301,0.066996366117312,0.0921851326258626,0.13475102381432635,0.1085134792925494,0.09619042318742027,0.11728845372743282,0.0813056329349495,0.1128821802044433,0.1108867019095782,0.13202452138125526,0.11405141044308338,0.08145482569384346,0.1115173625106756,0.10311146866966206,0.0686607262440028,0.12081102211729423,0.08680545883141286,0.08433496880546418,0.11861630972653178,0.09761229510725628,0.09720221458026664,0.10998739007516516,0.07939826880643991,0.1430255838812013,0.08413208123734271,0.1253302819036591,0.12215347350594911,0.11955093029373537,0.1304345796925023,0.11623212779358175,0.12495567877333222,0.08549638745481276
Background_Noise,1,387,0.11826754839733329,0.05,0.16335992619003079,0.08,4.0,0.2,0.3,0.15,0.15,0.1208708298590582,0.14268719007231206,0.12657948513081738,0.11319637226375075,0.10796786941091632,0.08772588524642227,0.10727415176292582,0.11313393635629833,0.10938023784830665,0.09165494249558784,0.09775205444028683,0.11594924949002776,0.11066390678288607,0.1475687973628224,0.12016113945066895,0.10106444595563491,0.12099811877927936,0.09372399090909357,0.1025901743038099,0.11745764042917387,0.04521267227154588,0.09512004675522887,0.11846663038595948,0.08427387141461677,0.0820379966570127,0.10936430452349569,0.14178264828058526,0.09271685555170583,0.10745761669790277,0.14345106909614996,0.11127469702112801,0.05879888071024753,0.11947097915429845,0.09575625422058232,0.10615240630209793,0.1425916371147298
Background_Noise,1,388,0.1177949409843979,0.05,0.17326100991898877,0.08,4.0,0.2,0.3,0.15,0.15,0.12002413426895715,0.11727946432800931,0.07849610115932726,0.10683012318206929,0.12181671075884634,0.09820563722241163,0.14634692992716142,0.08333399859629409,0.11492195525595458,0.14107020321318223,0.07029343743102859,0.11170679016216817,0.09102888765897565,0.10220378580168903,0.11550597906560942,0.08064487359328179,0.08961789838551834,0.09674014400137552,0.12134490900828022,0.11303877634905739,0.10414987106088505,0.12469287544139535,0.1412377787887093,0.13337854795133622,0.08270662995088686,0.11223872158934398,0.10777469065110261,0.06587206413194781,0.11794810090643154,0.08264690050018307,0.08918204116674135,0.1358784794579529,0.11252530800555602,0.10818936814593043,0.08790826796836469,0.13746358848079498
Background_Noise,1,389,0.12312641310201597,0.05,0.10980609741000079,0.08,4.0,0.2,0.3,0.15,0.15,0.13103117407172538,0.10491262763206458,0.0760055721439025,0.10384378046719003,0.12454434958892241,0.10037029628544304,0.11064859884533772,0.1032149702658472,0.12173838879852107,0.12311554936501926,0.11036068526122043,0.09075592039310273,0.1254905651090273,0.06827847319374951,0.10164911080818535,0.09662256406637595,0.09476428714347962,0.09802851859721656,0.0686765346780967,0.08432801295979366,0.1354700461389145,0.13156802749559765,0.09648137897335807,0.14058474281662542,0.14427375146157068,0.09043174901289536,0.10151165014030837,0.11141479168195419,0.07330091632201655,0.08298542774070122,0.12419748943512963,0.06478619127806527,0.09991829098512031,0.09615443269971563,0.09212837133979744,0.09432510340264605
Background_Noise,1,390,0.11227682886608226,0.05,0.1652645340378257,0.08,4.0,0.2,0.3,0.15,0.15,0.12505215310182877,0.11819165200502806,0.10583898780086928,0.12104296568527438,0.08499698175202125,0.09184376520522855,0.11146845972082084,0.11115780985873762,0.12324418783905103,0.13212205868035176,0.12556111893041252,0.11269007742571396,0.06707832872716285,0.1261324338895874,0.11806538018757966,0.14622370393207557,0.14508693187346672,0.11549299604745922,0.12298045637972825,0.11480629333602352,0.10396257609846055,0.12068510525019081,0.07310931708374982,0.08155970423977404,0.12756362092343754,0.11276862903976023,0.09391482013920618,0.07417260194206426,0.0836126667154683,0.12158544165496499,0.07606412674938168,0.10433405810386723,0.0916540441690616,0.15145903690799167,0.10522033568296597,0.09495616156191664
Background_Noise,1,391,0.1115832296073956,0.05,0.15485291611623364,0.08,4.0,0.2,0.3,0.15,0.15,0.08854979681206743,0.09235998831657458,0.11107794656020191,0.11138610725645817,0.11493054271279965,0.08898011131154789,0.125785640661387,0.11892726349100115,0.08952015138162209,0.11095920383921568,0.11983668081233287,0.08011936888444755,0.11452011305497933,0.10488676811158419,0.09647406750863927,0.0906545114425328,0.09358154608724485,0.10276796398231042,0.11126691564321416,0.14602809667188463,0.09952037611085965,0.08582167950037897,0.15524055237616735,0.10744453398158968,0.09168633796573344,0.15475102617343212,0.13371755075591102,0.10737288809263557,0.13838029220013892,0.07191414452259562,0.12451808114262923,0.09700232205564426,0.06922982920805076,0.12353075580828635,0.13355169522537347,0.13717411030068777
Background_Noise,1,392,0.12573072260086673,0.05,0.14955963829204308,0.08,4.0,0.2,0.3,0.15,0.15,0.11914323536598823,0.09183444942062685,0.06972034826078907,0.11338370879600759,0.09792351096673035,0.0982601602198487,0.14396137974966985,0.08713067920309076,0.1321372150904964,0.1357825973940262,0.13259026127635754,0.10964150306542753,0.07173897860017694,0.1288498882963126,0.1328679984708308,0.1268363735484131,0.10626966949142246,0.13008394739285853,0.11702631528789563,0.09862631379565083,0.11821246735298735,0.12014944733416955,0.12925172766977414,0.06850187193960056,0.12536098027536965,0.11272087986623659,0.10999657837673522,0.0756962626092398,0.10492922268810266,0.09407946395268099,0.12183943065384531,0.1045474642306643,0.08450787800351953,0.11942623926775926,0.09530237333687065,0.14013286792520474
Background_Noise,1,393,0.11497282923543949,0.05,0.14094244065670006,0.08,4.0,0.2,0.3,0.15,0.15,0.11449656261445579,0.09957976945812962,0.13369802434034955,0.10426823284065616,0.10348312781351947,0.11792471020051472,0.11307713809647732,0.13634095133877205,0.09060841545127532,0.07374598459131866,0.11502715837410124,0.09053969743193087,0.12489403740077079,0.09706271573816141,0.11412410181073049,0.13191790435036244,0.11717621303680711,0.094679958699397,0.1167693483393326,0.09671828539640148,0.08235218184578616,0.09239816186223111,0.10255934783005968,0.10981107818762857,0.14246659760139163,0.06942746143436643,0.11174236977102657,0.08452944004933131,0.08559525932102266,0.11224828282530915,0.13748833724197967,0.08786810914682099,0.14128548943776484,0.1018654969794412,0.13230295306761486,0.1099144035163925
Background_Noise,1,394,0.12241785444329037,0.05,0.1450377704985985,0.08,4.0,0.2,0.3,0.15,0.15,0.12305296520853735,0.10222841078756775,0.07867631726769171,0.0961133703109397,0.11933683006976464,0.10146785707826146,0.11630039192300712,0.10126255249259294,0.12234350712344708,0.15777667530434147,0.10446258287960368,0.16786728248879204,0.07440108554250793,0.08516696381524673,0.11750556383694347,0.06755537396412782,0.08130680139423979,0.10013171705540566,0.12021236150605887,0.10516644866745495,0.11885831278303022,0.09456028365208126,0.10015425662331663,0.13934705624403845,0.10195642724219335,0.12829292290892472,0.1048788629174971,0.1587598163637021,0.07008426002640665,0.10460357131218931,0.10264057559396807,0.12084629170227841,0.10040700824318212,0.09255121658935715,0.1031083023551493,0.13096478869957412
Background_Noise,1,395,0.12870610976976,0.05,0.15641208702484174,0.08,4.0,0.2,0.3,0.15,0.15,0.09241041761998253,0.10139477949934643,0.13177174592266522,0.116291299080437,0.12656777234088143,0.11620556198884772,0.10706154487805794,0.09847118553306322,0.11119754212540169,0.1180124619590335,0.11634974559731232,0.095643508242264,0.0850837025014297,0.11972412206502288,0.12155185120572132,0.11479977098794968,0.09964533474698672,0.0818996214185081,0.11502553018243022,0.1382846293695668,0.08535892667796777,0.09967883941339027,0.13600205338901042,0.10995099151400514,0.10033162639452071,0.13571672138569202,0.1326422469891175,0.09934927526867465,0.07888908140425711,0.1057416249163287,0.10521275404574897,0.0841022295674155,0.09785442721913458,0.11793557398664606,0.0773744379455654,0.13315695374951178
Background_Noise,1,396,0.12804689994403945,0.05,0.17797494991742904,0.08,4.0,0.2,0.3,0.15,0.15,0.09862570461920116,0.13595096843122934,0.10128854169624653,0.14737438633355462,0.1075009907609355,0.0944092600397904,0.0960967881619078,0.09593294044317885,0.08111092031250891,0.14112538241552666,0.10495456033034438,0.09059811380319485,0.08240883079636817,0.11413605343905026,0.11334575305302122,0.11550115113123888,0.14508740722030433,0.11462672582737043,0.09992564872547266,0.12852050299468334,0.10987414710241108,0.09825043344945666,0.10081097961850476,0.10484214786962466,0.12869596211112694,0.09555064366510525,0.10067934216760238,0.09764233991376492,0.10086976494779806,0.10508919275959736,0.09678813479368331,0.11592480120606802,0.10023494373720668,0.11227137929567682,0.09843591441118558,0.0855679152985093
Background_Noise,1,397,0.1109357811736372,0.05,0.13553654732320594,0.08,4.0,0.2,0.3,0.15,0.15,0.12164219803582918,0.11865652446815451,0.09514857456485178,0.08686305335673933,0.10624841004402776,0.08503936796644543,0.13732088262289482,0.1309397217110148,0.12159016209978903,0.05929480273528888,0.13558069737551945,0.1213540570414057,0.10903650482649281,0.09115020622703461,0.06471620628532537,0.10741598013114353,0.1267079249208433,0.11075148791320687,0.07550307590073227,0.09926439591365674,0.0866529945650664,0.12340552931992674,0.11769121586770227,0.1269218948250466,0.13504244526052595,0.10321779594291654,0.13445096688297514,0.10589477491373714,0.09827566159782536,0.13013687302980198,0.12025709779973778,0.09303343382131746,0.10396765063362563,0.1071788288279798,0.0895776623618886,0.1358222938171695
Background_Noise,1,398,0.11068131018644561,0.05,0.15722881602208105,0.08,4.0,0.2,0.3,0.15,0.15,0.10589231520003789,0.1491424356398246,0.11430216615999395,0.11559505862550164,0.12372119019598962,0.08280765969238676,0.09970228619714137,0.1086316663800673,0.12281157195080104,0.12816194505323608,0.12470857252359892,0.14372918827707326,0.09549695436055361,0.14141479856236971,0.09002749380005264,0.11695102901004693,0.1467778459754879,0.11865515938469703,0.13380164233543568,0.10161732866717284,0.12910378878957235,0.12866661646451616,0.10096913829384195,0.10470119793260382,0.12163255749367784,0.16647385070805962,0.10570893260803188,0.13790097925974948,0.10909091366560307,0.09997572117284899,0.10006564906909846,0.09150267169810133,0.12734278111449862,0.10558821511617233,0.10519447727477313,0.1142180763718799
Background_Noise,1,399,0.11894120737483005,0.05,0.1357981744559414,0.08,4.0,0.2,0.3,0.15,0.15,0.11007292878878958,0.08829754460930751,0.1312479261038825,0.10727391808988838,0.1472566874393897,0.07821083005240012,0.08339703783327308,0.11442466088856941,0.10313737700201289,0.10797115976327779,0.11141717118094617,0.09484187685252675,0.11540043258782068,0.09952415418275522,0.14205510482092754,0.11979130039549453,0.1330269412136838,0.11891768966482093,0.10435150387801288,0.11223845575202548,0.14110814270762706,0.08605990682063074,0.09957738199611904,0.10319852629376941,0.1271600783670363,0.08616457018916171,0.13290914504208523,0.1302476061599031,0.12120459602347915,0.11217392244280358,0.12341366615797761,0.1287872248899889,0.1507238613650972,0.10045659204289208,0.12721631084070628,0.12311030714463862
Background_Noise,1,400,0.12506716004945417,0.05,0.13275267092298967,0.08,4.0,0.2,0.3,0.15,0.15,0.11914569405668898,0.10960513058366868,0.12302946964044298,0.09409345961836324,0.12050165535403765,0.09369821527892701,0.11040254260329904,0.10537014282163112,0.11877427395424878,0.08629540015751387,0.10998668690491854,0.12025484269648158,0.10317521952244109,0.06874184958751539,0.12056401640292852,0.11907902195678827,0.0939782773794178,0.08001433218785438,0.08407291582095268,0.10222719446451993,0.11417281680363074,0.1468352373902873,0.13948882319345215,0.09096981708627229,0.11274244623077377,0.13120516563525375,0.12840778505672523,0.12379411210228626,0.12926041276615585,0.1434189079180593,0.12608531343493506,0.12853797865800495,0.10533630182798054,0.09283853764123944,0.09995506639620591,0.09292772679968903
adithya,1,1,0.08067726086491071,0.015991321610710898,0.14792862667236478,0.1767592935609803,4.436753129257635,0.08955635080740636,0.4458200909086207,0.2170911931819071,0.2287288977267136,0.08000900002662092,0.08016769995447248,0.08004999998956919,0.06363719992805272,0.08390907497960143,0.06397289992310107,0.06399809999857098,0.08812694996595383,0.11197050008922815,0.07999969995580614,0.0639954999787733,0.07997820002492517,0.06406819995027035,0.06397300004027784,0.07802518751122989,0.09603609994519502,0.08007429994177073,0.07979374995920807,0.06398680002894253,0.08001259999582544,0.0799587499932386,0.07968720002099872,0.08005290001165122,0.06401830003596842,0.0800006000790745,0.09598640003241599,0.09604049997869879,0.09593060007318854,0.07996250002179295,0.08003129996359348,0.07997750001959503,0.07991069997660816,0.07999220001511276,0.06416469998657703,0.08006219996605068,0.09597030002623796
adithya,1,2,0.0778731673895179,0.015147363602439035,0.10599504889040771,0.10138136566890987,5.507700489676021,0.05542004911662067,0.3687258409098087,0.18399763181911444,0.1847282090906943,0.11175959999673069,0.08015259995590895,0.0641497999895364,0.07997129997238517,0.08781189995352179,0.0637605000520125,0.06398950004950166,0.07210494996979833,0.11200810002628714,0.0800601999508217,0.07975010003428906,0.09618919994682074,0.09604650002438575,0.063964799977839,0.07801576251222286,0.09627090010326356,0.08006969990674406,0.06383180001284927,0.07960410008672625,0.0718081000377424,0.06397534999996424,0.09566989995073527,0.06399759999476373,0.07997779990546405,0.04797610000241548,0.08000139996875077,0.06403609993867576,0.07995799998752773,0.08000910002738237,0.07996700005605817,0.06400570005644113,0.07999800005927682,0.07995059993118048,0.06391590007115155,0.0799851999618113,0.06393459998071194
adithya,1,3,0.08207275869537388,0.013628165356683729,0.10347914666765266,0.08794396201627304,5.4554671697193795,0.05226228491741144,0.37236517045477574,0.1854539431832646,0.18691122727151113,0.09599100006744266,0.0959337999811396,0.08016150002367795,0.07999130000825971,0.0880069000122603,0.06399850000161678,0.06368180003482848,0.08001869998406619,0.11203580000437796,0.0799849999602884,0.07972549996338785,0.07995360007043928,0.0639841000083834,0.07975720008835196,0.09210478750173934,0.0639517999952659,0.08006599999498576,0.08808389998739585,0.06402509997133166,0.06399190000956878,0.07200880005257204,0.08001929998863488,0.07980899990070611,0.06402439996600151,0.07994530000723898,0.08003199996892363,0.0799772999016568,0.09593940002378076,0.08000269997864962,0.09592499991413206,0.07995370007120073,0.07999380002729595,0.08001739997416735,0.09599890001118183,0.07995699997991323,0.09600549994502217
adithya,1,4,0.08032468044320526,0.01316819977609706,0.10739833999218212,0.1006245109032825,5.394084420166034,0.057334061535222955,0.3763651522749569,0.18654636591037904,0.18981878636457789,0.12796589999925345,0.09622040006797761,0.09605769999325275,0.08000970003195107,0.07983119998243637,0.06371920008677989,0.0797137999907136,0.08008540002629161,0.07998929999303073,0.09598240000195801,0.08002820005640388,0.06394559994805604,0.07998769998084754,0.06385030003730208,0.09409028748632409,0.07995929999742657,0.07993809995241463,0.0798445000546053,0.06404729990754277,0.07197900000028312,0.0720042500179261,0.07992090005427599,0.08017600001767278,0.0800547000253573,0.08002620004117489,0.09601690003182739,0.047893399954773486,0.06396229995880276,0.07996980007737875,0.07998440007213503,0.06397739995736629,0.08000110008288175,0.08001519995741546,0.07999610004480928,0.09597000002395362,0.07994849991519004
adithya,1,5,0.08379230434682382,0.017061201993994194,0.10989868000097987,0.12197320211639409,5.227340088679155,0.06147160659566348,0.38799944090582855,0.19272703863415783,0.19527240227167073,0.14368239999748766,0.09613439999520779,0.08014830003958195,0.07997119997162372,0.08796554995933548,0.0797863999614492,0.06368629995267838,0.08008210000116378,0.11200140009168535,0.0800362000009045,0.06376069993712008,0.08015220006927848,0.06399759999476373,0.07971950003411621,0.09608678751101252,0.09589979995507747,0.0799981999443844,0.0957172000198625,0.06399480008985847,0.07200205000117421,0.06398344994522631,0.06392029998824,0.09610659989994019,0.07998249994125217,0.07995829998981208,0.09601940005086362,0.06392280000727624,0.06392739992588758,0.06400630006100982,0.0799817000515759,0.0639643999747932,0.07996730005834252,0.09597170003689826,0.09594739996828139,0.09599030006211251,0.09602050005923957
adithya,1,6,0.08103486304626921,0.013113011610958498,0.11058873777381248,0.12497308554503929,5.284867635178157,0.055049631711858685,0.38473029318001034,0.19199804090683095,0.19273225227317942,0.11221549997571856,0.09595870005432516,0.07998260005842894,0.08000269997864962,0.08782150005572475,0.07995949999894947,0.0640251999720931,0.07208119996357709,0.09602850000374019,0.08000419999007136,0.08013839996419847,0.08001149992924184,0.09607660002075136,0.06370070006232709,0.07405002499581315,0.07995990000199527,0.08005990006495267,0.08800079999491572,0.06396759999915957,0.0639981499989517,0.07202424999559298,0.04767360002733767,0.08017779991496354,0.08013300003949553,0.07995539996773005,0.09574489993974566,0.08000310009811074,0.07993710006121546,0.08005220000632107,0.09603369992692024,0.06395410001277924,0.07999630004633218,0.0959640999790281,0.09599419997539371,0.09591340005863458,0.07998160005081445
adithya,1,7,0.08865830216192357,0.017543645290755687,0.12234655112390302,0.2002536373013807,4.799727859591957,0.06206196091805368,0.41890826136328874,0.2058148227277508,0.2130934386355379,0.12756929988972843,0.08016110002063215,0.11197520000860095,0.09567229996901006,0.09184452498448081,0.07990949996747077,0.06399129994679242,0.07206350000342354,0.07997279998380691,0.07994159997906536,0.08005810005124658,0.09626170003321022,0.08000369998626411,0.0639402000233531,0.09196249998058192,0.09604920004494488,0.06399990001227707,0.08782779995817691,0.09600939997471869,0.06381665001390502,0.08000029996037483,0.06393129995558411,0.09601280000060797,0.09603669994976372,0.0800477999728173,0.11194229999091476,0.08008230000268668,0.07995179994031787,0.0959953999845311,0.07999150000978261,0.09598859993275255,0.14397390000522137,0.09598129999358207,0.096033800044097,0.09597599995322526,0.09596970002166927
adithya,1,8,0.08902466739527881,0.017865911041629132,0.10632717555078368,0.10677871680899549,5.1802632510869655,0.058151802020067984,0.3876323454526507,0.1934517886362631,0.19418055681638757,0.1437162000220269,0.09598620003089309,0.07997999992221594,0.11201459995936602,0.07595832500373945,0.06400120002217591,0.06392059999052435,0.08807054994395003,0.09591559995897114,0.07997580000665039,0.09605409996584058,0.08011189999524504,0.0799943000311032,0.09592290001455694,0.10004397504962981,0.08003759989514947,0.09596659999806434,0.07184205000521615,0.06407520000357181,0.07996819994878024,0.080022850073874,0.06369780004024506,0.08001859998330474,0.11197159998118877,0.09606470004655421,0.11197289999108762,0.08000720001291484,0.07997750001959503,0.09598890005145222,0.07996360003016889,0.09603629994671792,0.09593940002378076,0.11203459999524057,0.09597140003461391,0.09602619998622686,0.09598870004992932
adithya,1,9,0.09145998695622319,0.013218661874472291,0.09886323555579615,0.12774769209339826,5.314229832355162,0.050384756568836675,0.3832724954567807,0.19163504772851328,0.19163744772826743,0.11161589995026588,0.11223119997885078,0.09616610000375658,0.11201929999515414,0.08378800004720688,0.1119990999577567,0.07999200001358986,0.09619660006137565,0.11198549997061491,0.08004789997357875,0.09570439998060465,0.0801608000183478,0.08000439999159425,0.07987070002127439,0.09399736250634305,0.08004939998500049,0.08008889993652701,0.09583754994673654,0.08001969999168068,0.07998824998503551,0.07199854997452348,0.07993869995698333,0.09600150003097951,0.0959909000666812,0.07999300002120435,0.11196620005648583,0.07997489999979734,0.07995200005825609,0.09616379998624325,0.11202489992137998,0.07991659990511835,0.0959852000232786,0.11202130001038313,0.0799807000439614,0.09594759996980429,0.09597720007877797
adithya,1,10,0.09076805435293152,0.022678705111251106,0.11058930888409829,0.12329430960848448,5.026306486195361,0.05517093887663601,0.4029066499999978,0.20072417499878528,0.20218247500121256,0.11198110005352646,0.1281831000233069,0.07998609996866435,0.11210019991267473,0.07581210002535954,0.09564919990953058,0.06401940004434437,0.10417344997404143,0.09596629999577999,0.08000970003195107,0.0,0.07207409996772185,0.07998759998008609,0.12807119998615235,0.0920203125133412,0.09603890008293092,0.07999300002120435,0.09583635005401447,0.07995719998143613,0.07195745001081377,0.08001935004722327,0.08018559997435659,0.0956612000009045,0.11200630001258105,0.08002059999853373,0.09592510003130883,0.06404720002319664,0.15999379998538643,0.11200100008863956,0.11201130005065352,0.09595149999950081,0.09594020002987236,0.07994569989386946,0.047960299998521805,0.07996399991679937,0.06399479997344315
adithya,1,11,0.08787070227112424,0.014325334307960196,0.10124058788738621,0.1755804444526054,4.417177337948377,0.06228765900031727,0.4186876121635246,0.1962349709024713,0.20283125238913394,0.12120764510889648,0.09287788955937584,0.08328137263357904,0.10752252679515942,0.08172816530217927,0.06762492778506239,0.07694327570771517,0.06055405284502014,0.09019319490951977,0.08762777727014187,0.12913774258124938,0.08380723313079591,0.06125865561979263,0.10667606641018582,0.09295102497435363,0.07312526705945709,0.08053071942319963,0.08731976686937555,0.07500966004533902,0.07403044875693351,0.06572348110850537,0.09977064250362042,0.07804911128308491,0.0823911970021043,0.09598396389411096,0.09689391482863059,0.0745458737826146,0.10169079765185358,0.08452701000470526,0.1069631755574018,0.07796334926086534,0.10964496103463142,0.06854423154618898,0.05013342772231249,0.10320956294854443,0.0899861170265971
adithya,1,12,0.07713018073280008,0.016927882532327652,0.09550237900083383,0.13383780804684298,5.049755168314448,0.056686549457805914,0.4122136369321563,0.1985332525871019,0.20403191944871404,0.11543871713020955,0.10886664462320113,0.09883249172685467,0.062479052315489045,0.09165488150878069,0.07919837566995722,0.07652086064746257,0.06822778766793146,0.11518117019651342,0.08303056245031834,0.02966529258241994,0.08521086814247796,0.08385099401377182,0.08626518410598888,0.10169335056212189,0.09051348196453408,0.07066548657890179,0.07684110362144211,0.08529515948673143,0.06952510633238361,0.07001478001259605,0.0705954673285399,0.09356042365595788,0.11394711962127196,0.05899943975941112,0.10213865216912044,0.08271429981574552,0.1309947157863911,0.09250509939150564,0.09259757219019893,0.07926941537631609,0.07241841789380779,0.06404823914837303,0.05998155243637909,0.08794147970277771,0.07080777945447314
adithya,1,13,0.08066273153500798,0.016490717063138084,0.11333995736479935,0.1304837690008376,5.647307288289844,0.03375732518187642,0.40716751192052686,0.19257655229764634,0.19409209697733693,0.09437900990561049,0.11668628309185886,0.07002574048349915,0.09109539302568215,0.09049123659589905,0.11353628670112258,0.05602395053596412,0.08161360798349805,0.12507853234590768,0.08245660845269254,0.06736478735110195,0.07068003048037924,0.08671735537259873,0.10090204949323595,0.09233572873558704,0.07113449610737986,0.08254499724944288,0.0900708830427851,0.07989511127335239,0.08108103301227776,0.07470939456736438,0.09138705771137928,0.09262092546429823,0.06619528584896714,0.09255954022393593,0.07351329543137114,0.04807640635610466,0.07131932235410324,0.07464220453877032,0.09727956863082847,0.10036018321531184,0.08536718802211543,0.09253405319991509,0.07508683108285004,0.08861136838061698,0.07250363095271833
adithya,1,14,0.09630108222947713,0.014894085714775171,0.12335859449305034,0.15531965436810505,5.270860051938792,0.05438098661366293,0.39754327540591333,0.19109262260306764,0.2157532454712472,0.15152635613282106,0.09645397855528706,0.06142483141965455,0.08009038075776138,0.08129464653831556,0.09854162376783607,0.07349248597565014,0.10428890722507077,0.0945992900069417,0.07537101360599546,0.07396381242102366,0.08287433672268255,0.05233705415829612,0.05011428592749098,0.09361834559589112,0.07320844915567568,0.09254253718675823,0.10323591587415668,0.0565822272739666,0.06943895218751502,0.0687414770114546,0.08811792025533975,0.08880905211822786,0.08399910774256043,0.06601548760107905,0.1122913913636496,0.07786384267637295,0.08770441830787168,0.09523764800095778,0.0860256566044377,0.06426885836099147,0.07931716127543198,0.0901192585948374,0.09271507752151736,0.09454126318006822,0.06379043033927878
adithya,1,15,0.08101197504370282,0.015553982470038436,0.11337650618701,0.1067023793313921,5.03446300196941,0.07320242240095716,0.4032539859641273,0.1885249802074211,0.194943563653507,0.09309559052669678,0.11864550386270972,0.08413105899919475,0.08682746802028467,0.08384262432166995,0.08180467975550768,0.06645759283339457,0.09235052397094551,0.07930349367622608,0.0757183959868354,0.09393300254920779,0.08200288764539218,0.09027848352323872,0.09377264916224362,0.09845162356104058,0.09114974545523019,0.08802461301995446,0.09386470448373384,0.06933071061925092,0.08035670529597519,0.07345204477179551,0.08247006713641866,0.06291870308951143,0.06858548537488651,0.08130302813978517,0.11283771311859139,0.06800928675537143,0.1050335661969316,0.10285423744954934,0.08305182362217771,0.07870236035936523,0.13377052190346517,0.09183291383641491,0.0897343624108105,0.08688377750258743,0.07090748238174416
adithya,1,16,0.08922412384692739,0.020099214431678343,0.09401965304732049,0.14730495394296822,5.458682735352691,0.06173400329964163,0.4113744998694494,0.1997233937511718,0.19172639822382237,0.10484763403186256,0.08980379859577302,0.07289110118423486,0.07134888142371298,0.08229005534569217,0.03625137145853925,0.05844100285908792,0.08731932927002281,0.09645821093666247,0.07258609813155427,0.049385222726488494,0.07295127428097717,0.08595392674036423,0.10159313951085192,0.09070700357341756,0.07604427593368193,0.07008023156819429,0.0814788006737836,0.06965564101990811,0.07942411854046104,0.07065174013347697,0.0699655259912254,0.08181959530092443,0.0663302794731757,0.07179198089643525,0.1058890202593438,0.0832440392408261,0.11057806807800807,0.08946966020932019,0.08874001471077161,0.08399043468801293,0.08454705139860928,0.09378313574512277,0.08164802742470473,0.1046860648385421,0.08709781579272392
adithya,1,17,0.08687210705598049,0.017763689306971787,0.12573248229805964,0.09323288109682595,4.829461044906434,0.04815396155034303,0.35793811141615867,0.1953982055108018,0.20806887119310133,0.1332232185707749,0.1001811669867161,0.09003058693905833,0.09932969330706136,0.08608046105271841,0.08000136310516975,0.06871064575807886,0.06556355156688647,0.10159137095634001,0.0783887537902264,0.10647963273384292,0.08128617694464729,0.06718625157920309,0.07573235511023597,0.10635679908907139,0.0759672625941732,0.07756105390517228,0.09135419103545742,0.06526465917092727,0.07237078664696349,0.06961155886972763,0.0711718946279012,0.09889864773492209,0.10103387714607943,0.08479138815775741,0.09422617907752402,0.0693956177256511,0.07624739598514164,0.07911352366122812,0.08859828576404728,0.07404967951332223,0.077631438489725,0.087301681272721,0.06093169901970958,0.08150734675932281,0.08531388565783561
adithya,1,18,0.07100847412150961,0.01959002667913026,0.12333713199484744,0.08818223229867764,5.158240645468389,0.06270606645308699,0.38045333377268414,0.19950037486566732,0.19325981889887056,0.08247055630138397,0.08989491815705186,0.0945084273712973,0.10593105630400479,0.08380940331823267,0.069227991605293,0.06751698252633706,0.08663338988313828,0.09256924638169349,0.07986066584353074,0.04776244354065935,0.09157362870617218,0.10417027619282071,0.06502752596904443,0.08818685414652482,0.09412680684232545,0.08159176299618007,0.07081359424249507,0.0849331899004311,0.07657133631673582,0.08011116105650067,0.06866651628739848,0.06350208699697721,0.07383738104109852,0.07608359454050168,0.09332988002499554,0.09491099140520905,0.08973531234723746,0.0725461717029797,0.09422153244222534,0.08782964505807693,0.09507901014594336,0.06663443780640185,0.08192383930424815,0.08645618666381773,0.08523407862224751
adithya,1,19,0.08263361639219771,0.01960654615647798,0.09806785828662182,0.15835100454862147,5.2395280366889905,0.054933948043538454,0.4202561544057421,0.21480505481379186,0.1670043513935503,0.10006553854848635,0.08162617994422308,0.09901800768271293,0.06844843803609878,0.07733147639719973,0.07351311211017908,0.06545134606326748,0.07003374833270626,0.13094697398091223,0.08637052133927207,0.16002490373274875,0.08918703793526343,0.07118290230089513,0.07070586220999317,0.0869454827636909,0.08333644556997734,0.07613831220810349,0.08439559981067234,0.068618309085797,0.06358792243063052,0.06259776316030506,0.05898207665509725,0.08649665988703507,0.10821968699486947,0.07450644665857997,0.0891926372431572,0.084870259430519,0.10727589791955988,0.10361982053118914,0.10663834958741372,0.07319570375282118,0.0879511712733548,0.08809459728329948,0.081015443784603,0.07941637854458306,0.10487843760926463
adithya,1,20,0.0879681453141416,0.012105222458038944,0.09492922171187906,0.10938944545652196,5.270297535688714,0.05700157760149718,0.3390213351232815,0.20676312385308954,0.20288319504590963,0.12874285719314574,0.0984243895208433,0.10523108797292162,0.09451250813501183,0.08811230519605906,0.07299905184716554,0.055821667992175264,0.09033091723995419,0.10384451976118414,0.07679362594469609,0.12130673204435424,0.08828066721454722,0.07114759401963677,0.09542917283745816,0.08615312491634512,0.09892767576951697,0.08199594222398773,0.09268747392608992,0.07727757699991503,0.07007447831343049,0.0763821331727484,0.0764838455522614,0.08779284620625681,0.06016453706182515,0.05841867229917476,0.10601978581419413,0.06796279164969005,0.07645089157866411,0.08565060762728408,0.09516628643480711,0.0991068472601664,0.10479643674215725,0.0969029091551465,0.09296491493601516,0.09477030788994738,0.0943410456279703
adithya,1,21,0.08962994565984998,0.017051231802663415,0.1027586050806905,0.159092398432305,4.973134731169415,0.06657702504401344,0.4025705798818212,0.19982920843114998,0.2085300822836117,0.14937813790690063,0.13254810684564003,0.07631602477488435,0.08374614249675713,0.08618911479054538,0.09690631430703188,0.07022525643273815,0.08283076264544825,0.10055968591684125,0.07988754561291823,0.05812657350187767,0.08145947775587938,0.0610295968372527,0.1024121659848326,0.1109858831925323,0.08472346953125433,0.07647675778386143,0.08665890317472849,0.07345316384638817,0.07528058538899787,0.07730139001879052,0.08077129464286258,0.07063828448527987,0.05301977128819526,0.07764802514707919,0.10351068816531604,0.09591043688511622,0.05054524700411011,0.08547468280387346,0.11669178729364148,0.10065299793422007,0.10476776105148622,0.08316724424401978,0.08039547223512138,0.07821342406610587,0.0951301231412648
adithya,1,22,0.09010245431254345,0.01847895518068334,0.1217645694140925,0.12989414194282273,5.161520903737578,0.05395435471827403,0.39181957162567377,0.19797561253776577,0.1995070588504377,0.13120348790305067,0.10598010481777737,0.09800008412947978,0.10529774562081237,0.08327942730666557,0.06618055686954498,0.06760372880784456,0.053536148536038455,0.10867680025051382,0.0840677890718502,0.07699639559429754,0.0972163529562176,0.08107625712854268,0.08338884120827668,0.09730425218668254,0.07789204592375724,0.08436832063899252,0.08127367017847693,0.07677277278307099,0.06801136933035892,0.06974554205930886,0.07922131238015148,0.06887487420024777,0.08444168217114706,0.07623289148978636,0.07851760748677206,0.08303483624078055,0.1107696460744965,0.10609355808881905,0.09974454021554797,0.09495424519928147,0.07767883285191099,0.08783256015356092,0.0782400834577032,0.07686546810510311,0.10834260588284345
adithya,1,23,0.08199925174599536,0.01224244280708649,0.11782333416263628,0.11271274517884115,5.053601139497293,0.0592177717149399,0.3432572323365634,0.20526824514348466,0.2002561812595695,0.11699971154325872,0.08244627864528715,0.08638334655718419,0.10760895412446128,0.0947382939202833,0.0654395784858949,0.06201047442509539,0.08316563244608338,0.1001326735358984,0.08637147795565293,0.12263388199521447,0.07889513775328473,0.08333003221675458,0.05593864168832216,0.08879711549532604,0.0878005739323745,0.08315828960269382,0.08740846742227622,0.08323228779337151,0.08350893249585532,0.06900388899451043,0.08985610676290373,0.09355950409212607,0.08645199643709918,0.08730859227387748,0.10303462371624807,0.0673202238203752,0.07571166570513677,0.09144590706775281,0.061539349389918174,0.0764811946926792,0.08004515147722993,0.06875466408546305,0.06649571202823766,0.0981091476251977,0.06855523083637342
adithya,1,24,0.08717806124344105,0.014366916636374226,0.1030374696536998,0.16978721290131044,5.105243056457718,0.06518581957433184,0.39849434999213734,0.20270616322633833,0.20449250555372028,0.11573548341057155,0.10335928874453776,0.09353731147676453,0.05548614891049027,0.09370352852424366,0.06579053690322131,0.07266325242208446,0.07830290102704161,0.12334910475058233,0.08681255020720138,0.08216789165701267,0.07545397870250217,0.07001923985091484,0.06271599364452979,0.08906848687304275,0.07142651564495281,0.07856336145830775,0.07595921043629726,0.06742623255542682,0.08349233541010659,0.06622743132071249,0.06988316876243361,0.08212739441441666,0.11399650437401285,0.07177203484951872,0.09948681943886403,0.0873277131759117,0.08990874426010456,0.09871457222512044,0.0929945202104756,0.08843200164675105,0.10658225997918482,0.10776801941834974,0.07639366456436408,0.0868185501303408,0.06748578080345614
adithya,1,25,0.08399449434631467,0.020066451554915793,0.1361481773876734,0.08553661123647505,5.571986803563832,0.08007686069283196,0.47758037770186357,0.19653617654600775,0.21963273063509353,0.12238759185486718,0.08353099720715074,0.082266595997096,0.09716108740587756,0.08104259447435877,0.07276408461655245,0.06263800634234239,0.07075776771283396,0.11918960572065594,0.08319188535716457,0.02949546685204992,0.07438700039891694,0.09836140260474033,0.05902664023822174,0.09322156782900298,0.09755624131028084,0.08551164599469721,0.06965461553273003,0.07319365033000082,0.068218736984031,0.07062027772449603,0.04827996013456931,0.08749430048105693,0.08110596191120995,0.0912146345093747,0.0999310200374114,0.07972656219359403,0.0973225733553798,0.057026440250994875,0.08475236725049615,0.09474503801175285,0.11863619347967144,0.08751668347654862,0.07719104828364368,0.0810640214858211,0.07167439792684221
adithya,1,26,0.08410494047894627,0.0166797205577963,0.11069507539849174,0.12835196247060138,5.695451617767474,0.059614696988845015,0.3768534273617854,0.17784147189788416,0.19402378250818964,0.10107534182887044,0.08310440513407344,0.098953193221302,0.07446872312378452,0.08218446152541112,0.08060699306361373,0.07120291380661548,0.066870670847412,0.09350741508732335,0.08020663682090777,0.058705902257583,0.07576263253449762,0.049743447051715114,0.08522158592860368,0.0960725234767472,0.09005457524674347,0.0853726014004288,0.09377249562646367,0.07289632001176664,0.07359955614245978,0.08154178762108799,0.0802515576133833,0.10501147577857314,0.07624599399883375,0.09726402293317228,0.07496824702062116,0.07794675888268822,0.09186694078219187,0.06849506094716155,0.09491645187290991,0.08628838315302342,0.07658482616433676,0.09758694103310273,0.062273241107362605,0.07963186352751674,0.10689368106075446
adithya,1,27,0.08364973255865751,0.013546217850232986,0.10887309798578834,0.15607871458404435,5.32904430811317,0.05918251005813051,0.33146069404752965,0.1943755629182291,0.18602079028541285,0.13167586515648766,0.11046529585765771,0.07740397159652782,0.05525327517818715,0.09062561695296634,0.08359180314706127,0.07024452512141525,0.07799398298717351,0.07679369641256409,0.0849725608061354,0.08224815013316625,0.07158774191768319,0.08018288935489232,0.07075633541562477,0.07298918167143294,0.10600874232360077,0.07761306948609613,0.08225650262821843,0.0852107518381384,0.07086653118262788,0.07160558274693501,0.060548526891761364,0.07237033918322427,0.06834823350157113,0.06051655098417568,0.10183445139053439,0.0864357198339262,0.10770325709131345,0.09210997398260669,0.08826991945596627,0.08592442606181033,0.08884502406910623,0.08174580389966354,0.0854594189977739,0.0697498566111295,0.08748978123090305
adithya,1,28,0.0867426699218625,0.019217664611862348,0.09442101150037739,0.14176501314965007,5.110560968755075,0.06576830154789544,0.37890394629276125,0.1856650981107987,0.19153556776506442,0.10514425890085267,0.10286651990213017,0.09765664586063545,0.11452100657502244,0.0844264502760581,0.0712139149617982,0.0752846206057201,0.08558695052946487,0.09130115841706057,0.08162735582868955,0.06859054843374554,0.08162373599270084,0.06643663355845986,0.04676490515174667,0.08691818213379358,0.08259195878667643,0.06918875098793896,0.09299044897276965,0.07864692238038357,0.06457453596502964,0.0723260900725658,0.05276768354715053,0.09183075113964985,0.08627327229712783,0.07571989936809409,0.09942217076300072,0.06577878478664616,0.07870284529485438,0.07733142572752782,0.08412860552895855,0.09078554205085033,0.09917169301275909,0.08888994482139595,0.07286739643296684,0.09364506244286805,0.10817633456931791
adithya,1,29,0.08198236101794244,0.01206404905565374,0.15290048588994448,0.11519588787660426,5.341017493898644,0.047703226229769725,0.3650748746239619,0.2029646140970403,0.1871218534293816,0.08857595349377323,0.09330386759585645,0.08326520004416184,0.11601828822732418,0.09142302414877335,0.07269615817567442,0.07189380248975666,0.08809554380204056,0.11660267780155426,0.07260342495390178,0.09434629567239534,0.08381535156137514,0.09078580793677621,0.07224352368697597,0.09289285357449564,0.09563673900619406,0.08116348161888688,0.07063281706113916,0.08372708201003239,0.0703414082436671,0.07930101011315571,0.05258463499395946,0.08419099125564132,0.09502678047505028,0.07148104596043135,0.104477599210241,0.06735122333646686,0.09878023868286988,0.08569744766685264,0.0829255450916945,0.056596076661393366,0.07073964099076777,0.08504830798700702,0.079945865032605,0.08599263048985789,0.07605973142236863
adithya,1,30,0.08290052685927977,0.020953967299455378,0.11885252643139664,0.14214515044632087,4.678712863825682,0.07677446427391323,0.40635978299802916,0.19108622229583086,0.1837192777525438,0.09779906738953126,0.10412184418847692,0.07098629343319292,0.11742917114680795,0.08061982586189125,0.07528691892622467,0.07229581756975237,0.08056841430350502,0.1060872001155447,0.07693950934181232,0.08606883065148908,0.07822725819180731,0.07907428520550866,0.1023416946507465,0.08312042907619463,0.0918440104568085,0.09390833480662615,0.08036355775159752,0.06564956305118341,0.05707686825345449,0.06467341712164511,0.06442755247523703,0.08077351442771843,0.07918778868300336,0.09065793031270296,0.10265676412414408,0.09628442527630524,0.08271110595252845,0.06793810338951588,0.08379155188780686,0.0851710608382563,0.12118905366219682,0.08084402304497125,0.07503565858161843,0.08745153337492796,0.09961105701816918
adithya,1,31,0.09209018499052998,0.016100768999779063,0.12441591970034761,0.1523551062835068,5.17894505982597,0.06514771074934171,0.3643191752041575,0.20037000818502368,0.211086711020082,0.126918177374006,0.08315254160172833,0.058858322694611345,0.08676594188149853,0.08216617954032736,0.06095441380900755,0.07237231903503598,0.10203858886001566,0.09524790162005094,0.07996817245666418,0.08194012962665456,0.07510591291733823,0.08510714469064856,0.04694695349713613,0.08148147568362404,0.08953852300563489,0.0785529158162344,0.09968749296942411,0.07269793596561762,0.06595543845769973,0.06877522135424495,0.0809693178440683,0.05807455005734239,0.06166589087677459,0.0912034096834358,0.09783115638438594,0.06609767521910757,0.11397894310938896,0.0860426686152913,0.09823004240145115,0.05693708958458858,0.09989203278755197,0.08335239742730308,0.099541739451873,0.0863621074868533,0.08161604129949394
adithya,1,32,0.0836666099537516,0.01665995549928755,0.13071608017169825,0.11551163309792695,4.690010180674128,0.0660953371424673,0.4081624963587489,0.1894045638101333,0.19708165493657356,0.07329474082456237,0.08649005149635752,0.08974547598090084,0.0898584596989208,0.09150456511612773,0.06408537020119595,0.0776786107279273,0.093446822325709,0.11376938603695319,0.07232330255142759,0.11502492041739686,0.0823520257891497,0.07706101497891342,0.0657913786215785,0.09404548660079609,0.08337535664600805,0.07907034012690164,0.07990872393511426,0.07734636498473893,0.07013957485403277,0.05601614693912087,0.08527393932063226,0.09186664865877092,0.09901075876576507,0.083312335161663,0.08422209898966658,0.08092737769602082,0.13301998244140914,0.0799370015628613,0.09216491052137363,0.05575090661035731,0.12365120073213046,0.07909681329769674,0.10473699962985272,0.1037980206271537,0.06766975096868647
adithya,1,33,0.08076357526086181,0.011226762494487293,0.08964354890517882,0.13089394357802867,5.7856679118201875,0.05788071348129195,0.3722644864131133,0.19992309047824972,0.19843386434793997,0.13057490570390398,0.09556062566996734,0.0981906866893183,0.08167256915150475,0.08253133270894467,0.10540200324006428,0.06960896933650332,0.06920699759010475,0.11832021422639771,0.0925897847845879,0.07572112941553753,0.08386917516475195,0.08745861401740025,0.09301403582667972,0.09184287953746952,0.09358303219789876,0.0839971417908308,0.09879290796083683,0.07045211413642594,0.07401931234964744,0.07512629462151717,0.06267382981125302,0.07639207329899701,0.08111825543517061,0.07452183658375781,0.08853127329732065,0.06251917830317856,0.06535411497575305,0.10004914639743812,0.0816804728601019,0.07693801769000219,0.103827632929349,0.10934968242585136,0.07370061948969187,0.09402421653617661,0.09375602366165706
adithya,1,34,0.08721301922759508,0.023496136220233055,0.1162337450185064,0.078091145195466,5.258848096359298,0.06391461350443264,0.34353784432242596,0.20204115181935126,0.19917777778518272,0.11590460082529129,0.09033022099194554,0.07812763437123643,0.10670983733385549,0.07594208620895788,0.07247608321047054,0.06262646233504457,0.07538439379350402,0.10966530644183482,0.0774894112643432,0.043319271255481684,0.099504331134468,0.08179179948304634,0.09235476011094715,0.09533053949177098,0.08139920846009813,0.06420869952302719,0.08994376600948435,0.07459307384087774,0.06475545577843855,0.07355908986990713,0.06195795460157339,0.09111297400131448,0.07475497080769482,0.07456492661358174,0.09910416818459407,0.06369306594068035,0.08653901211057534,0.09359243822960796,0.08215039851277543,0.07529063007026801,0.08489483732975911,0.081604644676175,0.06978929163074285,0.0946760199400701,0.08333001836414276
adithya,1,35,0.08520358050232216,0.018479247646551344,0.11673492242642981,0.08957767539585014,4.779077902199447,0.07061432044829723,0.3932295114126137,0.20291436854842138,0.20267996133710214,0.10467628735770201,0.11430209568821006,0.08691220555808503,0.08047607565543503,0.08731629946806786,0.0709632796997243,0.06069608918194223,0.0831977462345964,0.10685495426700563,0.07780239825085926,0.03295633715501185,0.09754630721946018,0.0837854409885744,0.0679739218897879,0.0890404408746513,0.08416151947474759,0.08516598990467208,0.08771445454013525,0.05139036306735618,0.07103792938382385,0.07791725805374801,0.07263751312086189,0.08290314317667229,0.08659915759648855,0.09951199050208727,0.1049738265400023,0.08271098857623714,0.08325436934568711,0.09720372560679535,0.10090791722813894,0.08543884836727098,0.12266185102800409,0.09665824622877851,0.06507350798576114,0.10145607804075886,0.09694029806509957
adithya,1,36,0.08418662001054317,0.009288394410750713,0.10673809299106293,0.12366078661874864,4.797768498577634,0.05439608102232854,0.4069508397759368,0.18694681353702824,0.1986574409593333,0.12434164400640388,0.1268886598346919,0.0959909653129713,0.08328602501543413,0.08439408990881231,0.06587857099767536,0.07105120517399569,0.06524720979988077,0.10900145207734968,0.08428400438722085,0.05537150244897457,0.0992381435405986,0.07413465096531305,0.11464692469875698,0.07668918587092798,0.07183011856610325,0.07545587437076376,0.09946235027732937,0.08758090889473247,0.07023994638945069,0.07742769921660157,0.07300858149327558,0.07532809321553052,0.07389642966831435,0.07381755803705778,0.09402390188589659,0.09244858449064318,0.10510467225361297,0.07990473449999251,0.0800376239369779,0.09455793504572343,0.08344698019060717,0.1266574860464557,0.09053024717931883,0.09178450491192702,0.0910709703119114
adithya,1,37,0.08960037870637193,0.015972069050466265,0.10160271690994112,0.1443136895397481,5.557035143217946,0.06427801933283342,0.41115223112169447,0.19414626561326745,0.19016604404807846,0.1405468071477842,0.10988281082378126,0.09700619886527354,0.08471299465697582,0.08715499783379889,0.06378725640488497,0.07403962109835119,0.10245919349548026,0.09170502516177918,0.09058798678844719,0.08196316685870507,0.08114646347618246,0.08292307739457987,0.07187970719081205,0.09478464950641213,0.07994834594364833,0.08632359598569225,0.07847409366926339,0.07697478249511847,0.07109864860585226,0.07120581006139647,0.07236222444451194,0.08748878989870802,0.06509927675844782,0.06603476048830553,0.09928801023457788,0.07734244820780255,0.09225910937022051,0.06156696575733123,0.1145885009766265,0.05586314091157217,0.08325476706473996,0.07939620046668586,0.0984703905400339,0.07649176198274488,0.0782828670098566
adithya,1,38,0.08939485154768426,0.021882552136702076,0.1182654707529002,0.08378927023308437,5.201800789756825,0.06796468829857544,0.3702354811130876,0.1982788764084428,0.21964154549598588,0.12227510841266039,0.06681778971416787,0.08797891090239061,0.08136872875663796,0.08876481309261497,0.07764376050623185,0.07359564877532325,0.09473111194722156,0.09224804735987932,0.0755397487971669,0.07202804283611829,0.0861696049972324,0.06873017640116975,0.10360814902531795,0.0847213446927545,0.09579274466282982,0.07799967908056177,0.07811840792658825,0.0698553047572426,0.07584509948172961,0.07975991429005842,0.07985411617703733,0.08324860697847988,0.08252088806612753,0.07398016478364497,0.10432867002233398,0.04498875931822262,0.07900017414111295,0.06386024703835479,0.09871562683949778,0.0933671246175262,0.07941405982794943,0.09426153494589884,0.07292828603615348,0.09091935765888523,0.08259062367006054
adithya,1,39,0.08800567611362362,0.01699189061603575,0.10676361134894151,0.1540674058432096,5.490568387070179,0.05850249811607533,0.4076651300627975,0.2027529082765389,0.21799503128995557,0.1115591915377113,0.11622352037076827,0.07003149430732421,0.06583165638748889,0.08308562132058302,0.0639326858385382,0.06560103168629688,0.06876906616330439,0.11784635272250366,0.08353733365691737,0.0502112887627671,0.07697489749904786,0.05884452715444981,0.09218057431731788,0.09248715173611019,0.08270635526331317,0.07623845330243993,0.09858799620226646,0.06988872144023997,0.06728872068789954,0.06957346307121999,0.06184359144509274,0.08968199530706425,0.06187807019659948,0.07763006404793894,0.09507865879369883,0.05725777617628548,0.05110694695926545,0.09313060189111647,0.07335392609813927,0.07853156298973321,0.11058941891182483,0.07376785383997538,0.0891059319237609,0.1106967526738036,0.07298134593425866
adithya,1,40,0.07661643433730919,0.015997273589472033,0.1217997398863036,0.11266391646321794,5.095367067933486,0.05931161569030144,0.415313008994952,0.20427437531570633,0.19749483173198012,0.11774917098735695,0.11952240588348798,0.08588004965484554,0.0960522305833345,0.08758166164904406,0.04590933341615526,0.06117639594342386,0.07191180263081494,0.09341425708857279,0.08013005734644942,0.07866233921542831,0.07778824619876297,0.08759332265042462,0.08003533788498153,0.10049420502219925,0.08277873602568696,0.07265350156720574,0.07669897206926748,0.06456810362661286,0.07141926022785189,0.07030952267900097,0.08397068740193714,0.09617868036355956,0.08448510688645414,0.09570941154754051,0.11932852027873857,0.08075370054841856,0.10711719076549456,0.09113789647745246,0.07610191820440498,0.08593084103144821,0.1070731497968348,0.07570625393331815,0.07521953085314569,0.09015012407078549,0.1017200655709034
adithya,1,41,0.0874189992078106,0.013600289342394494,0.11368495069257654,0.11582529747543105,5.350007926596233,0.06785204001092637,0.3951099838792303,0.203996610796624,0.21534915294864976,0.12305005255672759,0.08194942348095521,0.08226292054106286,0.09780777452241239,0.07897246718131919,0.09434045570819997,0.06653051845447706,0.10103948621283468,0.10760344770836994,0.08503174771132797,0.07648729439960507,0.08288175639556056,0.06011629565431762,0.09469710059919687,0.08015906014406787,0.08403191303846412,0.0829707465509961,0.08131306449659823,0.06860344676177262,0.07057360609288624,0.07392142312936043,0.09394039237194982,0.07001882156531361,0.06237668628498966,0.08948482040191694,0.10196391610259843,0.09467235935458229,0.11914763171806374,0.06734566990692469,0.08742998742378445,0.059679893276732975,0.10601660847967914,0.11499414161754767,0.09126345219725346,0.09811846746174976,0.10578955541169183
adithya,1,42,0.08840092219598764,0.014192247079304906,0.10716080055268827,0.07870411580561693,5.70431345088475,0.06309306743255455,0.41082058614716527,0.2103216030465364,0.1972780693189191,0.1127708925376584,0.10061916919874221,0.07219804938590751,0.07116731559819733,0.09026612921244305,0.10213614654935882,0.0570017741513797,0.08766381235281866,0.0990762892563839,0.08362661450320952,0.027775744516820147,0.09886270490265033,0.09911362834077328,0.10032691141043487,0.1017013960250188,0.0839600996893881,0.07739627204372175,0.09123118146407155,0.05916594495856967,0.07785479151297879,0.08503734245322801,0.07140531626237108,0.08284815630803112,0.06288575141608037,0.08302893579398962,0.09566021260147113,0.07431535834818521,0.08302340082531441,0.08794645206255962,0.08613107662007699,0.08980867389720604,0.07184801744465721,0.09711272803295931,0.10020046429711402,0.07771027399121083,0.06489966869722331
adithya,1,43,0.08912181181072563,0.015949352094622626,0.08995047419329254,0.08555699234933058,5.0212513762893956,0.0646036595375781,0.361816155546295,0.19799376845858538,0.1866942242224842,0.11926283545170106,0.10962569087539469,0.06914850203250887,0.09320591827349113,0.08267686270612536,0.07619228423075965,0.05387924419603931,0.08161280493842216,0.09512816805685508,0.07550705036400213,0.09254316929871112,0.08101158917798468,0.07057208616500754,0.08218392185873248,0.0901105229392532,0.08322165056154371,0.08301124360449581,0.07878335858401044,0.06948376849845617,0.06951555295090109,0.07595068030359284,0.06680289241473361,0.07676430386895097,0.0770599144880514,0.07772444037005859,0.09758446102799871,0.0838567616722104,0.10197587238306038,0.08492390266233085,0.05642122253323284,0.10829903933511895,0.09348275544787583,0.09833863690417755,0.10111080049249793,0.08878339046420118,0.07851635842996808
adithya,1,44,0.08585430723679188,0.011530430627946894,0.1219455845389723,0.12590862862999772,6.042229060581242,0.040902263376540904,0.4056426537819917,0.20525739515810737,0.2257961172160972,0.09947401393689158,0.10030924431247575,0.09744444799975557,0.09713421256347597,0.08266690739795014,0.08363802309486994,0.06433957004165948,0.0669807182646571,0.08305286530559612,0.0788900661538726,0.06862289099632346,0.0751355411416715,0.06777843109784047,0.0869459860098932,0.08080712138596483,0.0872615444848506,0.08331411448958616,0.09181952267143742,0.0862440278272506,0.06737300157045378,0.08703468215768953,0.06012406216192147,0.08212790337316288,0.07064293341973182,0.07476589663967989,0.09689872197502226,0.10276821090449229,0.09494454213332985,0.08552356701307472,0.08909611596936848,0.06665253273204627,0.09114850816828504,0.10197792923861053,0.07750110345396546,0.08427795767607021,0.0806370113983248
adithya,1,45,0.08282074216780327,0.01567192314450988,0.12101719094476412,0.11815323835330369,5.318556247967058,0.03143749120824796,0.4120658417070956,0.19878644175564467,0.2062349131061092,0.12704402899336223,0.10052541303225632,0.08436089274258729,0.06084894177936139,0.08264747820709041,0.06279832008104379,0.06334507167969541,0.09823243259378049,0.09064692397114811,0.07937337537094849,0.04633459409937781,0.08951362542894316,0.06928016295961704,0.07714692329021357,0.07305236818748799,0.08089008890982713,0.07754001870078925,0.0922113040719693,0.08054677083996986,0.06893754391968382,0.07289500849398108,0.07521992749330422,0.07578897677343766,0.08464009866162053,0.07810032134032863,0.11307097481048613,0.08548144395117273,0.09351341887267377,0.11887914259512627,0.0811472526442577,0.06792884017343864,0.09405284958569915,0.08697484382306271,0.060131384768705054,0.07735583586536125,0.08428575158849305
adithya,1,46,0.07894027441450541,0.01745303481091316,0.11630624691501983,0.18561845563741003,4.740068575567598,0.05009450036459495,0.35361359489868766,0.1973927048291938,0.20526361338198482,0.10664191988750281,0.1130249269443944,0.09911062658445674,0.07833724341676482,0.08922969041584133,0.09384560474905902,0.061325680184415095,0.08653776306286169,0.11284798086924108,0.08638944574343888,0.07868643565172306,0.08573572562616147,0.08496740622100722,0.07482461905731896,0.08973878073316617,0.09697109204327499,0.07713480217075708,0.07171224892670272,0.07319937667194776,0.06427789998056858,0.07337443062526436,0.09556894400801265,0.09303103390879865,0.072033417692722,0.078144144108438,0.1111946416933839,0.05435631428256735,0.05489870021490507,0.0952741881213788,0.09307513874211408,0.08157670675706419,0.05698892466605772,0.10898288988733129,0.04450779573447863,0.0970773770094257,0.0963908690958214
adithya,1,47,0.09528006661070533,0.01649892695143607,0.10776695828626073,0.1357825942000647,4.852398203029746,0.06198127923313832,0.39990743939619444,0.19126420986476395,0.1856394872571291,0.10778840294500736,0.09616866999508314,0.06420843126954835,0.07983241984798858,0.08342646375940013,0.09138312145336923,0.07214771497186163,0.08591555677284786,0.08694854006773875,0.0779589074237573,0.10998769050087391,0.09165210426152617,0.07605964584190356,0.07205039958462928,0.08377890966340368,0.08523856269730622,0.0907771652900963,0.07339320987015678,0.05544041003664074,0.07950451197806307,0.07331572499552631,0.06131213437017265,0.08118094372313707,0.07720056083577037,0.09440898351984954,0.09381700771782525,0.040205827662773676,0.14696276337480846,0.07918702613793778,0.07526381487238736,0.0900575051642225,0.09316956500086312,0.0885985088912276,0.08907618746100548,0.08980594774184007,0.0966433169821646
adithya,1,48,0.08908476996149838,0.01679419521889457,0.10426837096086776,0.10196184071756723,5.015906637751381,0.0730562594944958,0.3632572172426414,0.1988532243821525,0.1819417987808687,0.09763429928998904,0.11196811930568155,0.10281422034597613,0.07050278233296978,0.0869227332814034,0.08755477494411681,0.06636977013528274,0.05991209341917189,0.1016996016161584,0.08357071806336779,0.07668721012062246,0.08588677544635587,0.07468039128135946,0.09423993551024204,0.08588260612525693,0.07774083197019152,0.07744863749752165,0.08604675416763446,0.05537537538021493,0.08475736104733264,0.0786374842451642,0.0766456190210732,0.09611587093258735,0.08625222797627004,0.068816852202233,0.10552527918141798,0.07564087882915742,0.1291714354582646,0.09357895277820175,0.09864115101605794,0.08551417929036512,0.07379502534742323,0.10782242326013161,0.06180739420104356,0.0946443653009978,0.10172296964833558
adithya,1,49,0.08110367448874248,0.01653025928575704,0.15195079362541192,0.19084791732849166,4.685885943392305,0.0538516479632024,0.40519729170657637,0.19439286527521468,0.2100028142655264,0.13884198061249167,0.07916805734543818,0.09502278797672464,0.08301822405207414,0.07412627693339303,0.06279749543953873,0.06768644623723027,0.07675971597731923,0.09186370427158445,0.08766232490369757,0.06625670506123016,0.09256729430156858,0.05990055361901968,0.07482706359822075,0.09278257524922091,0.08853054807181435,0.07572006414759434,0.06974450118656816,0.08152623302005034,0.0738782227005681,0.06623412704965409,0.11746712085253985,0.09986914670910797,0.07961406018597722,0.08711972244160322,0.0854414534613567,0.07397264215658454,0.09568265025227564,0.06969219816804822,0.09387133645158185,0.09238993206585522,0.0815842508463654,0.10140632554015458,0.09034535921010964,0.10474451730972548,0.09552703083342035
adithya,1,50,0.08168795719458538,0.016776757182086675,0.10282701545404746,0.09932292522800941,4.817733497156115,0.05646501740520444,0.39481810897054126,0.19438930597923865,0.1689744357822619,0.08899769149083177,0.08585430370003921,0.0936827985026502,0.10880020137081334,0.08358932823021711,0.04587589216651611,0.0686167552637079,0.06233671208561907,0.11597871014460984,0.07857396402456661,0.06053632247900917,0.09304596126941829,0.06544380653575695,0.0662933202261671,0.09681950411804477,0.11177945703695698,0.0906085452575005,0.06916412329203017,0.07768164172784876,0.0670497050213034,0.06794891159562193,0.07285461064347526,0.07125823201599998,0.10671926994754746,0.08257370218485076,0.11803442735760555,0.08206714884840723,0.07780233675400952,0.0828529721363843,0.09220657482929293,0.05300396092019706,0.09812400938739352,0.07043897615689125,0.09417130358850966,0.09536049476241955,0.10287904290921425
adithya,1,51,0.08249713872469328,0.01793364888159528,0.1210829241219986,0.09655905364470659,5.079542613060397,0.07563946425005082,0.41169299849551794,0.21835815906928552,0.20035209798323933,0.06834280183503369,0.08780783697724298,0.09296584018278224,0.09758073348168457,0.08344972323534648,0.08854663209988183,0.06919325600230526,0.06038699937944192,0.10825823110716805,0.08214368974742467,0.11013658920691136,0.08781012142380669,0.09281924251859841,0.07037706505866803,0.08924044394188897,0.06832025164815983,0.08182112046208359,0.07904046853713839,0.06510041072033806,0.06494564037872348,0.06824745423445105,0.06740101031048533,0.05940385682510448,0.10093077543966437,0.09028253068377684,0.1027457578041684,0.07335117555782432,0.0765681033801993,0.10700290882478312,0.0819372823766581,0.07047254917413381,0.08414087940335549,0.09404474883141363,0.09282765935589721,0.07980358448502012,0.10473908170242818
adithya,1,52,0.08605212627998303,0.015123453202411685,0.07888059766547073,0.11056132670621897,5.402032708793485,0.07058858377207093,0.4047394376920199,0.18971623357740308,0.2004704957818557,0.1427086198988473,0.1037485164723321,0.1018325720131501,0.07520563818190247,0.0867411736696076,0.11084660564599251,0.0662777171486415,0.06719999872854625,0.115613038895054,0.08168530596308964,0.0985801813209217,0.07004014266770844,0.08288026989353946,0.06196956153459093,0.08435124417812499,0.08952899102520068,0.07267458427583197,0.08331725994977938,0.08730884509728544,0.06651333335409693,0.0654282095464674,0.07191221817006317,0.07475828763191522,0.08841221791970605,0.09133643861600735,0.0934245586772723,0.07577603407462667,0.03815970617386782,0.0825485215611651,0.09226604604097509,0.08311010761433625,0.07928386149481026,0.09548304941803032,0.07140834919857836,0.09401100307798133,0.08267340881516956
adithya,1,53,0.08562119406726254,0.018948297399081215,0.08850832443651191,0.09741766074081966,5.171918797527819,0.04476235953011952,0.36529293689870146,0.18462572576034977,0.18591225244909523,0.08158179510015068,0.10635357971876441,0.06442569099373746,0.09925193875724383,0.09460114545974894,0.09598933068187755,0.06452894869882624,0.07021269650537769,0.10214074098227911,0.08017039784487466,0.09902233828351814,0.06479188982055817,0.07972314873662557,0.07165037002441108,0.09535305692647585,0.09163070152801805,0.08707755577246924,0.07952872654003706,0.08003169129455275,0.07032380046567617,0.07432117712412654,0.07374933937687242,0.07838565695929892,0.11166552423008114,0.0679345706740061,0.08651558593988308,0.07944430768828298,0.06006222489522962,0.06981853936784019,0.08518703860057189,0.06965148058743832,0.09697487182153791,0.09630942068957252,0.09632193337123704,0.06787049192175691,0.10580639215033782
adithya,1,54,0.07867639881845302,0.014868469163227292,0.1382312068413306,0.10625620283423595,4.845207432408745,0.051978842685486255,0.35372223603591996,0.18957659601250987,0.17023747952940102,0.11919037580324862,0.096879198188142,0.09523360386973274,0.09225752228231882,0.08853160736481962,0.09696510227961899,0.05719363576855365,0.07910639385394368,0.08813234686993608,0.07198923477283668,0.03529222405682946,0.08783262143931506,0.06867076908885893,0.0983617860921972,0.09726414645973099,0.09947528133273638,0.07918758563638086,0.0899656842288072,0.08362291808327685,0.07898489195222327,0.07142515233497378,0.08999855645484932,0.07941127783644063,0.07225331369396686,0.08917384179924166,0.10641623006106014,0.08697930697473126,0.05488396075655289,0.07490571999658459,0.10071687072870572,0.08255501530381336,0.08652498268866178,0.09158174995317338,0.05925217051481585,0.09234377137925111,0.08102225134842217
adithya,1,55,0.0829364614727544,0.016239441512661195,0.10576733509405406,0.1323648888897146,5.436982413816237,0.062205280160450634,0.3917834614412645,0.20479202982702444,0.18095003154961942,0.10754424110096983,0.08365014664605432,0.04957713330420202,0.10080688688822831,0.08204575387924298,0.07557111222826617,0.056141726099712415,0.08122466853784222,0.0848024704004946,0.08711927000194133,0.06648697068042136,0.09184115884564245,0.09068242919082102,0.06812209352278732,0.08664771788375508,0.08612983637425752,0.08815792558081513,0.08963429336755525,0.07988375471715231,0.0702494142212069,0.06933701025285662,0.08213490987826923,0.08013090088706355,0.08482690209014788,0.07729590311873606,0.09944124533429827,0.06713244579339012,0.04143860904320213,0.09576273664969111,0.08397691923162713,0.08387503082277382,0.10608980739906529,0.08354725758959376,0.0895143430328851,0.10445993061525141,0.07713506696623378
adithya,1,56,0.09310824569856177,0.013075375253913933,0.12979671657379763,0.12131893625893621,4.917074772388389,0.060537789839794895,0.36995150394325094,0.1958540022729443,0.24429760136174156,0.11465896534812563,0.09984237513033023,0.0879598966793955,0.10413427745860193,0.08456252618434584,0.10475505033793753,0.05765446253933965,0.0941249196145546,0.10476663445750485,0.07683616141260298,0.07959984719792307,0.07441351073595293,0.07324837847975268,0.0814572777295033,0.08952383312942194,0.08223914105911927,0.07923613040189717,0.08628614212030364,0.06476618600661538,0.07333354765708877,0.06781233945981935,0.08548416863320514,0.0669892284549384,0.09941493028891658,0.06830509225546602,0.08903629813508145,0.06791830579826673,0.11901904422201366,0.11887889104963531,0.10850728782150333,0.08402782099569694,0.12523699107772124,0.08760788112337499,0.10730286162348684,0.07909224989877917,0.11049706875499876
adithya,1,57,0.0874596109988442,0.013937561426674128,0.13628105281803543,0.12917517844366427,5.150893534994474,0.06772801994348841,0.43700098753638106,0.206095517419719,0.2071019841614559,0.11545112990676082,0.09407564413677025,0.08859673758465364,0.09216526510506033,0.08646627259543126,0.1112037138011382,0.05706646441192598,0.07835403146388811,0.09785355036060199,0.08197777879235735,0.11504598311460873,0.08016537722064232,0.06939099475398554,0.06720283580913813,0.09667624312580261,0.08675745474386612,0.08341730614057874,0.09268650380753873,0.07205627311958178,0.07072626664283381,0.06233026558251097,0.07540013261323582,0.07158089090110786,0.07240158793335356,0.07445983819868973,0.07864590882652625,0.06870475222015836,0.11410398490638629,0.08645478261859836,0.10616283930431256,0.06980515167159068,0.0984275234904002,0.0851444020301788,0.08485805028154415,0.0789827323737556,0.09908118188743567
adithya,1,58,0.08017876658046028,0.013954675910601365,0.1143772065055992,0.14770356746051438,5.3789556479600575,0.055529103419124565,0.37297127575523903,0.20145439970964454,0.2082666301186506,0.08770349269033287,0.10574507444799813,0.08786497102479461,0.10320165412889476,0.092101849923628,0.07037148960356981,0.0654851554728547,0.08534200043715859,0.11879076623550414,0.08311658183246493,0.0915164030722774,0.08775993652180303,0.07103464458030487,0.05055865063098505,0.09326368754293259,0.09270732614523529,0.08433688653031955,0.09088969709389505,0.08209883702222073,0.07284339846647886,0.0697468252095669,0.0519234683705498,0.07138495523841139,0.08158974122654193,0.08893128962202536,0.10544056054246351,0.06127105347182538,0.0815821557087275,0.07799267869507308,0.09746445624664729,0.0670177169601301,0.08040295631015533,0.0761103643275926,0.05762715104365339,0.09738418187423357,0.09819051107218278
adithya,1,59,0.07615308718223154,0.01460876754793115,0.08943644621277819,0.11388711008949415,5.615243850031036,0.06727993360856323,0.453147767360628,0.20772138165247578,0.19943178742741494,0.1067380703833609,0.11240590138376043,0.09956640666816252,0.10851296538093622,0.07546460107361652,0.062102593907113306,0.07315476848048875,0.08035035636573498,0.09865451717154101,0.08439226913452805,0.07811137781963799,0.08636999721999547,0.08577099203646217,0.11179215479427593,0.10312477860869441,0.09356377455818501,0.07996873561921107,0.09508088307298743,0.06594534458803264,0.07493687126461251,0.07876169334043666,0.05345915099465624,0.06482576878988786,0.06276427103220444,0.09011688644064994,0.1155071356043669,0.07315683744942446,0.12109902698143375,0.08865485687431891,0.08629240436935472,0.08867888478484527,0.08885291941443924,0.09308044762344149,0.10532667371234375,0.08924583333297914,0.08241010546801487
adithya,1,60,0.084307258890395,0.011932185411714674,0.13413622247352677,0.07989169387772561,5.370559557639325,0.06316425851185575,0.3826739490289497,0.19024434313623134,0.20706157021396943,0.1024896546989346,0.11048235454779921,0.09847701778688964,0.08830401836111694,0.07911688031580975,0.08674912851331298,0.07834043122378326,0.09006482973037677,0.099547533420748,0.09318858878324152,0.09566552598573255,0.08414525677706894,0.10318208519377624,0.05533925442656984,0.07831063972483208,0.08537254064113703,0.08921491602475672,0.1003856749317878,0.08606589773940135,0.07058545971731824,0.07770019261766989,0.07477265162008083,0.08318164718240549,0.05905098955458664,0.0755787277002409,0.09296004497478821,0.06943802147897908,0.0784895906363463,0.08073296782023268,0.09992957653413609,0.04475098865343513,0.11313822759096433,0.07747939354423315,0.0760079059972294,0.09399617545808431,0.07294531163497647
adithya,1,61,0.09065588513929573,0.019554838167523295,0.09350914413765334,0.17633434713742835,5.413482693574619,0.07555189445695668,0.3989251802359394,0.1956437146864023,0.19173891688853464,0.10177650300792164,0.11467211759410063,0.10156456323882454,0.05630426961959642,0.09144258712698583,0.10019336423247374,0.06865210031653203,0.07818866505764582,0.1152690454809993,0.08209794564520763,0.09320478601388725,0.07980174318127312,0.05789959998720269,0.075838774605625,0.08576937008102727,0.09150263724509035,0.09391192623564311,0.08881576819475484,0.07512076529701574,0.0724476737847513,0.07479749062458416,0.0790872421572165,0.09059086127670504,0.06845084693468197,0.07579905312502033,0.10026333279946617,0.048432348854533014,0.09783364585524003,0.0799961333080207,0.09419685980140312,0.07661515999197169,0.0695726934504502,0.11632353528266655,0.09836515727168497,0.08162767307541102,0.09639938794726362
adithya,1,62,0.07984062641367334,0.013783050370042405,0.10981544889717601,0.10897681609026227,4.772312453207853,0.040389329674337296,0.43229634608789647,0.18796831726582558,0.20256952813137208,0.13737251369620254,0.1136002051362999,0.09159378625705922,0.09240769862224221,0.07909974400214867,0.07813031699834593,0.07627566630436355,0.08240361333769387,0.10930586552172913,0.07934712011404967,0.07749564396072461,0.07623731711942028,0.07643460263113773,0.09353259838885015,0.07690209776605379,0.08382984783100607,0.07561414908417204,0.10459004910835326,0.07325729440573331,0.07857557899864223,0.06594317977776809,0.07548277195289604,0.07673900157514262,0.09955234085719934,0.05262851523054185,0.09189313672346189,0.06585768304249914,0.06302881738533425,0.08685008928857596,0.09374083627195441,0.10052352978847434,0.09941814117670197,0.09689357782329491,0.056788060285904496,0.08977939192988456,0.045196740823376255
adithya,1,63,0.08674096861962678,0.015053074009300876,0.09874870399591856,0.09176091967277945,5.355198663379088,0.055404706914759586,0.38130077877633417,0.22391448585019055,0.1825554872973681,0.11150697493080636,0.0762251467393775,0.07729221405382836,0.08136499356324818,0.0744001526891345,0.08003085502718627,0.06404709014979595,0.06094705193534407,0.10659253633782508,0.08888095547346699,0.07347233307465013,0.07452506419133474,0.07278800106580913,0.07412264262359132,0.08993369234019397,0.09254051287567497,0.07710686326808484,0.08682530971212667,0.05793222971305542,0.07254252426059081,0.07396476843086033,0.0803024168336572,0.09943879493902387,0.08311569871446726,0.0721447463673499,0.0865609412657008,0.06277685905595028,0.05389900110882959,0.09191691148245709,0.08786901598888883,0.06477580553914744,0.11453287331671151,0.07946495514403941,0.08954241855113247,0.07145141000126812,0.09395142024222161
adithya,1,64,0.08665732083657023,0.011047730725789486,0.10281564036664097,0.12838604774957296,5.347487860214096,0.06961497083675275,0.41350208448679443,0.18539466233220278,0.2115035053099304,0.12774853266222932,0.08530283375709752,0.07816331753753523,0.10911120793935633,0.08186663067837326,0.08477576701808724,0.05813730747956857,0.08496527424557862,0.0979631420973493,0.07851991541824895,0.07336344635339181,0.08138645711136278,0.06508555080821282,0.0900918838458347,0.09640653810513466,0.09224034619786874,0.06758523371022988,0.09975539157136312,0.0718432156631825,0.06725867011704122,0.07815062988339735,0.07240206485761606,0.07368209757158656,0.06003481734163016,0.06772363930053506,0.08641994425390337,0.07372851156579929,0.15369941139991972,0.08259172526123519,0.07912782455183268,0.06331693416460944,0.06776750450436184,0.09438276504620145,0.06695206995567046,0.08470689451258785,0.06466585806127813
adithya,1,65,0.08367946537664607,0.009628104471940927,0.10835685577545495,0.08784987548001645,5.080331109178187,0.05474322819616213,0.40185764210221564,0.2149896537894523,0.1868487380841933,0.09715198995131458,0.09547632141687568,0.10523485616404961,0.06091245455272033,0.09186677222907641,0.08955629728835873,0.05922478043209511,0.09965950275908553,0.10126213094520009,0.0772952529374986,0.10731889227307023,0.07393806493305179,0.07166030369634231,0.07655556991165617,0.09595310781326356,0.08225446172918377,0.08967985761435654,0.0962978359706475,0.06978821233841129,0.07653854893765147,0.06744518141830219,0.07895572686178136,0.07655762857036397,0.11522159894444242,0.077215292358683,0.08306265227929494,0.07699112848524006,0.10165969414394113,0.08245613548108231,0.08906682570231045,0.07110913807709841,0.13161090723181892,0.0744086618695846,0.053452672618438675,0.09123748284552217,0.061043896280805095
adithya,1,66,0.08822784418819413,0.014255248614722016,0.12484083111443195,0.1660934361584373,5.153296023542278,0.052659500704618584,0.3844401048872683,0.2076199981107792,0.19636658552507502,0.10087809660478242,0.1212884789060045,0.08403530597316122,0.10481367493404041,0.08806085828816856,0.09198397939815367,0.060062906473349595,0.08819730883980444,0.0944172228109244,0.08533947531144723,0.09308761556217088,0.09026653734026006,0.08662246654982438,0.12547834958906406,0.0898548474486638,0.08090613913632731,0.08615473880018552,0.08572106692421803,0.06857458532918026,0.07280694307260009,0.07619788258150406,0.07640790870670314,0.09778992373757983,0.07419554231680553,0.08143593596108695,0.1007765374990866,0.07661236642148453,0.09160595944349267,0.08816555521946265,0.07959186026288377,0.06226020279562945,0.12729864347459385,0.09372925017556993,0.09891239916841878,0.09137137034761685,0.09351608547198462
adithya,1,67,0.08448314121436895,0.019370342031238948,0.14402008357846058,0.1790100288088601,4.493665766473749,0.037395200258032335,0.4087777992999632,0.19135106133952173,0.17808317727094639,0.10016177810637111,0.09852416896412254,0.06944796404049264,0.09969959277236773,0.08861497454503406,0.11504764535477977,0.062447346821884436,0.07845344740525297,0.11549228620016617,0.07564064638321286,0.06664792156013168,0.0939450869357893,0.055489126859912634,0.0972876095320413,0.0837925807437986,0.07639121888912784,0.07422782619767973,0.08683044211876943,0.06768656719390531,0.08303943679863945,0.07992060041146393,0.05744249928513347,0.08893174604080585,0.09855608280078532,0.06427893622605704,0.09910105386656946,0.06751883432936398,0.08190246214578525,0.11516397322140796,0.07667279669496561,0.05629834480883164,0.09031161702480729,0.08601750438434493,0.06513898868317324,0.08629524532245805,0.08501734917662107
adithya,1,68,0.07399794849948224,0.012862570375361364,0.09642594800356641,0.12559469149638836,5.742350205638157,0.07753167529723003,0.3901710059921849,0.19462012479557544,0.18435203098434813,0.12948234860948682,0.11915043988291872,0.05944282426620344,0.08289894345898748,0.09186769892328991,0.08589042085351511,0.07125960965190951,0.07945280807683015,0.10232845473296082,0.08061606441017277,0.10665025899565428,0.0797566159382878,0.0708934908481788,0.061943120367748274,0.09196358937712151,0.09860737067550805,0.07610726618421679,0.09032242333455201,0.06736843200566783,0.07293415202632629,0.07721531074475392,0.07290801057931054,0.08605573057032144,0.0935571436224751,0.08472314580181324,0.1131142558611795,0.0621348302503519,0.04239931551361727,0.09070590490670802,0.08177292281058635,0.05956177453278114,0.11788868450921686,0.09196678291108003,0.05048022065983725,0.07979225570028471,0.07870319286699966
adithya,1,69,0.08368547909193187,0.016796792467460058,0.11473536149129344,0.14656686131992686,4.97608703846422,0.07172901180748098,0.3917948302357638,0.20531390501063448,0.2008192822470847,0.1130615602890211,0.09236321127720774,0.08849788196439573,0.0738855223577342,0.08348389694135376,0.07455140729049545,0.07164618192181055,0.0852449860169128,0.1078978860643056,0.07945121562057275,0.07457576635683305,0.08200137664087134,0.0756095950446593,0.08015805226399284,0.08134109922557056,0.1050417924211424,0.0745645297461659,0.09215928245334677,0.07942591983559408,0.07475536773832611,0.0738018906695245,0.0753462883979935,0.08700245887200948,0.09586380069918923,0.07585870945022552,0.10120862040129572,0.06543610156976792,0.09583313248038319,0.08284596023100538,0.07734369273328057,0.053029157960788956,0.08217113113396532,0.09199716994789757,0.06631174402105042,0.08645632576537202,0.07866112808751605
adithya,1,70,0.08558284232960464,0.018571726484073302,0.11689733065958624,0.09777484158545587,5.238825538365223,0.061408266230996725,0.3953301438902081,0.19966951785692297,0.21958016232878008,0.10809405206397023,0.09658998637305664,0.07837226398986415,0.08617973473565439,0.08445658974775536,0.08115156584823423,0.06569180884264181,0.08959711096570461,0.12956948946062752,0.07730299958287422,0.1344812915500565,0.08483916549395294,0.06873836211787665,0.06591482650602068,0.08981513373458325,0.07153406034392396,0.07399213706828969,0.07216052001166903,0.08931035550624297,0.06620044458137143,0.06522610787519181,0.05722221195603494,0.0796897750013274,0.07567072025041516,0.08822715751778394,0.09680101413163972,0.08624728792593242,0.10509101448937383,0.08526934429726742,0.08485718815743713,0.06867230516891651,0.09075774921216939,0.10060976639070555,0.09198785190694989,0.08737035940382055,0.07186279690406597
adithya,1,71,0.08700577975253708,0.015243241146416606,0.11424571724538268,0.1536890075162437,5.377368991500103,0.06386904645961201,0.39186725121208066,0.20187298312205634,0.18250280410797795,0.10279905919717855,0.11227822008466451,0.08735037559551227,0.10351612243878054,0.08235067796112777,0.0806537541579651,0.08105750225710925,0.0557272575398593,0.1066242884728125,0.08940292517977881,0.0483110489856697,0.0913259623847598,0.057434083539819894,0.08605989657044454,0.10158267201732066,0.09216552941271908,0.07528486530730431,0.08640246884494077,0.07787974767858266,0.07191743335172417,0.07725359810464501,0.06122425288583052,0.0813117020766054,0.09058365965815242,0.08312314736526263,0.06792422852439142,0.0648000001551447,0.09492579687175821,0.08924742922226127,0.08485818467222694,0.08496452115260243,0.0917627705319339,0.09348422874086691,0.07672730233696028,0.10242235597648008,0.08062564045499877
adithya,1,72,0.09105103036430794,0.014923037978482743,0.10671597757580487,0.07694461115198346,5.021501727928292,0.08786325815097389,0.3577772406642757,0.1998791246720885,0.19082698183362504,0.12768644815959193,0.08144974228468245,0.09273226879782265,0.12055288819671778,0.08591369868664783,0.0771158121045636,0.07255904978768606,0.08335459658834717,0.11129695400462339,0.08234424351530985,0.052993650506196185,0.09544985540884743,0.08538615662926591,0.0980811983440879,0.09512881551733972,0.08593648943200566,0.0792899395579318,0.0803602923642396,0.07616183178908784,0.08075765327622456,0.07433744630157531,0.07849215070033176,0.091719566416469,0.06882610616705519,0.07256334139826587,0.09820943385246049,0.07875519634780147,0.07432588887884826,0.0932103958665374,0.08844513633698989,0.06529668942374714,0.10976141960720076,0.12392257160512463,0.06298709189975386,0.07158621062597956,0.09975244830414362
adithya,1,73,0.0844944016803117,0.01861579124632906,0.11495323181165,0.17142347985990233,5.5193430479586185,0.0703539734386231,0.3863644394847188,0.1908543087185909,0.1865267204743065,0.12807151806724143,0.09184984145118646,0.07519299585897818,0.10721750401004838,0.08437303091389134,0.07192798719229183,0.06973236446423835,0.07516697606558938,0.10343284747447849,0.07297269286249458,0.04298844726064096,0.08834416864231118,0.09351311259422228,0.05401787796850379,0.09405001764348857,0.09699796687954333,0.07950070486088458,0.08426632810861781,0.06958118828316599,0.07183711552938236,0.061899277426304244,0.09906737272984487,0.0806414777031413,0.0882020786613154,0.07909365233136448,0.10157374840297717,0.0668678202303546,0.07172748553687763,0.10806299541026482,0.07401221575075506,0.07117199050583341,0.08675051327588783,0.11408652046638225,0.08142518668579804,0.10037183083438492,0.09622119027604108
adithya,1,74,0.0921123408384919,0.012522672900573115,0.11695024005723625,0.162629691063252,5.307996951550043,0.06915693720708879,0.38541803327226964,0.20530288727981835,0.2026266571910927,0.12687531780494085,0.08089801827496615,0.05788140352687482,0.11164351793028754,0.07613903093048643,0.05952469873526825,0.06382290798884058,0.07558968426444618,0.10995381973608527,0.07658350647903324,0.07484150959523313,0.066048839167821,0.07469969818107612,0.05209121837865362,0.08122083634458677,0.06482105348849933,0.0858937518640525,0.0947947675498674,0.06144144826669759,0.06523212018737061,0.07695022416796433,0.05784849953567131,0.08551463288809626,0.08619300708807623,0.08204263695867306,0.0950829686523499,0.09626590870956266,0.09413012095797349,0.08117757666897459,0.08989766970521036,0.0696934147450836,0.10624738483992398,0.10820656022835037,0.060294632770814455,0.09855240662626305,0.0732306741386255
adithya,1,75,0.08385503431775058,0.018557267760123355,0.09944468681340299,0.15990445783402377,5.037225844633003,0.054766903579393,0.41180164796604557,0.22076288016846612,0.18177456735325964,0.12122597474026195,0.099427898673313,0.09283563117509469,0.07211257554485222,0.09423492375365412,0.07412841005595797,0.06559857828605133,0.0910183157844703,0.1203878006764325,0.08726352582331166,0.023143407979221063,0.0855806971063975,0.07148318154476674,0.093271716854422,0.10186859877488667,0.10349123998815202,0.10597216363156436,0.08801884229882112,0.049966576991964017,0.06768132847673937,0.06993165691721756,0.06271816621544352,0.07968148416381082,0.055324982762705824,0.08911896895151883,0.10676693499946568,0.0781096322852745,0.1386768683067779,0.06546631724792448,0.11711035486286846,0.06766449115305867,0.10135020053385912,0.09376639066182135,0.08931643401720965,0.07330420199357013,0.08181599975627372
adithya,1,76,0.08194228625347923,0.012073533375159153,0.1209165766214309,0.13559465291149228,5.436841132176019,0.06513963799481286,0.36327277356154875,0.18540766673342368,0.1815705635677414,0.13042804912807662,0.10845167970017214,0.10451711944968888,0.106882327956295,0.08723770680649649,0.0617505584982596,0.06538753349535614,0.09267600609634262,0.11084137666231102,0.07867223455625519,0.08476251473085923,0.0854013955021885,0.0741018691439994,0.09737035565116295,0.08251527569636652,0.07736007549426173,0.080323995125415,0.08035223859636839,0.0684728121767599,0.06881411424198092,0.0787977005004841,0.06141737922944984,0.07633704760061387,0.09147049055247852,0.06381343765576215,0.11244101087061535,0.08278964667707904,0.08481809038758574,0.08251032193411291,0.10935892407733973,0.0712150470406789,0.08151718960586889,0.08102770001682698,0.09414455215378595,0.08543063570078803,0.09289716662141832
adithya,1,77,0.0862109651633151,0.016662134316002428,0.10208504091772165,0.09509132726383526,5.107477221395255,0.06707917470887233,0.3919053428120598,0.18561896605002146,0.22925545058758826,0.09120312725535672,0.0955542879840725,0.09191579386488011,0.11268577749225948,0.08657637495329408,0.0791024661395292,0.08464022616380089,0.0866248983405182,0.12089756267994475,0.07973873805605824,0.10485535379501609,0.072533052366307,0.07421472567241781,0.05231304084978422,0.09917652739362258,0.08537069400438345,0.083345931743235,0.06416814636665374,0.07537368439440006,0.0800021432609494,0.06776980761103858,0.09271976317421489,0.0903259373829056,0.07122058346328838,0.0738303543328071,0.08456908052085305,0.0820318427808965,0.10037967719579419,0.08186937525196482,0.08886894678440188,0.0713370534815255,0.06474992427213404,0.10214473343928791,0.05296444720125748,0.0940941361772278,0.07736493757292437
adithya,1,78,0.0858678119276878,0.01624610762180596,0.1108283378338559,0.110868044138782,5.116866547151771,0.06602970537485901,0.4140003672260503,0.18854611359443343,0.19546884860679156,0.09858192068615335,0.1044095843095096,0.08322054183186481,0.09618427528260189,0.07974816949332018,0.03405224307431717,0.0827850161600462,0.09233367702872805,0.09850296915895464,0.07967213049285111,0.10636542158398918,0.07376801572605517,0.07853979812405894,0.04826805024465358,0.09564541940397255,0.0643577749349758,0.06771419116553962,0.0781383255369604,0.06412853687213535,0.07764679429412599,0.06978026103878623,0.0961910615044039,0.08947476423195429,0.07849020187430199,0.07446882300949041,0.10131826440708683,0.07115907464705915,0.08339104093071764,0.08267793907685159,0.09685660033209768,0.09977461734295864,0.11522241264294306,0.08888188967857899,0.06209977172743508,0.09663608321918014,0.08938066998453274
adithya,1,79,0.09275739787813822,0.015492491457515467,0.08930730165618983,0.1322699558248025,5.24766071388846,0.07628445500651468,0.4100236992816491,0.19641281132021068,0.19290908997385872,0.103954314535029,0.11493422237540239,0.10351227945653191,0.07934556459333286,0.07435358611103049,0.0709859323368853,0.06623253560889195,0.08872527100503737,0.09269475665421821,0.08659357914773022,0.03348808459325131,0.08223507295005761,0.07835198058691113,0.05793633996135779,0.0940190966365153,0.09035488047857254,0.079489118980506,0.09273148993291075,0.07729464256554701,0.07462570131882201,0.08135520409401834,0.07890548725556529,0.07192353548985769,0.09899553550966339,0.07610357848669326,0.10560581821806943,0.07984186430722251,0.11656496067919758,0.07314862787679255,0.08267032967753135,0.06207115930045021,0.08711253382949538,0.10078274137807876,0.08319528656291339,0.08345867453199717,0.0956362353959326
adithya,1,80,0.08464896674815717,0.015319349598955295,0.11931361261708669,0.15687412191882316,5.313348637250293,0.059208002849691535,0.4219141335197749,0.19805561450169254,0.200239183337229,0.12438491106189192,0.0905044633790306,0.08001449918122919,0.10619822098306861,0.09051034984502793,0.08180328012070455,0.07911009271389413,0.07218506315093286,0.11045620367749497,0.08966799516956192,0.08910885057062834,0.0754656922862634,0.08325722440834525,0.07118186210755846,0.08398020880246362,0.10854966059744668,0.08682631105983471,0.0956245399333476,0.0615145557176779,0.06928236388809124,0.06453224428737415,0.054496859998840255,0.0999669893480678,0.099100038934817,0.08299240536529814,0.10383091690192173,0.06427214920799612,0.11030727416259237,0.10923234005926048,0.07006219193187406,0.07936402318846833,0.09488239779516415,0.13001080699934867,0.08515613321811123,0.10056681058391649,0.055466912062343915
adithya,1,81,0.08237336682844787,0.017555312837330472,0.1258476765128737,0.10376330210238441,4.437436186478048,0.05657418422345482,0.37747316783941126,0.2065403523660549,0.17826521247253635,0.11671692695807681,0.09677583039736587,0.07329384458093373,0.052538969097823615,0.085828346104589,0.06315964108625266,0.06555915835162641,0.07625477759486254,0.0903680308729053,0.07687739025075445,0.0914325249753002,0.0712718782821501,0.06863019275059606,0.08303863145373831,0.08585141557587819,0.09546041794107785,0.08008761890230252,0.08834890470361995,0.05366912188386265,0.07016115784492875,0.07750628070789271,0.08636779622110866,0.09251670178787869,0.09109020822332888,0.07592777347546237,0.10154356995758074,0.08731271792509414,0.09876960946553635,0.10129531883289561,0.08903658248807154,0.09605305050528415,0.05334400290255788,0.07960910413239346,0.09984812308672657,0.08393357679965911,0.06450309626929157
adithya,1,82,0.07651499647439444,0.013860907449592376,0.095688909145343,0.1125658985503992,4.835514247309817,0.0600474929092112,0.3877011405483319,0.19000619961630208,0.1932719423941575,0.09766453790377935,0.07969825211667597,0.08860302721209429,0.0903915028456334,0.08469070134499464,0.09128917750578747,0.061126694140582964,0.06937782845362277,0.10588503827141156,0.07314532796941878,0.08994204521315709,0.08393679718412755,0.06934100484008639,0.06850821304571074,0.09705450744709543,0.08219646535607619,0.09289911962640804,0.11579362248023811,0.061820421128269444,0.06670790913799815,0.07487331119091452,0.07864152573291922,0.06894655293394236,0.07877506913924162,0.07954412694574149,0.1071507685038369,0.06868186171014533,0.06355007371361421,0.08157755606396126,0.10073262323017476,0.0831057008226993,0.09243368960412121,0.08220246490683028,0.07594032258691119,0.08688360851457241,0.09520291204074192
adithya,1,83,0.07971104004312277,0.014755210409807365,0.11033145143852485,0.18486572924531547,4.9382529210428565,0.06995559087602042,0.4116194663339802,0.20770806662226604,0.20918806034112158,0.12183141506284983,0.1030245289907046,0.08551590086913036,0.09781907975532492,0.09134592503985141,0.06568804493367866,0.06936374226565552,0.07268627346667002,0.1182345995272966,0.08224127825137567,0.0873218992868264,0.08845753108999209,0.08008462765080307,0.09097330451515044,0.10455619561010651,0.06376113870793848,0.07699906056567346,0.07420903653332503,0.06564252407286734,0.06632697436885357,0.0806079000985201,0.06275863906450607,0.08244793920834961,0.0923775505869392,0.08778415889305914,0.09547048084287132,0.07870604401816336,0.05657282240153682,0.09346550842604905,0.0848998248026624,0.07000177709184167,0.0715198206687345,0.07524367273728391,0.09712082415267627,0.08183079057994565,0.06013199622248157
adithya,1,84,0.08497093428881718,0.016979651501158932,0.12177597953555448,0.11650358162269223,5.275689164710483,0.051734521294932466,0.44435752214408447,0.1986364728945419,0.2096682211007828,0.12075574039419251,0.09340668904242434,0.10640591652216919,0.08572212616935586,0.09003465093306798,0.07577863311148973,0.06692381640705891,0.09451758172731625,0.1000301269725203,0.07906578954313541,0.06219477336881996,0.08302589834373975,0.0697076264264293,0.06583184746839338,0.08788234898495005,0.058194947526633546,0.06988883596218169,0.08330138520641206,0.08264718250110599,0.06849576089405073,0.08614641664535103,0.0695318872574107,0.057084240001211026,0.08259484971277832,0.0984335351066248,0.10206347955845252,0.07924636736759069,0.07153058110044161,0.10245111101095566,0.0906948760073107,0.09347949802379894,0.06807669820118145,0.08308590528231742,0.05906207598690802,0.08174679356906821,0.07963603547418453
adithya,1,85,0.08803017167833538,0.018168561900007117,0.09532137216405315,0.16390189907272795,4.760916468783063,0.07525672853038172,0.40009254054956295,0.19857808489076953,0.1863175496105461,0.0827276191305773,0.10598782860329942,0.07993774458296206,0.07993392010117063,0.08536454855073933,0.0806499215219347,0.05661399481734887,0.07340760886529282,0.09765302799774243,0.09492103506270705,0.10446206036598196,0.06901451506871434,0.08572398323959803,0.06882099446350398,0.08849617733900751,0.07418275187265362,0.08101956061833569,0.08561789499804719,0.0769051660235779,0.07133721712075586,0.07190743477060765,0.08077848522812354,0.08977236336220794,0.08573030901150995,0.08553848086252147,0.08190649628813042,0.08684184995799266,0.10718174501048858,0.08174071024183628,0.07541233498094577,0.09186761926946352,0.0920348294534388,0.08041760871356957,0.06655366442301802,0.09958099415445376,0.09918003634551704
adithya,1,86,0.08419722275011392,0.012371327485477007,0.10302446114716467,0.1496789143652153,4.482760382490607,0.06143260876443557,0.3937357028597553,0.18975121554560823,0.1918257172201685,0.14513769609299507,0.09200214822024214,0.08760720881489155,0.09503269412083008,0.08436222514106095,0.04913126140536314,0.07117477355701299,0.07603346318700692,0.11104736146828242,0.08376905068812646,0.04522321320098993,0.061892254784487614,0.09141240338529086,0.06547599594301862,0.07558371978566321,0.09561815731779141,0.08128710562766872,0.08661964451100816,0.07823930951061973,0.06582421172922645,0.0676900221381542,0.08256744873030716,0.08067575965744829,0.09688362990689328,0.07107867308499527,0.09801057684464366,0.07451802425508863,0.1428047257339148,0.09773458292801362,0.06606187560241011,0.0680007197448096,0.12242628290261238,0.0759769835294731,0.061171037895203964,0.08069916873040954,0.07413621756727046
adithya,1,87,0.08609625661450186,0.014122430779760728,0.11312552604165532,0.0571055721048644,5.230717753251132,0.056301206576429515,0.37876183023980836,0.20015212264284676,0.21236981958879514,0.11100772177716635,0.09558713578102865,0.056549767029906675,0.09871085340060279,0.08626315510624326,0.08749356816430533,0.07057875928976379,0.09464640822736459,0.09913004515113448,0.08432868962213343,0.05968754238993256,0.08293353497861045,0.08320358190032791,0.07190014612197361,0.08077322014630522,0.08974340695482638,0.07966166495155054,0.07687839759421555,0.05460280725834572,0.07440602428544008,0.07804575222397572,0.08967095304897073,0.0840590003384719,0.09326284245081742,0.07753715511699782,0.11055910710383754,0.07656313705751334,0.08461600114533459,0.07751399490907689,0.07975373111397857,0.06913291583477213,0.06569067185582836,0.09275996344025854,0.05947570167270925,0.09225683452150805,0.09079117249132204
adithya,1,88,0.0808017343893849,0.015952375162653944,0.0840081315695178,0.11798083075467626,5.487483538754869,0.08282420080486359,0.4247746999636071,0.18219194730586033,0.20181245239924891,0.07989382833554869,0.08652549484458934,0.0836388767213991,0.10393940690464705,0.0849652601611866,0.072539369244739,0.0712954971110844,0.0967083763288965,0.09733303332403428,0.08412268863218099,0.004300263571920829,0.08054585361534694,0.08018647203536995,0.07357455871197816,0.09237484481655972,0.09678757991034781,0.08916296525039664,0.07303261976564376,0.07467128822518555,0.06827753620065623,0.08040871678406343,0.07036837252973972,0.08539301922202498,0.08179189018065453,0.08691626487957063,0.08336539990838177,0.048555138337013345,0.11849881628866916,0.06672558327675651,0.09294658461697787,0.08126590821361557,0.07512403685313405,0.07868234513027245,0.07320774851525177,0.09583555914019674,0.08779311546969523
adithya,1,89,0.09266554534185076,0.01498526669343578,0.11024697118103513,0.13470047514554523,5.148723142881137,0.07582397884911297,0.36321896187549707,0.18804439891381697,0.20922386986745986,0.11338633735660816,0.0931832077271188,0.0891069970296344,0.08123352377482175,0.08489105448505706,0.0659564954737696,0.07684488054710578,0.06297258497743086,0.1039737605562598,0.07584565306177836,0.08095179748646529,0.09850263599064255,0.0841417313178361,0.09395201344392098,0.08843518355585701,0.08528163829219984,0.08458137661658674,0.08872923352786337,0.07036443786216176,0.06515210555574777,0.06681351785221572,0.0689880088200064,0.08900694295733157,0.09510851698677238,0.09354916046056908,0.11683374054096486,0.0751451242020557,0.07348307178675234,0.09139615499678992,0.09330878187773328,0.09331709865551979,0.06446261178009066,0.09618719667329338,0.07602427032007178,0.08102891279223515,0.069832269859482
adithya,1,90,0.10076748105680144,0.015118897281433676,0.1064530719888089,0.11074805793362068,5.681127355837047,0.05146808026667112,0.38629385945354383,0.1969361765228266,0.21905890566086553,0.12046026224693573,0.08361170913766564,0.0794622428332023,0.07484377600158168,0.08303205161220352,0.08830217780337865,0.07175026528987552,0.08760955647927865,0.10495569035277158,0.07709349681735753,0.08507580127806563,0.09393971026659523,0.06668464509484887,0.07558661497802997,0.08933930288008564,0.08312285207487391,0.07787902891471404,0.07808615561517743,0.05799026044788263,0.07095110436656632,0.06769833892695411,0.09794845391717383,0.08409625926268462,0.08087903371879374,0.08158725694801303,0.09733863739482482,0.09086419711979792,0.06845158584676708,0.08181887276827121,0.0874326443422662,0.07724784603277654,0.12443279961365565,0.09788430238383897,0.09336018669152953,0.08446862317912973,0.09292198132609336
adithya,1,91,0.0821590517869265,0.012420182123396586,0.10472397703565266,0.1299565760491479,5.3799629305530665,0.07231878920960705,0.38565712356020515,0.21534441063390938,0.22624703749120598,0.14726607067596956,0.08813340726178479,0.07978954928181758,0.0994338967909677,0.08526595597385828,0.0776276309794002,0.06495326911634938,0.07411100323431533,0.11064264437450091,0.09180841046892653,0.08498155267869575,0.08697823082505521,0.08009309213096782,0.0955226270258398,0.0864733229508188,0.07424802353998279,0.08857438108832819,0.09628868044678478,0.08650895936672046,0.07773891611029184,0.06727678781806266,0.06721337683358114,0.08778851027620306,0.07281291252826998,0.07602058635956567,0.09493628387160828,0.07344347731183876,0.08838625729733487,0.0906659878767134,0.08142750993969974,0.08873765499120882,0.08547732945281258,0.09432267937025089,0.06963973165601084,0.09556665445147905,0.1006461317419463
adithya,1,92,0.08444904159759367,0.017186194686756136,0.11702807709828199,0.16960602864690272,5.092054842997992,0.03936040137615285,0.3882851357696338,0.1994468552188362,0.19397201281846355,0.12517200711738213,0.07553104974458315,0.07965886212383272,0.06326708933577252,0.10383735542172817,0.08981666564055182,0.056959509975590294,0.08947829041813866,0.10215656131460962,0.07614101846561794,0.04087006867849245,0.07592002394688023,0.06969246867440561,0.07006778968478698,0.10435024135211203,0.08881945929081407,0.08982021707414618,0.07054924342053293,0.07429378499588855,0.08148419693551101,0.07624713378529908,0.06779863942185974,0.07910191699175856,0.07964785274504162,0.0934831094442083,0.11849251736502434,0.08057122677813944,0.08627857823352804,0.10299106411460154,0.0995525105981496,0.08702551751656232,0.10631686966020257,0.09741305205482442,0.09599389745135281,0.09407673473324238,0.09388931333249612
adithya,1,93,0.08412673429871216,0.019725945559529792,0.11296257830944734,0.1305022495160192,5.414474711908284,0.06492520595228453,0.402225758108557,0.19671515328176004,0.19214606412611765,0.11628735566438149,0.10990166789232071,0.08176607777047946,0.089361605760626,0.0867188281278586,0.07081480096656267,0.07360436388901218,0.0719815494089921,0.10014535974389067,0.07948962114930277,0.06767847879381164,0.06499696330218045,0.0767457820081859,0.09576613235758702,0.08269313574376594,0.07547712275724175,0.08285103860224943,0.06742649633431792,0.08304041551856527,0.073332866390595,0.08345440713526905,0.05793041238598583,0.08638990505893038,0.09076557346459552,0.07839439954792585,0.09821465139844891,0.05671985740556283,0.08440401508575683,0.08207763842557378,0.07893330042811343,0.09261074155421249,0.11341926225381267,0.07575148533700957,0.09486991446051501,0.09846489604763298,0.07855593001159586
adithya,1,94,0.08196450966645744,0.01614080309817776,0.10600024312656323,0.14031339732155126,5.915902858945293,0.05784084833434282,0.3717320322809492,0.19625157408928784,0.19164958936036816,0.1078517491065503,0.11479810890262646,0.08473485114607783,0.11655594934214897,0.08187367349446288,0.10714261517418008,0.0618673946360717,0.08356620431049908,0.10350205664957908,0.08062435989259825,0.062094185597756854,0.07455227441268975,0.07269748473513894,0.06900754538679554,0.07188458271277605,0.08061967915328927,0.08503056544369318,0.09398036600476452,0.07048218471817728,0.06886341253987138,0.07704684499128725,0.07256034365045809,0.09410546287057356,0.08280219843470765,0.08118017608635245,0.09236675207648434,0.0775764478671763,0.09680343178543166,0.07876947333536177,0.07863211270629993,0.0900067312700576,0.11498758872935022,0.07703906442910116,0.07554404025636541,0.08349830800561155,0.09896457988450728
adithya,1,95,0.08640325764300519,0.014026776872196077,0.09096453289085113,0.18242335101446258,5.546988787422518,0.060488217128399545,0.3984547819260714,0.18632465193370348,0.20215819939140386,0.11198236377605474,0.11101249256380306,0.06774279165177809,0.12005316941412982,0.084373747191936,0.08264088920739485,0.06822100237757446,0.08295374691296624,0.08981780532986124,0.07887522859326467,0.0738698375757265,0.0923475595258392,0.05582972809371624,0.06931352670643248,0.10426346881093564,0.0790157135166805,0.08189958071038482,0.08183855517756962,0.052885606857217014,0.0707794904196925,0.07418565219973058,0.06679572350565303,0.08513770896978076,0.06994223799199845,0.06250853214630393,0.08257221852277384,0.08113922575861332,0.14360860871304112,0.08307431816322025,0.09693374398251892,0.09103730038356701,0.08996635599744861,0.0953640352142158,0.10471513419594139,0.10199182590761248,0.07152522499849909
adithya,1,96,0.08468698667884407,0.013883717777861154,0.11736505304505865,0.05839062409399963,5.688840330144889,0.04284817077941092,0.34002918024124457,0.18773347972400603,0.19625868767097937,0.11523972105246019,0.06229168651755593,0.07985827128013857,0.09631570106668216,0.07596987884780496,0.09680136260510308,0.061221663981748664,0.08166101764673633,0.09436866691403945,0.075912004072652,0.06625459672714765,0.07661809229024957,0.08724305668410713,0.05439456851096994,0.10384825549112434,0.10642304127220223,0.08443871609374562,0.10777563048763994,0.05957717413675256,0.07816500861102776,0.06996000004673647,0.07953763019102822,0.08623185639134485,0.08834075303378054,0.07879209589472555,0.07042006796551012,0.06993978244824926,0.10226354272400871,0.08935344977970869,0.08103038527893694,0.07374543315569414,0.09445975287427887,0.08503983312517156,0.07537248327952228,0.09282025398499698,0.09022599540089839
adithya,1,97,0.08728816498385084,0.015071797411733612,0.10375707954153227,0.11730871275549079,5.203537537212722,0.06315875936823533,0.4000002129473614,0.20516362021702955,0.2013397262485933,0.12030817189118839,0.11653080350777872,0.08968548042144542,0.07292322134380579,0.09030973897994689,0.07261857250259052,0.06796805127647239,0.074977318785089,0.09459479334816183,0.08082122335974423,0.0525906015173732,0.08060751097026078,0.0951151447681114,0.08775168537357819,0.08982356126412547,0.08586391963571702,0.09004862154291382,0.09664597934973104,0.06791747414763187,0.07932165242037953,0.062475443567729945,0.07663818416748704,0.06810483122003474,0.07765511051512741,0.07507641330808767,0.10340087173353489,0.06916857736094309,0.06586759579820631,0.0795111839891141,0.09000948914042199,0.07494343053064577,0.10164885059050992,0.0835139534005906,0.11246474382052231,0.09562079964333567,0.0872013662403358
adithya,1,98,0.09047962056935897,0.013990447288999844,0.11064677785745866,0.11867219068350533,5.366358898969279,0.06939738801969011,0.3361778116132379,0.18612160870730493,0.2346628158006563,0.12271648215692933,0.11572109349698076,0.07518555906290939,0.09002299905897507,0.08764943713147004,0.0782872797358611,0.07005312254643259,0.09210034389589818,0.10505348877374246,0.07954887353101914,0.09888970273445867,0.07261615579413205,0.07020667385644598,0.08789921027863978,0.08862126726454521,0.0814216945138258,0.080622199007661,0.07950260487360786,0.06960802744469075,0.07885317589119836,0.07264877819235345,0.08495605026219176,0.09460455269692908,0.0738112515139654,0.07987389011798522,0.10138967913920789,0.054724261019987785,0.06978530261983099,0.09390965731872658,0.07727585552728188,0.08965974796169868,0.08300359980265086,0.08793555968128879,0.06432795462418092,0.09076356215667891,0.07250685578304836
adithya,1,99,0.08109596685429091,0.01563041991271554,0.11502954463558798,0.0987924359380811,5.1862533017141095,0.059328604266652346,0.41492467446060377,0.20570826559511116,0.20062721063417097,0.1365759187514677,0.09000363424522802,0.07946432469918255,0.06642015399297035,0.08072160155084777,0.11032041304584811,0.07001587103786353,0.07993184189060357,0.09583475416042003,0.08559293955253511,0.06506633437875631,0.0700766722738153,0.09175300397678599,0.12853451284068476,0.08957747782718857,0.06859444925397168,0.07599050576157011,0.08058041027146086,0.07009184890255626,0.07921801996775288,0.07653393122839701,0.06382761371044529,0.09577740614082837,0.05938430112581934,0.08318679575423982,0.09939070736784542,0.060346234977459716,0.08640511717583199,0.0733067658018205,0.10166725885179059,0.06022712423709915,0.11262106102578318,0.07041491473403667,0.1070998406563953,0.07943162401650447,0.09228917641465138
adithya,1,100,0.08981985861453438,0.01654004397747593,0.1079504942379226,0.11578156643416389,5.176675333638258,0.06014094749504128,0.3689663046509277,0.19654268984666953,0.16844210647778282,0.13693183923689106,0.09875920843042724,0.07355740004547975,0.10082456576616096,0.08624644742106345,0.05501350293753092,0.07003076916121104,0.08533832053473604,0.08472541784676306,0.07581194315661476,0.07048827894328012,0.10001806281456545,0.0750522335494662,0.09038617258230515,0.08550139419647648,0.0864643348764069,0.08973728570328207,0.0804687840301034,0.07635205359061449,0.0748271307832736,0.07481536053363062,0.07040414882372817,0.09504139117577384,0.0712907983899352,0.07689705570010527,0.08933911016977544,0.07079994988974142,0.09238596280351734,0.07998092771034473,0.09328142782973041,0.10197190112354482,0.06621761611037975,0.08845758414042089,0.06495585968469259,0.09129792709572368,0.08248986556988341
adithya,1,101,0.09048281411599286,0.02308049544174986,0.1276207750523942,0.12267096116527391,5.465738371917479,0.06879104138178908,0.3782618438803323,0.19083123593748572,0.21060242466719947,0.10095035085887638,0.09538645689928577,0.08191488488327979,0.10382697313605277,0.074688675220546,0.06299268453391418,0.061860802665057335,0.08260665232454069,0.10681319611891502,0.08014457230658026,0.06059683194457716,0.07335916044297545,0.08069906064243415,0.09918702351136327,0.09030387119554802,0.0799063587333763,0.07394260555086979,0.08841541287557768,0.07025356492105952,0.0803896489047142,0.07588217229709986,0.06898309675982214,0.08173352622225365,0.06971010385294298,0.0907927801662275,0.10828405893585977,0.0704727052647187,0.11720624706627548,0.08744183349333667,0.09394020934093707,0.07270255900871755,0.0692082517079439,0.08146751301590416,0.05265444926763334,0.08965234765843272,0.07984516064956491
adithya,1,102,0.07591785503245335,0.02147429839165818,0.12186944372905326,0.13519023581013873,5.119734278335935,0.056622277742709885,0.3993503226258033,0.18416434153889114,0.21836983707303712,0.10801785372646272,0.09798442163679089,0.09316602312477715,0.11996687203065926,0.07832573473972476,0.10070809609919973,0.06788876710387812,0.0835516575716423,0.06719201169394487,0.08898667730641498,0.10355778136946041,0.09995033083353158,0.07070712294596322,0.07021837095625891,0.0887999886400042,0.07791476824056913,0.0825342090562478,0.07481914091730175,0.06694342121210252,0.06898211633828932,0.07915016556194554,0.04477032391763611,0.06503610709028507,0.08035607783178203,0.08087746276866987,0.09700331905297414,0.08287261863318282,0.11535378129847156,0.0650355351187551,0.0737158059480209,0.08526577375583873,0.11334290549659924,0.08423735551882687,0.07495210780073033,0.08715471871011338,0.06610995214455198
adithya,1,103,0.086549517758613,0.01991564395656009,0.11185031075818626,0.09697073296679459,6.045227050328152,0.04612656283729308,0.4082223608474656,0.20241270730573566,0.18298160246811213,0.1293816357051174,0.1026109958050908,0.08273614904084768,0.10794865771293027,0.08287394947849941,0.0970607867334741,0.06938072430905617,0.07909984256736967,0.08117977423436246,0.08592091597525396,0.06301427616564881,0.08624526118751194,0.06010424914500543,0.04816334849103586,0.11731025023024017,0.08347500318574376,0.07512602516939415,0.07455022438931827,0.08679943835019559,0.07494938968715807,0.075787589431507,0.06670381648297857,0.06644601697678024,0.08662039253270239,0.08451182864811636,0.09290064828736602,0.04546097812273775,0.08650208093759236,0.07694311226822233,0.09851987515458248,0.09440039701489443,0.08350568230520976,0.08340275687960515,0.05472810662951971,0.08582872790504015,0.06895036526348527
adithya,1,104,0.08002658148719617,0.015773028527161045,0.12840252248974693,0.09123418173449319,4.927812876886709,0.06731167232204965,0.38876829179260275,0.2052065476486781,0.21658484696943694,0.11523522689466745,0.08835318608620868,0.0662425995811753,0.10160601631300803,0.08360442188077459,0.07966849612957241,0.07020028648515328,0.09314855432621304,0.12679411609873611,0.08367924971747795,0.08691058989451712,0.07174775805776182,0.061860836051776294,0.1053813742737135,0.09592834035435585,0.08888201954067898,0.08983885287525153,0.08720209950688458,0.0653261920181403,0.07117022120041563,0.07321798378420448,0.07513023365217807,0.09076997105668198,0.0827248242703738,0.07652935773688849,0.09237501277089197,0.07211026020767661,0.13337692775385546,0.08157665928217504,0.0779322701539437,0.05648830487207111,0.09528904750603388,0.08444910117187754,0.08290892714967778,0.07983227765530407,0.10012848555205467
adithya,1,105,0.08328689093427935,0.015018385526882692,0.12165850674077716,0.10472292209167641,4.973077508101554,0.06473429492014979,0.37270264305757267,0.20591271768637026,0.21238090100980983,0.13044412529146107,0.10137789646341092,0.04693120940152742,0.0976496212476209,0.08084520532826668,0.06187741827951661,0.06374861716982272,0.09443498776224872,0.08886472139035875,0.08335469475290752,0.09048047584706889,0.07641455965328646,0.07930033155611768,0.0543785423994704,0.09479400168319127,0.09753273980302626,0.07421942621692196,0.09005615827716014,0.06312905294383118,0.061485176407661,0.07052348303613777,0.08585056468894492,0.09947174085716372,0.09904053313222308,0.09157763158616403,0.0947479943898874,0.05558094254455545,0.1004934435628167,0.08832007480321294,0.08558629322986117,0.08144629596261942,0.061830101200342574,0.10086510739624892,0.10902193572654287,0.09591026017345507,0.06596537968823465
adithya,1,106,0.07565286214075485,0.01787132190120506,0.12089147590385126,0.10892663496087425,5.264896082451293,0.06529529184359076,0.39434575439656383,0.18258202151664146,0.18312734028058228,0.11979435913730424,0.09648045253965737,0.10002518883454982,0.06812015128202913,0.08244059535940103,0.09451728740968966,0.06870785028221035,0.08016972035012451,0.10249454216832218,0.08274720941204775,0.12451622136487955,0.08789137171777413,0.06922921934617712,0.058892514070929824,0.09364194821879807,0.08501308579660195,0.08341508736214484,0.08584101895615058,0.06073917140791212,0.07113079844015971,0.07214695277183848,0.05091569691295847,0.0780679360274452,0.09437255649028739,0.08703334863029441,0.10045454610114637,0.053712325958078344,0.08541165343335017,0.11158509487670284,0.11130267616674286,0.08281989462879094,0.0940923498705294,0.10089453644774145,0.09294480700978905,0.09147493852326469,0.07057835500023042
adithya,1,107,0.08116860683857641,0.011789972194456603,0.10880850029597966,0.10179101172430324,5.032218332773274,0.060538331319173806,0.3672942729590244,0.20714847114989113,0.1741838936838626,0.12329921086619529,0.09678012082360164,0.09409128000564548,0.07899291577325722,0.08639638833255753,0.06602485600333155,0.0588005899334562,0.0910223991093892,0.1137237686694628,0.09012397486573666,0.06847136437746741,0.09005546761650265,0.0675099550654214,0.10761354076681535,0.09894635161665011,0.0920405464770811,0.06737864504107491,0.08957076372735849,0.07078744331954376,0.06781362734409524,0.06879112728629942,0.09209922174347245,0.08568555610009632,0.07923246582878916,0.08450776368027285,0.11329495043286063,0.04322211984481968,0.0923380600926427,0.09364053870678934,0.11099023569495524,0.06698528299902984,0.0748259937435953,0.1118093581629715,0.0844997305586444,0.0810746053078859,0.08927183651212305
adithya,1,108,0.0812476060358508,0.010498180587920663,0.13512543426024853,0.13289547174067992,4.97882649500567,0.051745063477367355,0.3628432752599955,0.18925526495097272,0.20925907868733135,0.11664077715458433,0.07721916645541066,0.0897221427757419,0.0989475994840278,0.08983027368177007,0.07591203367219185,0.06934999275706182,0.09876627404474106,0.09851922747790705,0.0762664538565628,0.13641493788814618,0.07631893121472148,0.09193749167082091,0.10152779101019963,0.09346169813334206,0.09647078101833634,0.08427444539971463,0.07832586234887293,0.08320431447925318,0.08079889304551957,0.06715014973310977,0.06345167010019076,0.07979594331643916,0.052991383402705254,0.0797806719458007,0.08515681662605935,0.08375465799208755,0.06181532407808549,0.07912635761837619,0.06806233006503046,0.08208581205474368,0.10432869613183768,0.10010072419535936,0.0825566344780338,0.08826036103598711,0.09047577336979869
adithya,1,109,0.09183650746934081,0.015447487336590099,0.10465180923168224,0.1494062768448653,5.462628518436348,0.04354382227812489,0.39741701891811665,0.18260343151573832,0.18204469882410915,0.11487558593331734,0.06351217415710234,0.0625981653045548,0.09412043141053807,0.08513960726201124,0.07731865271336942,0.07102256334054485,0.0933738577239115,0.11235854637449222,0.08083179414751135,0.0667648531609163,0.07838197930587312,0.09320810647232639,0.08885646765827428,0.07556384702283926,0.0953701208986134,0.08949128815108578,0.08350127604570746,0.056421860493719694,0.07135617274484955,0.0678214841906598,0.07182535138870624,0.0558039803795214,0.10340679228148089,0.07390023208082833,0.10435820945439947,0.06186132151640324,0.05945212279869297,0.08801219850052135,0.09819662085573877,0.06904395335198929,0.09815455860343227,0.10677864361411077,0.0898063723896651,0.0864292546187147,0.07702866367554356
adithya,1,110,0.08613216305948604,0.016412469060449218,0.12439068119428794,0.09177819560928878,5.467337394513893,0.07174628643138209,0.3871405429056788,0.18438492201532786,0.19449437689861712,0.1252792498875122,0.0890388908244792,0.08398639435284758,0.09176954597494286,0.08991700190095861,0.03600439080772336,0.061847128392160194,0.0849520071971311,0.10618421000203006,0.0811298349393771,0.07922646209065627,0.07097587522895232,0.07682352062097175,0.09530043730323015,0.09298173014749996,0.11360110943436,0.07923641953287903,0.07474777605919451,0.09517402211780676,0.0696673078034477,0.05873690012244301,0.0914810381248819,0.09095215630185073,0.06978808043240822,0.07761886725295097,0.0888778889884446,0.07441334613607678,0.057107298518776044,0.10377105497948566,0.10487736330317081,0.10148186739640494,0.06759135436400711,0.07181700601219075,0.0783746549159974,0.09405661840874117,0.10297557311041583
adithya,1,111,0.08398507967171044,0.016546508966311584,0.13432231492256724,0.04660821028663999,5.695198450044514,0.049383032722250496,0.378059025723313,0.20919016944445815,0.2146489564308327,0.10916588741870009,0.08495983402214295,0.09486104316397719,0.08511198514617367,0.08000499595592575,0.07791762566840578,0.07796627237903457,0.0823558464783907,0.12537771913566081,0.08027461744809021,0.08658604339506137,0.09108787422992111,0.07890299899645026,0.09343088584433665,0.07728823719446251,0.07936030151783344,0.0813855158772868,0.09789586831769645,0.071385746142771,0.08454698482800532,0.07275543519293304,0.07505496782187625,0.07899437932882947,0.09997217413037053,0.0745246199150582,0.0953436863218421,0.0910490567085132,0.038716171550803126,0.07761528260754061,0.08847036060038573,0.06079407775071281,0.07947644545130048,0.0897364377364352,0.08158980687175407,0.07984572768672783,0.10170119583694871
adithya,1,112,0.08549279711619438,0.01869454483674929,0.11606622506517195,0.16471181540786534,5.630904624525191,0.06307918658301828,0.4052336120493508,0.19946219877542906,0.23005947110143105,0.15284063962510774,0.06407315561967881,0.08548192318174566,0.10143314359533422,0.08693099813528041,0.09140507333999924,0.07483878751021367,0.0921788185869753,0.10471754627245669,0.09047098302906824,0.09274992942771348,0.07746633918275668,0.07024963554618506,0.05910264125471475,0.08532565797059645,0.08856183432175593,0.08268800697697708,0.09755961717605348,0.07209909173857408,0.07402041213483043,0.07787931591235114,0.07908199541836926,0.08813332596203441,0.11879227876261599,0.08041934703976714,0.07263544179556203,0.0890027351796014,0.12738898032172435,0.10172755945223644,0.08317191685962888,0.06346932927137258,0.11037093384579437,0.09313694032993444,0.0632246559679981,0.09721024394609298,0.09540617642131385
adithya,1,113,0.09160015272912017,0.013537184968732761,0.12518206636217277,0.14561425907847114,4.663246520351482,0.053128592557215706,0.3983849705358456,0.1998554212707845,0.1962893007166016,0.14007382816554814,0.09053683879664028,0.10599073206420562,0.08224413664839583,0.08784653276679721,0.0606136082925547,0.058618405625060946,0.09536388224973419,0.10634158440624969,0.08577686875882093,0.044492284117657925,0.07970074937825186,0.08912600343180259,0.07225874644200607,0.09502232589777145,0.075457654584565,0.07240217076932381,0.10740020366476216,0.07747504032517857,0.06626772234282607,0.0787288565301734,0.06968263430060627,0.07980638436797681,0.10584344515223107,0.06030976031569209,0.08727056129383268,0.06338936255285696,0.1139483098390317,0.10699229069893686,0.10594321560352724,0.06452032195610308,0.10375660106301955,0.06437506502615595,0.09565372764291147,0.07756156351650603,0.09799636175188778
adithya,1,114,0.09285936766898227,0.012919828230690916,0.11927292763139474,0.12485041236726138,4.869117054647944,0.0634029960054916,0.3697848505015905,0.2012968289324077,0.20724152265413137,0.1108728657602055,0.10407685662343232,0.09057379585872102,0.07937452892062402,0.08206479393218358,0.08739272324824018,0.061136254469383436,0.07263200193552061,0.09893944934027663,0.08017690897338303,0.0724869044015532,0.09952440511643226,0.09960875540261217,0.0841619891187366,0.07860513341114346,0.08798104991762606,0.08035682667735859,0.08693359821723737,0.05811104276681536,0.07686927461192822,0.07433958325402609,0.06890499207523522,0.08211008281873007,0.06979718880719082,0.07547185973000882,0.08936549576968685,0.07290909239127177,0.08787123492902252,0.06829880848690192,0.08416873665608406,0.05998266442125892,0.059808504709558556,0.08601147789139277,0.12586591623849816,0.07917283513006254,0.08730137029356319
adithya,1,115,0.08100339802858493,0.014062214405451325,0.12572442193939593,0.14797583981142334,5.330916310908218,0.03590067224569339,0.36288473008641353,0.18641546895230257,0.21177865053132044,0.126794149987251,0.08243592432840043,0.08110507003906008,0.07224507860055183,0.08654765062762018,0.08172189694105916,0.0659201951685957,0.07277396992227958,0.10260673390370562,0.07618356296204776,0.06658214270657244,0.07406858819701742,0.07843292773035267,0.07378416958406582,0.09062398710762817,0.08897675751146462,0.0768774960096557,0.10083800278054803,0.07331167275795307,0.0740106211838585,0.07912329475083549,0.08205626210955715,0.08248922180338855,0.08109705281133633,0.11292781195860309,0.10881008835786629,0.06893577956973367,0.14587127856822393,0.08651962095965958,0.0741849317747205,0.0774427321769478,0.11403966034737811,0.08433655427698933,0.06114146850651141,0.10329188083477409,0.07253516759507155
adithya,1,116,0.07621732863020844,0.013985698562985413,0.09940089081652684,0.13384950565820827,5.211037323835954,0.052200226366584765,0.43768843332232693,0.19878754377606092,0.18515078570851992,0.10195220985871836,0.10179227363278151,0.057147307547657254,0.10153696234683748,0.07708633521085415,0.07752506522777737,0.06016070239148008,0.08309185455255341,0.09860260379563757,0.07674713595535057,0.07020793661321297,0.06642874754056176,0.08660547370239167,0.0832265552496191,0.08732619990227278,0.08285671731316518,0.07359087214624892,0.07537231444181781,0.06685193226190166,0.07592774884927377,0.07213921104336193,0.07323126014424122,0.09830717514201362,0.08655583344640984,0.07920670223541096,0.11384532975483865,0.05538496430872422,0.050959867577695744,0.09261176137632897,0.05942072305609855,0.11459311090706827,0.09778440909812057,0.07682621074198331,0.08591157421827944,0.10058842874438013,0.084217026115322
adithya,1,117,0.07426553076797583,0.016847121914910043,0.11918330518417719,0.15206262745075844,4.452899301969093,0.06881938402529404,0.37980673443766544,0.1839122982600343,0.1890077761386962,0.10668213037110774,0.09924899383677761,0.07662735491751312,0.0870101049862684,0.07347101603987512,0.05674526781670965,0.0671974730725289,0.08724738398751095,0.11774458965004113,0.07596211586002471,0.09240303554936118,0.09210159180734194,0.0753172982231369,0.09489829883230311,0.08327204866287485,0.10169053520017315,0.07100202675800484,0.07899423182848618,0.08797654924080445,0.0777030374472445,0.08169353022623263,0.057411135278616285,0.09174986717368869,0.052828525823522016,0.09047409289690111,0.09818766815606675,0.0917560726225003,0.0985617330622586,0.07747222790169402,0.1099453098928771,0.07354440172559712,0.07844954197490285,0.09522735424230637,0.0848994880576106,0.08971463732515442,0.078518368692687
adithya,1,118,0.08261072430843729,0.013553638392434226,0.1416832175057192,0.12858760923684318,5.61367865329131,0.07295656566493272,0.4039697124866547,0.19389548512159616,0.20449542700293,0.1085882451904519,0.09842881522535431,0.08531262086643374,0.07019451644596844,0.07321334755588763,0.06738217683374481,0.06322826807194684,0.09082518928040406,0.09529141384965732,0.08434154595254366,0.13867886041486835,0.06917613234877028,0.06522683813127332,0.09639148877793882,0.08689530899178287,0.0985519817217508,0.08182002600346139,0.08420090272704307,0.08231901083723034,0.07467152491594362,0.07156583297849588,0.05451691351943868,0.08593198128207512,0.08455652899115779,0.07712529755002036,0.10333954862405352,0.06417896735024267,0.12313515252517904,0.09114963193952258,0.06511231618369732,0.0778137512653934,0.10901786375300777,0.06927904682896849,0.08613119560902219,0.08490906512524375,0.0845891315973425
adithya,1,119,0.08391570630222255,0.019439702912373243,0.1103459795039704,0.12023976382590477,5.858686828555074,0.06543641897246782,0.4083117127635349,0.191885404815027,0.20869710653031928,0.10614661547803574,0.10104255095367565,0.10196149010524666,0.1085454559148978,0.07543743482366719,0.08419293282740845,0.07018945233647211,0.08177611259386033,0.09041894174531873,0.07637448517740153,0.11252552827054466,0.07957891847106323,0.0912229742168301,0.06642338961200592,0.09519623218466586,0.08875873518766783,0.0786192109785531,0.09190578496675682,0.05622132464343072,0.07107779335874777,0.07031785253531432,0.09587586226124982,0.08918884606762993,0.12023191137286024,0.08601865931248746,0.09443671261450377,0.08782332764591237,0.10441597581865475,0.07024817137143521,0.09299783687298412,0.07250871824216648,0.09695560699435947,0.10131942232774335,0.08832543557888535,0.0838900933958998,0.08708926037918786
adithya,1,120,0.08061318170620903,0.015145440880032317,0.08192375076622507,0.08180588223851343,5.140891058872459,0.059986681920447066,0.38259208463953465,0.22236181406167463,0.2020001968860733,0.10797177378666578,0.09180463634445152,0.07165592115227398,0.08730664741099169,0.08974711188581079,0.1037224099348711,0.07087181830673793,0.07798621168498251,0.10716103638625182,0.08313696907393213,0.08905003109827446,0.08348386622596349,0.0767835018050041,0.06883682439185605,0.09685927997755632,0.0819315647752402,0.07649872803369413,0.0752982080841281,0.07955849929869183,0.07146827679780368,0.07456814922636523,0.08713190468570631,0.0976824778800662,0.08800263893676438,0.08818680335602941,0.09506011808393493,0.056616032605417296,0.09009931499652069,0.06976037489165102,0.09999340156093474,0.08860510341765858,0.12107043589063934,0.09774601281107193,0.09947372796869008,0.08888482288975083,0.09366446915417226
adithya,1,121,0.08251719932965855,0.018473851053036953,0.09906574653372552,0.14097381124467367,5.6086905808591645,0.06455833705110184,0.3955284508700078,0.2027731114489009,0.17614886832910226,0.11884104417789033,0.09618395812004873,0.1206620929053653,0.08366238173587809,0.08013563372362253,0.08243557621580597,0.07303732639570856,0.09981465423894269,0.12339058040465652,0.07881177011277075,0.05709153677906701,0.08602005669131467,0.06823852553011635,0.1087018882333364,0.0917444253348895,0.09437600389131999,0.08291516913156019,0.08196599987133164,0.06486895801570432,0.0796600922087421,0.0773264565939403,0.08449601497611661,0.07356912680088122,0.09688524235977032,0.07252528826338855,0.100290430601008,0.0796396320302546,0.15423313304004402,0.08130147904600689,0.09359799341479774,0.06907826022168205,0.08018961857007605,0.07865790036800943,0.10906691671255217,0.08934150238197973,0.08169087279912798
adithya,1,122,0.09231295590811893,0.014887239062176398,0.12096482461024344,0.16624322434085936,5.65929381340071,0.06779845448536802,0.4112112804539189,0.20466593444167075,0.16755815025705625,0.12946117444125693,0.08846935796085413,0.09577427591516893,0.1173815419260133,0.08891109469893423,0.08355104479337497,0.07138307503276843,0.08226223746325914,0.09948061867702261,0.07836042137558623,0.07014473613444475,0.09948125952468156,0.0773769146453115,0.08292189236153849,0.09274906900722373,0.07569385409164982,0.07549381470667739,0.12189325506422122,0.07436468101198751,0.07828011299908798,0.07794650239992051,0.06235257131568402,0.08776537710103173,0.07653920280822271,0.09312974047962962,0.0938418145198261,0.07896956696171478,0.08433111922953428,0.06969711611910344,0.08993770458769323,0.07713043025608715,0.09115425126701719,0.10418778069811148,0.08301723176375206,0.0902137894941345,0.05427866776265733
adithya,1,123,0.08181093875294805,0.017494666678751495,0.11441842805992886,0.1323937678150907,5.190011474549308,0.045861047246613336,0.3830567767737334,0.1840512128464601,0.1785061768250914,0.11909719970875692,0.1168027667249264,0.06829187793427524,0.0730959220304272,0.08429576878107405,0.08021541884919305,0.05785991029758731,0.09080265391760485,0.09900074106903026,0.08040541169508097,0.058491275107419145,0.083117535349541,0.08347984540645817,0.08030201979002917,0.0837779550561302,0.07646573693963536,0.07579306274966577,0.10196853188771816,0.0680475948827511,0.07529991620650271,0.07978480488418825,0.07641070468451658,0.07540432050060492,0.0902648689195255,0.08213467846724627,0.09768888661401762,0.05796035931661547,0.08729419220145716,0.08100076414641741,0.11344137672378773,0.09728535401630639,0.10986449626304948,0.08090896049813436,0.06485903847038027,0.07594365872890527,0.07881410421099035
adithya,1,124,0.08741404812140258,0.013398187397150749,0.11720460888282358,0.18018173927064926,5.337374134402661,0.06540588459980806,0.414140588917463,0.18808234817018818,0.2046162903758279,0.12122928143595492,0.1074345308119404,0.0844024759951251,0.07658315754384684,0.08608515651937508,0.07313658972441016,0.06310363640130418,0.0767174942286997,0.09741095349341422,0.0858388490299405,0.08991369280199717,0.07316927857858568,0.08374056051901241,0.1127828124159102,0.10083476537173573,0.07119086551731567,0.0835240966813965,0.08615547869836516,0.08308238686128525,0.07032038905662952,0.0833775540330953,0.0706442229901564,0.08338234719670276,0.053287754172266256,0.07836715543543347,0.09235156212036606,0.07117487779691573,0.09935999775998942,0.10813105841194028,0.09468957392356138,0.09087337316755284,0.10583087729517525,0.08511057967004855,0.11105590876529442,0.10064874034142648,0.09087625146110624
adithya,1,125,0.08756614985896015,0.018454710092046498,0.09489578908092841,0.16133270364462735,4.967669139498971,0.05466055240679625,0.3912141889358346,0.20633006066675622,0.18328250060959544,0.1222011024833166,0.09824486479320861,0.1061494439210506,0.10196965502806674,0.09217952819891645,0.08059051060982425,0.06879426319043422,0.09471649462468568,0.12607913663530984,0.08408504522054637,0.07017159032355035,0.07129485154588394,0.07909132913602376,0.06658992359585617,0.08509478566241446,0.09167145088047793,0.0821171206249642,0.09928172691988915,0.07835329331325344,0.07053865567925259,0.07999469395959408,0.03639741019455971,0.06883961129369168,0.03529260693076325,0.09586505093508381,0.10275896903443944,0.07092824703052615,0.12178400448791231,0.08542631589876098,0.09041568906634441,0.1063844577429378,0.08209808414571929,0.11030835151660752,0.0572164413389214,0.09316577718742033,0.09836902886297404
adithya,1,126,0.07610728103876149,0.015329294220083226,0.0946238586406192,0.15165577143610118,5.184732785694514,0.06068396197578195,0.3658909372593522,0.20178630718818324,0.20002331367565704,0.12780018104658028,0.09589606587019112,0.09961883441506357,0.08763447909266776,0.08828927316675693,0.1003225020959182,0.07331075428198164,0.07806302535210016,0.10026377105155546,0.0801993754450456,0.06276901878003696,0.10415998027287916,0.08559360765101981,0.08229626629874214,0.09137330225654487,0.09305453645824929,0.06794103154374125,0.08841123149586756,0.08388153487972509,0.07594002274325282,0.07649284968759698,0.10346444077643147,0.06859333083603392,0.10068213914935711,0.08746417755783747,0.10039623584643914,0.08290949561542285,0.11046596202208671,0.09235898363414641,0.0913097049968258,0.0856451991414018,0.08556762288825669,0.11520018592010339,0.07833120321208366,0.08414942323310694,0.0654274609876007
adithya,1,127,0.0812338801392404,0.015472261711018988,0.12978913629549269,0.08464171552299657,5.203756018828797,0.06593267609630103,0.40793525702308414,0.19435856773307342,0.16808806362274822,0.10727213997422025,0.11022861864738401,0.06726294872685071,0.07781875738076222,0.08570968474229472,0.08568871265702453,0.06587633290802325,0.07996248927893483,0.10441202613443562,0.08764868108712545,0.0698156451669017,0.07417921509386227,0.09072951840729515,0.08686898015959663,0.11514569489768359,0.0711616983291088,0.07702280147968661,0.08385031856157071,0.07287330770920934,0.06501759235646952,0.0777379932665639,0.07374112621674052,0.07286443776851335,0.0967020400561128,0.08816155939145755,0.09898436728476624,0.07508505333080437,0.11423014997442868,0.08558412722238726,0.09125600562815879,0.07795451830071727,0.08905592419472373,0.08921706466821237,0.10689317426232589,0.07851113164328284,0.07423736686596809
adithya,1,128,0.08727343932073701,0.012559641448091288,0.10604293873730494,0.09388820069335846,5.570578385384021,0.06137135823813472,0.382755766468587,0.18020077853203773,0.202496027089727,0.10994505871083879,0.09924660935024386,0.081544244198824,0.07525967001634627,0.08343355951705204,0.058457519320446044,0.058545630574493315,0.0783645122273932,0.10364758224996123,0.07947782890147176,0.09254319237975192,0.0766155573721019,0.08075446028944304,0.07217874054514963,0.07576250805103094,0.09799082917694546,0.0864104071721847,0.08130318043107954,0.08038215301522028,0.07583510004467649,0.061523482600079074,0.05471686352191201,0.06883468018744061,0.09991504694189332,0.0662148399997439,0.08581256611259994,0.07589061954263705,0.1049793199901868,0.08520981812540314,0.09555694841053809,0.0792131755338755,0.11006812849129483,0.10682291560529628,0.10932827674998948,0.08050537280161092,0.10122448716855051
adithya,1,129,0.08424371125373356,0.007216111394385553,0.10251130037446395,0.13713039773146532,5.508758498032878,0.06802580027764127,0.3738503672988618,0.1945154204515859,0.19502064762289112,0.11957265921758695,0.11999045955476477,0.07362230094311772,0.05656093732492828,0.0838477052628056,0.07345301619800167,0.05667346939248761,0.08570115321941793,0.09219862132321106,0.0778234671352747,0.05843021097728933,0.06431835592926978,0.07040506315604318,0.08610847253263139,0.0862383313750409,0.09676606284761509,0.08569677839153995,0.09286986764421976,0.08708775624747875,0.06122049595911684,0.06943979443151758,0.07935626503854089,0.08049709775521291,0.10543416713909495,0.06702929838001942,0.08903894876883932,0.08898653826209943,0.11292419027775061,0.10265767223623737,0.08742701822973556,0.06966902864644298,0.11549698750614479,0.10451980773731817,0.061620123580869754,0.08665296579462013,0.0798071560146304
adithya,1,130,0.08810513766398452,0.01218145251896318,0.09472532761696004,0.11154669876639259,5.5439156602902315,0.05917065871303795,0.43307720742459654,0.19185162021882912,0.196408873364349,0.10882520652702293,0.11144964783994535,0.07628048551819672,0.09256142893041727,0.07925820953538809,0.08646757538546429,0.06815095026179344,0.08540976223880778,0.1007185804381485,0.09179101751263495,0.03860818706843132,0.09002759380647883,0.09804612318274378,0.12005764124603778,0.08290613732796959,0.08415158829210698,0.08170239336010199,0.08987063780263227,0.056194569703112124,0.0760910398106666,0.07003731381942857,0.06361254603956419,0.10308841742414483,0.10855522637215902,0.08193163973804815,0.08985133978399037,0.05454158481041056,0.05816886817341579,0.07453648849207097,0.09816833396753118,0.07941040437702132,0.08686688512282137,0.09064993949814776,0.06021298794575716,0.09775063756552836,0.07321268009759418
adithya,1,131,0.08229984513826964,0.01789550831349663,0.12335566266342829,0.1210653009540831,5.824224560374153,0.06092152693598061,0.4021540332474516,0.21211142744675995,0.22103195839448417,0.11233766872378907,0.11174324307557804,0.0888542895537968,0.09267505006758175,0.0824671089802278,0.06202532928953462,0.06680522213649001,0.07374726363435023,0.09531524589039389,0.0801595377007866,0.1092214891871788,0.0674991473937231,0.0841502473631606,0.07322671206169197,0.0929399636180506,0.08458408677961585,0.07753971497318769,0.08411029035479048,0.07537112576503473,0.0672597316881562,0.07869019451799544,0.08019584519594608,0.08608130569996425,0.05669961435010629,0.07142585073967872,0.06598279160698575,0.07831809006043831,0.10367486349117497,0.07739040971291172,0.1034638643536513,0.0867877310274225,0.08632374270124293,0.09454887586944687,0.09716688221638307,0.07915898845775901,0.09329973644008617
adithya,1,132,0.08958507682479383,0.018899779571051867,0.08546138935098499,0.11234182094836972,5.220017120753034,0.0635962105894736,0.36035346994001555,0.20585007020780252,0.21566140418246457,0.09355342043738794,0.07506881233673386,0.0932417497503661,0.09647422372267134,0.08099927956009988,0.0751097402872747,0.06484040827241942,0.09827140787689603,0.11081464457735567,0.08623286834556385,0.05028532559123096,0.08146156084915246,0.09236134801005678,0.0975150990126063,0.08842671914317926,0.09016055570362666,0.06690640488738496,0.09415591084789231,0.08951251289732456,0.07928889970931827,0.06703063132678325,0.07473264410450159,0.08413346541584026,0.09034171388433884,0.0873430497584983,0.10049590366325806,0.08106889966392823,0.0724086683963874,0.08918020390848762,0.06948012781132556,0.06034158773610233,0.0937075511731497,0.1118739318834435,0.09044423909706033,0.09628636813132659,0.08052170128239333
adithya,1,133,0.08774423463817112,0.01087219971228068,0.10514463645257789,0.12614146897150627,5.0445392862175815,0.06148105300100361,0.3836058467630091,0.2025331482994134,0.21705404544861265,0.09611154611708986,0.10142516507105195,0.08127472168751401,0.09048235448028928,0.08517740953064462,0.08748917903732142,0.061918188455038936,0.06468269437884852,0.11444252405889406,0.07838010486014535,0.06914701682461633,0.06794610109790927,0.07036648187535038,0.08897245323171508,0.08556964668045351,0.07515764694381813,0.08521132312752278,0.10093914318206,0.07187601340185407,0.08224927048301549,0.08005056181802998,0.08033799816966815,0.08955302804118749,0.07282398898628223,0.06797166665640764,0.08558529662366947,0.0867511563037045,0.07353721994016593,0.05937579111859943,0.10071677551814562,0.06619163521791716,0.12192347367606651,0.09102785623027418,0.08770213533899773,0.09434829047468785,0.08801604060882814
adithya,1,134,0.08863771630847371,0.016790871020792148,0.11701988014175989,0.1036853387777002,5.073564697069729,0.07289008707130601,0.40266432434371213,0.18542535189767678,0.19436090708867898,0.10306936313743209,0.09416244767710319,0.11005217540201556,0.05900211671698638,0.08380277296424422,0.09180808379114776,0.05671620851816185,0.08660230907285148,0.10934466759854058,0.08469012227012164,0.05555698903291442,0.06294990001305609,0.08293726405001334,0.07641284342159513,0.08549257536361955,0.10207983897073268,0.0684137747175318,0.07629389398392271,0.0811464196843385,0.07895596602185659,0.07701750863038165,0.09009683538628496,0.07946372642760154,0.0631669379986628,0.08482120310150197,0.08603342576804365,0.08444622345404872,0.058322837314180774,0.09005920322578849,0.08050299730378055,0.0873041322116654,0.0968106499612236,0.08660372398915135,0.06710352861927317,0.09971481942538588,0.08553026285005776
adithya,1,135,0.0834291054944458,0.016690587997429427,0.12098730935997755,0.11993395619069057,4.692708394211991,0.050292583331105804,0.4035776986700698,0.19013887769622723,0.20452923609765652,0.13067492518982465,0.11269168192415867,0.09258802678993229,0.09906723787489403,0.08336347666824621,0.1013008325453607,0.07923511692930268,0.07916444664456121,0.08284657093986919,0.07879689570131806,0.07347150995433203,0.07702161567625317,0.08454995425357874,0.11081291112529709,0.08556883997670432,0.09634295659630825,0.06674407614290342,0.08480379331924665,0.061126667125132685,0.06985869448445961,0.07337894091817206,0.09593675361589576,0.0805409935296345,0.05165112940160384,0.07518616541861442,0.09255766792147309,0.06719970898696262,0.09571272554587364,0.07998100069761399,0.08891097469234,0.04906189749555033,0.10641977340125341,0.0907106046364112,0.10358321163074377,0.0933107878816153,0.07227512832198661
adithya,1,136,0.0827185985316659,0.02141222095936082,0.11755826872151408,0.15403003623754083,5.194553439514634,0.07218830134792797,0.3540716916264153,0.19354815452287497,0.1882350311210082,0.11432621714560177,0.09623583925215623,0.08141464986656737,0.07888804041843221,0.0813938296642846,0.06577711848200493,0.0695618623902175,0.07569312009595258,0.10527468006176649,0.08283850126258983,0.0977985237676551,0.0837865225519072,0.09055678407975143,0.0468102846562599,0.09358735023107499,0.07754544098695274,0.07549987070569913,0.07447952874946426,0.0961502989757985,0.07847114846412798,0.06075510974066029,0.07367937206369218,0.07699506020060892,0.08052385924076456,0.07336662547131323,0.109800900231854,0.08506387027314687,0.058334914325683385,0.08990834420341008,0.071022058006554,0.06923496059810795,0.09438496074402307,0.07539959708691338,0.06324078443229438,0.0903646254676177,0.10784389396584201
adithya,1,137,0.08114033570387749,0.013572223959355855,0.11924368466849783,0.12424893818167167,4.939993261567732,0.07391087101631319,0.4118257914695268,0.19256213290078764,0.2043506237489472,0.11390070970768285,0.09858053059206318,0.09048970213383922,0.07757374764268843,0.08413782033974632,0.052034300762088335,0.059036896586056375,0.09952469267348668,0.1133445432820328,0.0897972304688752,0.06933568177852249,0.09082065457839057,0.07052338137794184,0.08335199497779304,0.08487147466495193,0.07652912489722531,0.0887747345835806,0.08370016000866444,0.10393488539701551,0.07004685764062024,0.06180174393965011,0.0655994327911146,0.07608972350013216,0.09264904584053058,0.09980486530998654,0.11313737726292514,0.06285280131508526,0.08346558879490083,0.07325173397158491,0.08611994035740425,0.05951721908927121,0.12137872817965097,0.10662775757319196,0.081408994229585,0.0928552176165302,0.09198080700204561
adithya,1,138,0.08078575648171087,0.012701063165248619,0.09751757423287205,0.10740855479091369,5.284618315700907,0.057347815802994855,0.4430261861228878,0.18659612290366667,0.20248663268461545,0.10376837211735301,0.08458384986108385,0.10347404604319496,0.059146371102878584,0.0797703222544551,0.09152817058278721,0.07112348428933557,0.07021932344486431,0.11627089393897193,0.08343643320431318,0.03471956552898472,0.0839493097061125,0.07881825782360044,0.06819175144581185,0.08674185694875422,0.09149407545648741,0.0934775507672804,0.1094607217023118,0.060283165065755845,0.07154835088208153,0.07133618635031855,0.08008529535181552,0.08515500286715388,0.10462128553484817,0.10807743481222057,0.10132538919432202,0.0732714114011739,0.06497319565372983,0.07258317836118518,0.0867181987513651,0.06481602283739557,0.13360997283808043,0.07472111226221524,0.10790229241584826,0.09521837499185291,0.09926290169519193
adithya,1,139,0.0809207616408284,0.015552675542199076,0.11722808752849234,0.1246818597978061,5.369227018177543,0.06763105922811344,0.4157508926667843,0.2103287625367735,0.18862223424658078,0.0990431221923533,0.09362343504318991,0.09694338377072405,0.10555334970320678,0.08210169215587734,0.07633791547687464,0.06426801916964062,0.06455551392916571,0.11971404070459962,0.07583888797278303,0.04132197526498743,0.09236337781509782,0.08829764618001533,0.07328374335399379,0.07051579117191707,0.08458928664882721,0.0743903771505982,0.08084114409252345,0.078289065281309,0.07470621800615633,0.06584875753331645,0.06271143585132617,0.08335423927130074,0.09891306846252475,0.07164940924276615,0.08474179817198868,0.08615600314866947,0.06413934118012891,0.09042425193973248,0.08695851241678607,0.0816973425816447,0.12447972819855849,0.07385997641445244,0.05923295429234791,0.08003818787662678,0.0847235132379122
adithya,1,140,0.08432418334651563,0.011291936093381808,0.10896189139989292,0.09989655933549652,5.2775584551223576,0.05917174014604695,0.409878029221669,0.1971481783041959,0.17942388515617935,0.12502665956795583,0.10189115007601895,0.08412904283340544,0.06165573893755478,0.07825689476509766,0.07686148202333097,0.07460556462679524,0.09858510671689222,0.11046559112178307,0.08067906755495555,0.03699175196087955,0.07022353025550838,0.08289898831596713,0.06864647942853408,0.1055524100258179,0.08266755105517729,0.07661304915511401,0.08881592863458855,0.04233349576805884,0.08169285577470485,0.07243927916230464,0.08169213552753123,0.091122734674828,0.07702808972295602,0.09095043531446866,0.09155894744210999,0.076435233635323,0.06922360330930868,0.09431922765668191,0.11623353763438712,0.0790729116796377,0.11180073556595468,0.08243721504226192,0.07785119231806584,0.09973048613302891,0.10852898655914156
adithya,1,141,0.0841886322501824,0.017559307650005535,0.1131153784134993,0.11563256445724963,4.955541338031742,0.07137532533379458,0.40115725642295824,0.21317995605723464,0.19390098816789553,0.10921594434921417,0.10056609468665792,0.0776653715096918,0.07145465708660183,0.08501901656887756,0.05672749982050547,0.066200452604746,0.07679721379747968,0.10719559690865045,0.08423095489812667,0.08800266096075277,0.07579590547592277,0.07262359482052846,0.059140109101030874,0.08860277216072149,0.08729465908558315,0.07682860914640353,0.09036506037630468,0.058063436989495565,0.09421170232631584,0.06855096328990438,0.06458592708119619,0.08926451379833479,0.09102759957956916,0.092438958926824,0.0999903781793716,0.08856433237607927,0.07068363076646549,0.06954943932623306,0.07092781363816121,0.054809742790807255,0.06372877621265795,0.11049321521257142,0.053122012005184044,0.09025127786291308,0.07894514810380114
adithya,1,142,0.09666494263096928,0.01723989470218459,0.09973983250982126,0.14084620983399312,5.461517609426136,0.06091906096028868,0.4074877107077697,0.19119078308120638,0.19384311824682776,0.11559415848698965,0.11951773318539098,0.10846101814035963,0.09971385113358112,0.07624103009958104,0.09428351205859198,0.07136667830338611,0.07982430055145506,0.10105012515521977,0.09380083422033898,0.09146537018589979,0.07941885403024251,0.0853375263548454,0.0812556666238834,0.09566238866818211,0.07967282885368296,0.075996029823409,0.08413435231491506,0.06124753849313303,0.07056525574249217,0.07135573693680816,0.06235902781980778,0.09970397710320592,0.07760127972208652,0.08077396816884824,0.09548764719854992,0.08212956035143824,0.1303594902294064,0.07704071918399744,0.07766076332865729,0.08076921839106924,0.07588646729892078,0.08473288520749174,0.12910423277529604,0.07443679065208027,0.10796096394559968
adithya,1,143,0.08349443756027079,0.01406356219437152,0.09842843497665309,0.13372444556784316,4.8231425572534254,0.06408176126323184,0.3606208660907212,0.19567062625223988,0.2020466426705648,0.10534097055937644,0.09821716694436265,0.08828401683719005,0.10773327765209278,0.0872893842905412,0.08490687807912459,0.06692701939484533,0.09124535995602523,0.11478797368499663,0.08426001378010221,0.08503150828303943,0.08546637694925419,0.07891923071138014,0.09077652209500471,0.08642157669252366,0.0894224979486451,0.07783965936570025,0.07159472043024742,0.07195033145796045,0.07440820583707003,0.05611558747730149,0.0746592279334904,0.09396314177097859,0.07068332282070346,0.06663560863191346,0.10187965958910895,0.09169450068828376,0.08590526178803382,0.09298916265599287,0.07911119889385462,0.07849401786125128,0.08109295392976813,0.09630922997852547,0.06097749782966938,0.087684731070134,0.09262738373337023
adithya,1,144,0.08055217974890178,0.01748871821944115,0.10943775084799538,0.1436545748992824,5.681655368242395,0.04622988180171753,0.37883115545390467,0.20398494607722545,0.19780784552337702,0.16415405147439394,0.1193945379483902,0.07227322563178963,0.0672866543532819,0.09269232307215892,0.0923965488141711,0.06845140474961446,0.07980620016808902,0.09741166913540356,0.07560536586424031,0.06011611596665525,0.06316311523141147,0.0794486318063753,0.06372342500641072,0.0987755413272306,0.1065112554840798,0.09004839033728848,0.09051704054171303,0.06219437058964683,0.0787153497780789,0.07237772693985267,0.09028360729545887,0.0710169673933222,0.07218888974207854,0.06588075310246005,0.10453815309609561,0.06434739326143005,0.0656015855167687,0.08836674491546112,0.08320846854788155,0.07789802759413433,0.10630355769366287,0.07968363451001446,0.0807753258835494,0.09445190245235031,0.09346660340401966
adithya,1,145,0.07893367965548735,0.01727691712595408,0.10755105741236955,0.14593191159106988,4.999597176819767,0.05840557921314066,0.3795468916046543,0.1914914151831173,0.20064673035093566,0.11929212873571157,0.08004646862142568,0.09252977264612117,0.07221532398349656,0.08383080634623771,0.07741338110867181,0.06079256732525587,0.09970982933324787,0.1099973526490026,0.08219017248394395,0.01781000960033549,0.08065003806961485,0.09101440613233841,0.045476641220003014,0.07714303593567413,0.1004756998048685,0.07303612152959131,0.10181504745408712,0.08646586927420656,0.0741073078762224,0.0762002014515021,0.08358393457084098,0.08399221477491134,0.07706286715859935,0.09921747496133365,0.09961834968343111,0.0857996639666726,0.09558147151452594,0.0765067665572556,0.06854732133673697,0.0836886658562512,0.1457307087675472,0.07717676799179553,0.07670452313725906,0.1024109943350103,0.1140714359088807
adithya,1,146,0.08341183185342504,0.013546797361495421,0.11841232478756057,0.16044438926067114,5.658941531367182,0.07831217456526389,0.44147607363279595,0.19830428890619597,0.19278716372069243,0.10717397169038781,0.10600866644450847,0.09656630587095935,0.0991842287990672,0.08848360431878961,0.05619324965500414,0.06296674970264185,0.06997902395496063,0.10249142882670555,0.0737691381275587,0.07002480020173778,0.07929242350513337,0.08270397676139397,0.08700280152181557,0.10488297835624563,0.1073398559445502,0.07797447543672088,0.09311562313975713,0.07184502049691378,0.06365635060573056,0.08231715028160111,0.09026725581812861,0.09370437398942733,0.07142474276499428,0.09448998054203854,0.08198757737111,0.06595864736196892,0.07607291096371367,0.06300698863222565,0.09309497359263359,0.0889486912313888,0.1270406236787483,0.07219796059601408,0.09010539278125398,0.0765861449741787,0.08485557568505105
adithya,1,147,0.08115948006044763,0.014161689605441327,0.11589373580283557,0.16766390707198453,5.083155517043259,0.0649047192576629,0.39027164607506903,0.17721802450916438,0.18845722556486177,0.15836658476160548,0.08826011913543454,0.07126605505802744,0.04955331186750924,0.08688387950238326,0.10310467754349256,0.07679010167616072,0.08871638682035612,0.09950649176318646,0.0854407037004775,0.10143011217947759,0.09014552378271068,0.0558472526321833,0.06398061123044657,0.08639055556949868,0.07884306883284366,0.07972935366185309,0.07216436142590361,0.07453916813007004,0.06783993405132949,0.07211297747973652,0.07155650078827133,0.0639851506743505,0.09730195836703814,0.06598869441062277,0.09895448375154936,0.07560463203007368,0.09024149285094346,0.0923744941446109,0.09879373210676402,0.0779830297522723,0.11805037584615052,0.09197425788638398,0.06762360678682089,0.08087713685577974,0.07409234436278613
adithya,1,148,0.08684038478984916,0.012263326849002604,0.10755039137176683,0.08665359521929966,5.306013539744577,0.048597745417922375,0.3992065742297568,0.1977567973934146,0.203579906167619,0.12941709832829623,0.10338739837481054,0.06730442609550716,0.06408025347754667,0.08905843495481527,0.11169839983472757,0.07142558532218493,0.06939707688409653,0.11188148075227337,0.07893285867007953,0.12118640964370384,0.09271237183942266,0.0700778914469391,0.054711272585634255,0.10123793467682585,0.0815705979937751,0.09009478785681237,0.08947631070728222,0.0678266019217908,0.08380615334257062,0.07916317403144281,0.07381817507945261,0.09932262148497062,0.07506090196578893,0.08172638253548889,0.08650523219204193,0.08941169673278151,0.0970319977127213,0.07957181873193127,0.0834640170448107,0.09162151550149021,0.10801402552414328,0.0790435208485711,0.11444700923059287,0.10062527169468287,0.08619828330710426
adithya,1,149,0.08805681803678943,0.011018344194986296,0.11514320356460796,0.11389168554751584,5.2296875523928215,0.06791764511547255,0.3887607388769784,0.1898215255285697,0.1953930040917847,0.12683361217842726,0.08737195848136745,0.06920125548513159,0.06877777387521361,0.08275247764552,0.08776893839625843,0.07094207232795148,0.06948266257189635,0.08667819683923669,0.07782387065701342,0.06615440944472538,0.07147961409738206,0.0804407857849523,0.05911823261463331,0.08931400556663098,0.086845858549975,0.08961972677812875,0.09087033204013431,0.07355703039375927,0.060420044685675814,0.07427576706140503,0.08055008394997419,0.08757460427073568,0.08022827726012599,0.08733664323292216,0.07795503142476606,0.05559331639465678,0.05032604362002512,0.1016014577574525,0.07089571471773445,0.0691224459379897,0.04927402447172813,0.09126125737657084,0.09552412004893712,0.0993999160986636,0.10876802475136159
adithya,1,150,0.08520811358070385,0.011816523017040177,0.09012380530466134,0.10825209844254546,4.980118436021802,0.07395690406809866,0.39349877969720315,0.20307990024935416,0.18866904125642875,0.10656763103302921,0.09097044980696223,0.068196221046909,0.07852829365081633,0.0922814987400308,0.07710159670079478,0.06832935811978323,0.0748919075170765,0.09241809944566519,0.0835060243028757,0.06610805700806746,0.0842125180475156,0.0820206355632412,0.09026629674547983,0.09132333592856208,0.09066709959569709,0.07356118725342634,0.0679380827877726,0.05995869558369518,0.06567046343797638,0.07252144187564437,0.07659816111539605,0.08005804340871975,0.08667525371036904,0.0812569675680415,0.09935392845707326,0.08497145789370222,0.12934727818516079,0.08055802355964249,0.10280959686255155,0.07297736145931681,0.07869060592033186,0.10299806343583923,0.04670786618429247,0.09809159675915564,0.08781344908441835
adithya,1,151,0.08831453130920318,0.012242160262991814,0.09876595917129075,0.1452205741670833,5.080131303647821,0.0542128379979902,0.3867824831279343,0.19965208711323576,0.20284547485986676,0.11390956716599758,0.08796137320131558,0.08010295278322316,0.10896688461978249,0.08172185353414048,0.08983733885807774,0.05936560152890242,0.0899570136611205,0.0749757914434133,0.07822863325850088,0.10384813925296382,0.07512275007015207,0.07923260282236794,0.07419789058760683,0.08453271033074425,0.0953055142005384,0.08266738915303483,0.06159083219074719,0.0547024347837277,0.07086087464898733,0.06764672243162474,0.08642334971627412,0.08705134745037879,0.0885022737588904,0.098623733268717,0.09944543102086464,0.07078406157096379,0.08466389664083517,0.07968984130384806,0.09995330685233289,0.0690863852395319,0.11432004281235528,0.09098303429880578,0.08064405387243352,0.09800119429046997,0.08154503243585029
adithya,1,152,0.07399527942669029,0.011636585499514053,0.12513445639096235,0.058622166991677216,4.882617800610931,0.0663939025535509,0.40766608194960385,0.1996183596489734,0.18723442811005048,0.12316812836487932,0.08431182047792209,0.08472397411011214,0.09130562161298526,0.08150876399969256,0.07242602935524842,0.06509819522912419,0.08258799816450399,0.11519426495391637,0.0703676936800982,0.06771966385226816,0.07272774054319214,0.08321940915626089,0.08039952541309386,0.09043802622084213,0.09445873462470145,0.0849892851039769,0.07037318576432311,0.052852476263456065,0.07153970419915921,0.06890466978095894,0.08182230348330936,0.08730963107156582,0.09891911822735727,0.08629739786975356,0.11781158144512781,0.08993948122542217,0.08164125024338627,0.07565206944845464,0.07711665794048547,0.09051081294943836,0.09288553904071858,0.09947002820012509,0.09320306613731226,0.08486692695031309,0.07944562595883611
adithya,1,153,0.0979603283793271,0.013530631863884025,0.14358608537070347,0.09556772700459117,5.397132846013262,0.06674362575766328,0.3887534882188068,0.18268379346880154,0.19039689882867464,0.12243111206050361,0.08377625085377417,0.08170556333685325,0.08718939925475531,0.09315761450657256,0.06538445591869041,0.06689032956235712,0.08135784061317353,0.1083006435703707,0.0795698765369419,0.07179176126985744,0.06654746413319583,0.0702630443320017,0.07250198843752519,0.08474090401164691,0.09057167894611862,0.08243043799649119,0.09442896064837444,0.06922630506926432,0.06612017327941337,0.06937143737709027,0.07894538410993035,0.07894511204859365,0.10073725915482877,0.07027607508716648,0.10325425506586905,0.0840284926727343,0.09964470157400805,0.12062596794384645,0.09247549362159449,0.07193602833689117,0.06610675354105998,0.10929772538037194,0.07001723451009449,0.08611204808178607,0.09415058606209957
adithya,1,154,0.0852073404539308,0.01433951169801367,0.11683673532407403,0.17961447891973809,5.3747665445777155,0.06635644167136712,0.40747482270796614,0.20680529896115726,0.21236822490309504,0.11656122355331436,0.07704493413499083,0.08658029372129897,0.09160677739176167,0.0835861027949595,0.06779230028033507,0.07407074792990818,0.07125965728987549,0.10300902612311526,0.0781340990601951,0.06622445998110398,0.07403291941609226,0.079887371532136,0.10486142406718826,0.08929917373907352,0.07894130204830645,0.08549148637894041,0.0704027787554935,0.08030427052920291,0.06890569446160472,0.08219466556948882,0.07729190971270564,0.09480510291642301,0.08389932702718284,0.08985665407168501,0.07409434976294996,0.07276577446256978,0.070974201910847,0.09197020041945891,0.08353147022020674,0.0736939971167998,0.0690272398401657,0.1015007521027417,0.07082502752176005,0.08821537429670333,0.07949333874949312
adithya,1,155,0.08909140015803235,0.021277968425464734,0.11196899834831223,0.08667886729299257,5.024359970723852,0.06299436837424738,0.4433543588924471,0.19183815835158305,0.1967210796841652,0.13946415574733717,0.09914381932815769,0.062258967455994484,0.10652421875980442,0.07624681755968334,0.08232475667128333,0.07278015446393132,0.07709551276034735,0.12639932624613104,0.08640111817076387,0.08193716133500503,0.07679469697431791,0.08322934440706047,0.07772806208930894,0.08277716819327625,0.08180880349167849,0.08359952869478296,0.08004651088860805,0.059952927515122,0.06865768491874225,0.07710327125040455,0.0653324461033152,0.09954069613834995,0.0811007113478827,0.0783058347684428,0.08604574504758224,0.08795513328135011,0.1237929875734076,0.06715555723814165,0.09302544312319704,0.09147320577466807,0.09459436626906703,0.07999981132387636,0.08419703446827015,0.09776670899450904,0.06377470848572259
adithya,1,156,0.08495235122545006,0.014572366056619107,0.1175341899208721,0.08656928850903921,5.137796981833866,0.06219556928106031,0.37536379168367207,0.19414960643895482,0.1743451258060226,0.15566558799713553,0.09645543443704664,0.08766618669916477,0.09567608938442812,0.07994536311603623,0.09654755704045516,0.057714637511919145,0.05538520370690595,0.0914315399938592,0.07842834952643772,0.11546807891604235,0.09120571449711946,0.07613225794121226,0.06762429061621962,0.08817832152375789,0.10265135012035531,0.0751287172245222,0.07772534040166228,0.07236058636244766,0.07173609275288771,0.07169542087215962,0.07465174965375954,0.08669626536807289,0.08771296615788814,0.07960934862830786,0.0845899355159805,0.08767558586762347,0.09167586388393795,0.0792589744683884,0.08843721282135303,0.0827682545172339,0.1150689630175052,0.11106149300057008,0.058543262714233324,0.107232809989393,0.10825786596220882
adithya,1,157,0.08402218895950067,0.016141689987009007,0.115841073962074,0.1115937568539473,4.643629398626589,0.05966245330785529,0.39162831834777445,0.19622778836095373,0.21253349653373552,0.08523607368864516,0.0804462521250087,0.08798124178620072,0.10033151176334704,0.08221832504803148,0.08229161288377061,0.06475790869261544,0.08251330988755456,0.08367997007970754,0.07691472814963415,0.07658426741220162,0.0737910596338896,0.07143803314251702,0.07048902289642861,0.08591718206382348,0.08624411361082454,0.06802465098783991,0.07749152842360364,0.07785811283869944,0.07873100010874207,0.07763309673084069,0.08046457190813198,0.07473396388444326,0.09328181964357599,0.08163349438394954,0.10585105960809787,0.09841231026547158,0.11451523883430657,0.10758212922347445,0.09471337304642866,0.0967673019740684,0.13668348950530176,0.10803892251727448,0.07777518547603476,0.08575985671348203,0.07805627093585034
adithya,1,158,0.07961328619793838,0.014559325989178945,0.11849324115353421,0.17693574580581278,5.257152198020602,0.06099665817003059,0.3592740486110923,0.20204030889245192,0.20332731035818674,0.1381208678445674,0.05623788531352686,0.08874403798720466,0.08974546230115946,0.0887014625698178,0.08303606362910057,0.06678576034381926,0.0602740741002705,0.10285160559635709,0.08364180227784915,0.029744524845440268,0.08134858209689307,0.07842886589088312,0.06563605801473264,0.10038613862077343,0.06571969322381674,0.09065370192485232,0.08333357874117961,0.07926165882912889,0.07483882826483303,0.06985521810694043,0.07134905275552927,0.0689370789272695,0.08649435037612305,0.0854374913410355,0.1067813223760499,0.07934254153221251,0.12059843569054086,0.07834478678063081,0.10977972139601572,0.08707768322946402,0.1113390391720867,0.09895894507155654,0.07151690578050132,0.09828430110591896,0.08562277465086013
adithya,1,159,0.08839695624657178,0.015399982697319096,0.11213855286214044,0.09202777682819843,4.761826316934633,0.046580975730733776,0.3790633960422242,0.192692584731773,0.19357704927798,0.09884182296349484,0.12071635895363192,0.07891834465835415,0.08094599864923412,0.08747797350065407,0.08177634745389575,0.0635937800867886,0.08912411617833461,0.1105978820065938,0.08068787364926591,0.04858804487623746,0.08005499627951472,0.06849506546633806,0.08074438460327013,0.10618388754265509,0.09602434641753903,0.08223190296552078,0.09256109635155466,0.07276848786753788,0.07464507434236647,0.06909941918682815,0.07691047672332822,0.08839076971452112,0.07925444183312519,0.09351207134931624,0.09782366244692865,0.06971236265604744,0.1221312487233526,0.07476053979815733,0.09895006814312052,0.08806847688969448,0.06625044627086862,0.09635303874431844,0.06694747009833674,0.08196676083489383,0.09312210728345714
adithya,1,160,0.08892437152619367,0.01628001368469281,0.11116118135520399,0.13079324305333703,5.2396390006929785,0.06200608098428752,0.404149818330064,0.18444261642869858,0.21927850339286023,0.14847189436033653,0.10831783922760493,0.09330531219796695,0.051540843798694856,0.08239384263508026,0.08396781399607926,0.07228175414125916,0.07780975708872537,0.08831742078204524,0.08494013595761438,0.05885553162051896,0.07377710051274927,0.06156210361076665,0.07970300832042268,0.09775304100317163,0.07635895274389906,0.07980955473767243,0.08020886582408002,0.05930596869994047,0.07004599986694325,0.07154711404949642,0.08622669242475071,0.09218818501768274,0.060831910777810756,0.0857977138361096,0.08987513186089191,0.10530957028556365,0.07898801697026281,0.08594974836669761,0.0979028618664558,0.06387618166700931,0.08736702250196286,0.09527586391592179,0.0664075825700346,0.08135581711341602,0.0993406096735105
adithya,1,161,0.0927222602439608,0.013652363181911029,0.07745782643024843,0.058377066982824244,5.28897339594632,0.052978548378574075,0.41086903438825434,0.20636944681220373,0.17690411491275554,0.16693494510674922,0.09559499718132464,0.09758398703784092,0.07141688912020408,0.08502316917163172,0.08292823350273577,0.06594409454685866,0.08754127434243333,0.09737845714338883,0.08185589733566707,0.09641351935910265,0.059706921677001916,0.06755005207424564,0.09769873685961572,0.09241322349340934,0.07275418324751491,0.0682995994295589,0.07334655991715862,0.06066380213273492,0.08226441652121708,0.06845208939243173,0.04974192620569903,0.08023839635682567,0.054138212497633884,0.08737156819237661,0.09248948802977555,0.06313763077609144,0.09390513093102504,0.093416920570833,0.08516643062080413,0.08853587872092847,0.08254499217954064,0.08763075860329904,0.08522654415086796,0.08447164244786096,0.07379275391025004
adithya,1,162,0.07850421672724246,0.0177360496378166,0.09352748782410744,0.05340301717098314,5.810046415064167,0.07445541294742374,0.41350399427989465,0.182885966546317,0.21206987528489754,0.1079831961095018,0.12058781442969017,0.09801082148489483,0.10204727592241278,0.09007842263700862,0.07655451232525386,0.06732703082096136,0.07857708783401744,0.12165086885786368,0.0878830270728807,0.07718903866476252,0.09072087985301798,0.08528119882547881,0.06584551253782842,0.09624340496983452,0.07646159782328556,0.09060091827682948,0.0885771007928785,0.07888958075676203,0.06686944097405523,0.07782573609267217,0.09990162796975095,0.08618074280231224,0.10983357897081923,0.06876137626130031,0.10132373838624632,0.060046369756528474,0.1110394014596133,0.08053815388198639,0.08153184955859663,0.08326204747727248,0.07062240691892302,0.09431332023473787,0.09290264756067686,0.09917552484793021,0.06452285881993503
adithya,1,163,0.08368890880137995,0.01823184337303376,0.12953784108987737,0.1420387039864393,4.981718065481815,0.05836073149239348,0.38396141086324764,0.20847045064197464,0.18808703099632904,0.10454790756327324,0.0831495672301015,0.05433292906799411,0.07869094248163663,0.0820865897108653,0.0718976807610313,0.07015455199404408,0.08919558719284452,0.09662857429842713,0.08410395096347058,0.05973952980699736,0.091323716089421,0.09108492473914699,0.05920113980053176,0.08430604951296504,0.08015296289055741,0.07487521739562567,0.08765205286460166,0.06672603175587681,0.06958462501739082,0.07401243385064657,0.10289515903429361,0.0747280612573262,0.08074579984317906,0.0768402799362237,0.0950843110763972,0.056834093715377815,0.08473193367207345,0.09641780700743743,0.09583310142495802,0.07347217374715335,0.0792536283795811,0.1057732161644508,0.09724529370643922,0.08849447697371031,0.08448139278116436
adithya,1,164,0.08951765896663616,0.0204395909122462,0.1012613955939619,0.16724969558408959,5.356007362327303,0.053446842882572745,0.3911665095345383,0.20020070020038797,0.20571257079980887,0.1431055304700786,0.10513325436640006,0.083025922235493,0.08048402570486812,0.08040229069885474,0.07059443760488061,0.06601183349373171,0.08236557641078011,0.09493609226214184,0.07749414097304466,0.08263324093548782,0.09302631180989542,0.0948246944376077,0.07617508049846655,0.08088814430967659,0.0922716620732922,0.06766573404937892,0.09319024050999161,0.08071100952064753,0.07162660445078889,0.07335493820257347,0.06765571525947053,0.08305296667986342,0.08210090878279439,0.08976041998637577,0.10980855886255646,0.07519409399622656,0.03453653295867299,0.10042697540436926,0.11231277883064895,0.07419519708346262,0.08529803089892925,0.09096194193823183,0.06788898096808871,0.08360763488510375,0.08044472016670765
adithya,1,165,0.08484269895588299,0.019195812111978218,0.124603006203932,0.11952785806104632,5.304814516993513,0.059651601804706474,0.3817789554003344,0.17359580729377116,0.15724104191384672,0.13582401048434212,0.06656288268688623,0.08299585224705096,0.10231058401605385,0.08568669586197811,0.06571807563722151,0.07181821071626121,0.08852918059101554,0.09585193545135173,0.07982121656908293,0.06470745410583947,0.08061908850848651,0.07781088588331551,0.09243433177276543,0.09144971687029126,0.059127945884434714,0.07567079965270107,0.07248432727999561,0.06213188102326103,0.07574897709270838,0.07230314960860162,0.07177279028921,0.08285092769072669,0.07195006246971267,0.08731003324954098,0.11161972426087424,0.11855452147781206,0.10166535505472246,0.07692201361936366,0.09426703110666734,0.07216420721116144,0.06644058056825176,0.0922308946878735,0.0727072826469654,0.0872907768314765,0.0982412478641978
adithya,1,166,0.08372116275412848,0.015325382912294799,0.11463191812796114,0.12093823685912408,5.562240308929349,0.05395776867413573,0.43720446060793994,0.19706936846721418,0.19771141128960393,0.11748007126987503,0.08392940816431402,0.08200118888092113,0.09887021612630115,0.0816676047404445,0.07733150836845795,0.0721946959565396,0.06547921238736153,0.10217526288290797,0.08910297908749468,0.03658494831297928,0.0762947076835916,0.06476836700304496,0.07211180353170102,0.10195018202915682,0.08227351308387157,0.0776414535354246,0.07559407045988735,0.0858928296603667,0.07062566344706761,0.06997543209797286,0.07662131929568988,0.07951650522466655,0.10689499381469071,0.05853446175779557,0.10153982915761048,0.06733805962636502,0.03606187856140717,0.09597852012768716,0.06917486420219886,0.07892824314439804,0.06437587917025889,0.09335307307304017,0.10668242695148274,0.09734076619868152,0.09974524161855942
adithya,1,167,0.08603440533623087,0.010745744858125426,0.12543392187975475,0.1420366582372858,5.231840584469242,0.05552555084504529,0.37216151216803944,0.20778555114958747,0.20601652858418873,0.12901060340814385,0.1080613484993376,0.06855862780109159,0.08336363912912982,0.07805350589764704,0.06395093654571082,0.07137840865214336,0.07723107622512053,0.09408822725378406,0.0901576302134526,0.07045865113487877,0.07827390628791464,0.10423203350886098,0.060874015051750704,0.09360504158854066,0.08167571178163281,0.07294687833284176,0.06785286233402706,0.07339298906939838,0.07821534265527975,0.0631817587629871,0.053559796520296625,0.08126061080507159,0.06609153533887184,0.07109430524923711,0.08153674386102988,0.07803934341795381,0.1008612147291593,0.08958897074303065,0.08621077671694975,0.07517899144061171,0.062245428894750814,0.0882566153364191,0.07433582305131556,0.08330593114896906,0.07530709715508857
adithya,1,168,0.08618715160618015,0.015459727242797483,0.11892825042032856,0.15064823566236113,5.200675313667564,0.05487940413937479,0.40665885232969523,0.18750937644697682,0.18821160362887127,0.08651307214956551,0.12198711704021994,0.08735371035084158,0.08999876221987793,0.08294990615377115,0.08316002319274082,0.07729012134757657,0.08929518229106818,0.09634614548981538,0.0767600655544917,0.09163682555056057,0.08388576311264462,0.07933777362673715,0.06182142107928325,0.08673248320498654,0.08424378517222106,0.06831850769495856,0.08734146625757343,0.06364724103966873,0.07711631372392154,0.07207191990708263,0.07219103305190164,0.07135698715698874,0.08379321866378518,0.07095210381922998,0.09675719538750685,0.054953910522456934,0.12249653200630248,0.07395905553283608,0.10297755811823868,0.08829634576764012,0.08698499489888668,0.08801350383637783,0.06303932761245393,0.09712816275453749,0.11281559486069749
adithya,1,169,0.08046083127261362,0.014346434783918312,0.10108268853061017,0.09898658447541002,5.4956442530730865,0.05457980824279049,0.40344740327454126,0.18725061000840315,0.16126959490666765,0.16025118629051563,0.08864524867853865,0.08844105630224577,0.10023249411544974,0.0872046642094398,0.06473700921542905,0.0775966208120576,0.0863762756017342,0.09714845241145809,0.08160032026545881,0.09200896508078371,0.07547716427167234,0.08677625580624601,0.04534741790102376,0.08409408801072903,0.10164381566015025,0.08304677860113348,0.08963677507042403,0.05712907603995828,0.07181866566170791,0.07286647742325986,0.08918621918612644,0.09534411541180617,0.12107903335821715,0.09350537507932949,0.10289673378117334,0.06277956645249295,0.0837901991361882,0.07596235186458762,0.09456115813866836,0.0895874539045039,0.10372772467289791,0.07314898943484498,0.0934851283015272,0.08824322131916733,0.0707489051835737
adithya,1,170,0.08825075647956986,0.016501076686628917,0.11606940829547678,0.14043743769209233,4.918056477780734,0.07400765433469687,0.43330102465022563,0.20371704768587334,0.20076899908272064,0.1020864219842971,0.09960608711506397,0.111598658565856,0.09743598442236567,0.0860547665841873,0.0566212325811309,0.07297786291766853,0.07689943796657485,0.10752442710810073,0.08080093570269518,0.0758632413443445,0.07201275875516172,0.07292809677260485,0.0745172121470596,0.09294372270747445,0.09482579969072194,0.08141224566863103,0.08665152517068121,0.07202303196260086,0.07305589092737215,0.06493465741262311,0.0724547716553702,0.08431028344195594,0.10838536251505185,0.0594165377850221,0.08280067925891219,0.07999480693540585,0.11404104501685522,0.07466899489659275,0.1043508866334416,0.06990070457866601,0.06944350587049955,0.06812905380321939,0.09509932675026089,0.10267775941559498,0.07859251226785788
adithya,1,171,0.08126826519983392,0.018814884838913373,0.11858950514315564,0.09766917616078892,5.378250491631682,0.06646195533122229,0.3936165564442,0.18730773943369153,0.19101224570370817,0.09100527097978697,0.08552185649552581,0.082247628938468,0.09113658644944983,0.07712636220059016,0.07957042515074605,0.07398438671872268,0.08472038076841217,0.10467582320296147,0.08024302597896966,0.09761167841142897,0.07371623200816034,0.09324093916608794,0.07837086042032608,0.09184942674600043,0.08683302980672865,0.09165501658302945,0.08882291294034682,0.062345868933984465,0.07238461203268698,0.0630984738614844,0.0768635096233557,0.07772520107722644,0.08033267503277726,0.09534538557042863,0.12150841466713794,0.06625237677097341,0.06560598239304598,0.10935159016769788,0.08944251974534638,0.09307520048862923,0.0846979311364085,0.08305092078936496,0.0947846116284098,0.08169886172799987,0.08481449925707173
adithya,1,172,0.09584109087452038,0.0177489721334675,0.11047684374217119,0.1334786587218373,5.152030453959945,0.07314750947035399,0.4024580210685787,0.20131832889952225,0.21509264465029243,0.13402750222235726,0.0969568105117112,0.08550685674205867,0.05203742450132085,0.07857284730288648,0.07173630546089736,0.06525419326758887,0.0801661700374131,0.08532937842139601,0.07112886367791052,0.021996820369353513,0.0836909172799162,0.0744994908326256,0.05577088735301164,0.09219239590939173,0.10080411630803879,0.07746975979366168,0.07874117987677975,0.07011212549948348,0.07393049460652872,0.0754163691232848,0.08052498733179828,0.08957683329514729,0.10484086010115,0.06642715650867376,0.09616898083199857,0.059221926623713006,0.10839569682787673,0.10279346993973987,0.10960839141456422,0.07538437325814404,0.05501387254017541,0.09891916454711125,0.09369601450163711,0.10413588785644759,0.08229857381875315
adithya,1,173,0.08239817341485103,0.01996061086092056,0.117097994167595,0.10549122471355094,5.030980288412694,0.051908133591456976,0.3815539167634312,0.19868581634871418,0.18890464914958968,0.13746731122616235,0.09010320389014441,0.09828411799058881,0.07763074091428056,0.08693208196606327,0.06368657033484607,0.0822584294906304,0.093169070389266,0.08047132396945872,0.08640975110907118,0.08167353548711202,0.07384778713701931,0.08135416842034598,0.0848775631316693,0.07563831403990978,0.08220685283448355,0.08942488022936121,0.07499289416535554,0.05465852004877116,0.07448229297154887,0.07612195915807377,0.06237741399059943,0.09104076869178032,0.07727778784558441,0.0866741247526864,0.0941942750777742,0.08547032364108238,0.00532799366055306,0.09363466554506444,0.09690320153481026,0.08511031066512806,0.1205502244654858,0.09732884132258528,0.08157858055938198,0.08966356954256868,0.08563314399649341
adithya,1,174,0.08366817796445004,0.012029662993885634,0.1157124092569305,0.14260940423906182,4.887032363985338,0.05734233356627329,0.4103526052349951,0.19368724831441309,0.20567277284749952,0.08859506243170667,0.10565126060260306,0.07030284951978134,0.11243004115837772,0.08700030384822183,0.09285763818498274,0.07112028731445218,0.0780320863363732,0.08993190467561313,0.08376646608231181,0.13621225357324118,0.07376299972334496,0.0743786444816813,0.09384993842955677,0.0829367061621146,0.08535944194954509,0.08006695217150839,0.08863723502912925,0.07000727011430967,0.07534081770338576,0.07015204991426977,0.0772298243842527,0.0721929052338573,0.08684542757364065,0.09201393403732802,0.10299069489799288,0.07508304996941814,0.09187455701608792,0.10122425458021723,0.09761731830746569,0.09009466124425375,0.08128077202010908,0.10835183477172489,0.0893340334172369,0.0990077125791845,0.0747888943649065
adithya,1,175,0.07955181369994789,0.015047375878799441,0.12814597193476748,0.12674127074110222,5.339101937783489,0.05340460032098131,0.3989605610520608,0.19486942304921445,0.2012991587042929,0.09205074058046117,0.09453783641901116,0.07742442291205913,0.08321313824537573,0.09004379283602919,0.0948465943985355,0.07045953594607235,0.1010206285710996,0.11060491735674463,0.08295205410245707,0.0658092533803787,0.08214382626596448,0.07707975907538392,0.06142958926960468,0.07982963398366964,0.09973879777392611,0.07941676577707199,0.06540529127356437,0.06818529206856824,0.07507834252347109,0.07379739796657704,0.07229587245871055,0.0956278310463329,0.04223264939107443,0.08203027614473522,0.08137317769484662,0.07497273243922867,0.09520765185254038,0.08756948599486707,0.08709952692133406,0.06952844740810527,0.10008443730894259,0.10969072921509984,0.054656574300411154,0.08663671121689322,0.07935266231532825
adithya,1,176,0.08113492302431702,0.01307575771678121,0.11286949603412044,0.10754199692430821,5.277436366596588,0.05448504877126392,0.3583571581024944,0.197121198699753,0.19563886073451567,0.1308735644501549,0.1067097181371449,0.07026847825449946,0.11348004905766312,0.0877899331692583,0.10481744675976085,0.06858714973337215,0.10336829016289656,0.08506814394894428,0.08273668326640257,0.07261001396003545,0.07891086822437124,0.06569909304313766,0.05564552909156062,0.09238647460990725,0.10154659577310007,0.0764803102949125,0.08825646890987923,0.0752200933236365,0.071198605819859,0.0784302995954828,0.0776402678323144,0.09065670547709628,0.12236748881836004,0.07995548917482914,0.09617155166191958,0.07408864857371371,0.07613058078145653,0.10122166888208511,0.11526419111780033,0.08483928295645807,0.10340909043241621,0.08273996855029987,0.07552814440370387,0.08796821980672222,0.09070421850530166
adithya,1,177,0.08211189271415056,0.014948449562339476,0.099576977153107,0.09544348056729365,5.066664906516106,0.04690811360059827,0.34793270939244364,0.19847455415011966,0.1720991609559223,0.07649761433730169,0.1226789217379455,0.10513267359061354,0.08587642875624296,0.07913386250418723,0.06866380098754868,0.06158738812318751,0.08410007651724756,0.09324786113876614,0.07433055955856442,0.09888577353733483,0.08473800694221219,0.07817324616737259,0.07090564966722092,0.09567834573623776,0.08831579746958101,0.08271445747431654,0.09476903096285363,0.07444426621881625,0.06920396722652206,0.07874337017658622,0.07281554949951756,0.0676323877322095,0.07036678749555814,0.07852811719090573,0.08633429497057983,0.08588893673152853,0.08838534217956423,0.10014664112327745,0.09052936613926049,0.0795268125453941,0.11426751249715929,0.09615212535849198,0.07003546477863723,0.08110542523896674,0.07247098050953556
adithya,1,178,0.08162751801716996,0.010180088873403862,0.12944234631670615,0.15186280629152774,4.839576881679212,0.05666554503472473,0.37832636036028744,0.19409421337222088,0.20035784477339214,0.10322172605588796,0.11847170227793492,0.07049806488108913,0.09176790286504923,0.08746383909862648,0.07965637903603917,0.0696602837556042,0.06854987909638897,0.11327944993567284,0.08389328110130179,0.06263050483957057,0.05670266810307596,0.07836422713758054,0.04837574086671052,0.08110047363956532,0.0835689601257631,0.08127093997711247,0.08819803625814389,0.06459468561755428,0.0726551585434217,0.07187708134300533,0.07693622509440087,0.096617586370794,0.06521951939861373,0.06580995590503096,0.10316208146811919,0.08582424647897074,0.06981150281481213,0.08084411292251617,0.07071699187327977,0.09228139601424043,0.12256983771085199,0.0882721327573823,0.09224740380297351,0.08280949676448765,0.08574523944400765
adithya,1,179,0.0836206931135702,0.01454651546807055,0.1145069828983585,0.11633891961445261,5.174683736790527,0.05470158931708951,0.4189700985242375,0.19716591566851457,0.21151875677446605,0.12210198688748646,0.06128414723724213,0.0643535033163277,0.1105323192497195,0.08417966030924887,0.05957680047503215,0.06992978634847305,0.07918023586489963,0.10682712626816546,0.08568342622702703,0.09766393194420239,0.08432789906339389,0.06825818914204411,0.0499070880061886,0.08967850104636357,0.09760691659616245,0.08121570308293975,0.07773859747971078,0.06884757830140717,0.08553578808936058,0.07523984790210941,0.0784811890008596,0.0888522983784806,0.06420382357233932,0.08896722659072832,0.0854837138072118,0.06399693125312582,0.12282733882599634,0.07554190128998667,0.10137421636106418,0.08697560646185123,0.09128204350066473,0.08077867317332485,0.07490456204262691,0.09805748985609265,0.08248259084737289
adithya,1,180,0.08391329073897123,0.012290369457059868,0.12247686444590822,0.07389723262554304,5.1673938688559256,0.0700661390033172,0.4052319840053128,0.217926210182756,0.19407806263628788,0.09958686653650589,0.10696977509804062,0.08853325044643941,0.09923440448278821,0.07967232160864848,0.08030908008219119,0.06228615931780354,0.08333263962420974,0.10338604039259516,0.08472165829999588,0.07498858791783307,0.0813375919330134,0.08775713457340807,0.09761718641521222,0.0837857739103449,0.08745982958606269,0.08681637706396086,0.08293594252047076,0.07402345739339539,0.08228716059316471,0.0744564882305418,0.06287957086792767,0.0830971127507339,0.07575770771667964,0.07255828050172931,0.10403811404091536,0.09270110650813612,0.07943663490191741,0.09670033700307339,0.11327808690724532,0.09007828939084489,0.08082996926871358,0.08326914641647269,0.07863050692776953,0.09119759137489124,0.10349330466263311
adithya,1,181,0.09511109030740689,0.016456637555596027,0.08345431831183907,0.10968616520308092,5.06733948576871,0.053510865455338154,0.33508535941736406,0.18637624569571187,0.21577167794366542,0.15058783876426804,0.122093939266783,0.0705651060011205,0.08140202382540677,0.08856492878429867,0.09005091007440226,0.0704681907448203,0.07945574191340092,0.0772115954948153,0.06932322727565751,0.11886666113367136,0.0883574953787083,0.07077049378272575,0.0835189816036644,0.07994168957050726,0.10565292164027403,0.0883015526890864,0.08481325110937318,0.0632597941415304,0.06860202883419396,0.07259781900126872,0.08256215017768181,0.09678958909874921,0.07242087780216111,0.08669395257598445,0.10592755886922789,0.05501348101255752,0.05377631777020418,0.10228791599458632,0.08017088150771781,0.10455646978117106,0.09236579688224272,0.07893562835895576,0.07330796265505127,0.08136452505540318,0.07357980287887778
adithya,1,182,0.08564578601550528,0.018190950631829864,0.09191903595749529,0.18472429959907136,5.41181713433344,0.06533204004981724,0.4116447213019162,0.19366015412893686,0.167683825001342,0.12236674282780845,0.11619942909252486,0.09370824683688476,0.07099782701511055,0.08736051387763165,0.09007717815860455,0.06237005654787835,0.08316118072004351,0.091497845471083,0.07821004146946622,0.04740459609307114,0.07186963237292802,0.08945955115756926,0.10771984395418083,0.08514754728243597,0.07842052087686359,0.07513687441348997,0.08259302029405091,0.08271243994921364,0.07764573536664687,0.0719950564233388,0.06969097112939787,0.07099721361181258,0.10011815107766071,0.10624532020788285,0.12669313259065046,0.0707486604704814,0.09200615347185058,0.09160096562234259,0.09185942434281032,0.05730625544329449,0.09956548489794588,0.08406676545928518,0.07786249628073663,0.08785568851558058,0.08274487865421863
adithya,1,183,0.071935794855943,0.022625540488810054,0.1221498264035199,0.132090154857483,5.077524514472366,0.05831372459552003,0.4085340040017979,0.20212797922571887,0.19517879454024067,0.0947162219611177,0.09311263184028075,0.08127234317994546,0.11814566502145811,0.08368367619076104,0.04943162355856308,0.06710427244270349,0.07698200379588557,0.11700047382254831,0.08742786391523946,0.11800221596997144,0.07570768108153272,0.07493099308380498,0.07665110854738005,0.08942805837576842,0.08454274156711776,0.08989368281742785,0.06260645665026741,0.08047883914949493,0.07182186215458124,0.06265786414452425,0.05058725860715134,0.09603399692580893,0.09873349788765175,0.06796058264053254,0.10974056193159007,0.07573548359668868,0.11093972237293694,0.10318074732128496,0.086089740523879,0.0821030590704236,0.08608282904233186,0.09265235037601727,0.08249720577357052,0.09693523213247959,0.11799762153161272
adithya,1,184,0.08993659744695288,0.01682327685189854,0.09623907935590915,0.10254858575600342,4.9759431128100475,0.06076439848272625,0.3965711748429552,0.19173386757287889,0.19600684545428712,0.1394694457479215,0.09735495146907487,0.09820063831313958,0.08279614669109636,0.08138077669038181,0.07446183319946693,0.06646252902795548,0.09010906939936413,0.08855340682424281,0.0815181609738287,0.03114714835591466,0.07920779817882319,0.08264488924290381,0.08402709549179954,0.09061042428282727,0.09139978199536752,0.07982490357556535,0.09624566478510412,0.09359359670595133,0.07839514944985317,0.07126347693657463,0.06890586162248559,0.07927705323427621,0.011676800241842145,0.07893909616661235,0.08863730364448297,0.0824092261837608,0.05938683432172252,0.06308485015090799,0.09536997320341982,0.06297955157844062,0.10473031662252881,0.08045543859342619,0.07742286421653834,0.08692547407590125,0.08847752100450446
adithya,1,185,0.08600166176007903,0.019412635883015995,0.1157623356956254,0.0881768638181796,5.078853546029268,0.053843390117279524,0.3718797555587501,0.18300234900039866,0.17723126616176638,0.12987182704902045,0.0819414995972926,0.0902304174716527,0.07560735538182692,0.09292428070398559,0.10103395955501165,0.06641571580513511,0.09870027950908267,0.1039430696380336,0.08566990096778314,0.09239193889884398,0.08197120572734262,0.07356536865513652,0.08647682186059732,0.0890094694562113,0.08175136642976553,0.06567316633961928,0.0690785386280954,0.06934884007563549,0.06924498077169042,0.07405997280143954,0.07390440794145887,0.0834354060425857,0.09484800197221482,0.04511424774729064,0.07392691433663683,0.05872136118662376,0.06487408202615617,0.08284347563235891,0.09895497562252878,0.062399626360529564,0.09786768293144865,0.08704299299278988,0.09140659357372909,0.09432243749420666,0.06905554716208029
adithya,1,186,0.0981203000919022,0.020270575055257915,0.12709974618671446,0.11628967299106138,5.931984336711421,0.05564080068187844,0.3877818381639343,0.196735695015661,0.19881062405573371,0.13267202501664443,0.10878500001493618,0.06853190365059152,0.07316000732807011,0.08132208570805895,0.06880560769667074,0.08511049319015068,0.08512337078819895,0.08597199484448079,0.09272365714484522,0.10420470351588709,0.08809438598490071,0.09276336349411804,0.08535644547934848,0.07265455439184344,0.08247296144924872,0.0837086584448481,0.06864411450282557,0.07671608246722922,0.06359945472628198,0.06789251315947575,0.09080059116807905,0.09467665264578702,0.10499932169941935,0.06997612796508347,0.09842053808376058,0.09149376223709607,0.11206805843580027,0.10417257730415805,0.09996569491894339,0.06961450950314824,0.12250297210199068,0.0790693497121327,0.06044049832413073,0.08933958973703732,0.08656004708806887
adithya,1,187,0.08141919512284031,0.019235706884428543,0.12220678907806817,0.12243086892763172,5.285102023741952,0.04970745427702046,0.37961514163733356,0.2137065067439623,0.17521260964465235,0.13652276423454568,0.08191904679063763,0.07723571507000604,0.06616238950263145,0.09228691779915699,0.08976752486688111,0.0632936224694187,0.08047327456336623,0.1070039050676538,0.07345441212878925,0.0869007386351407,0.07587596287254826,0.08414709385001594,0.11383756448525625,0.07414308148667687,0.07711060360539512,0.07942337308156694,0.07407294523915395,0.07931211520418198,0.07508394219180127,0.06964929751396229,0.06599549426872903,0.07458146554491567,0.09622763191418653,0.07172036860638077,0.08904730103534249,0.06297217213957848,0.08935992272520615,0.11282684002620547,0.09746655688894111,0.0679630265837492,0.0750393011784444,0.08719597594742154,0.06825958732057279,0.09179806391306669,0.07949716943578214
adithya,1,188,0.0850215237209335,0.01749631060122231,0.12521063853226483,0.10123930537518136,5.140038191424552,0.052622675673115744,0.39955009822621373,0.19525862600068694,0.19586753455781186,0.1192719932334772,0.11061780743157956,0.06512141020485596,0.06495962545616764,0.08305891631150132,0.04002460838559489,0.07022088341046966,0.07352501717549875,0.08347980447250106,0.08147668418870344,0.05875336789760847,0.07173450102414519,0.08981078136199443,0.10479750066418833,0.09095716500279893,0.07448042649726856,0.07720660867943606,0.060256509826919755,0.07394522287689434,0.07354199129922967,0.07014720960545759,0.05704742941034559,0.06493860807931626,0.09865613855021081,0.08588483292579721,0.10364036138821722,0.08177213982639686,0.11145678864885059,0.09416172873935869,0.07372782260705482,0.07145141936862343,0.09291691261728899,0.10394804333289033,0.1045268012023586,0.10131380670742204,0.07927854724192372
adithya,1,189,0.08101919571840309,0.012650106572207026,0.12361735085194374,0.05392576519281109,5.099475849315782,0.04705800382178542,0.396733722944578,0.17719672961813598,0.19584359117124614,0.14079289719638372,0.09989003264423238,0.09091324232075798,0.06499418081581401,0.07819192187525854,0.0855895717778839,0.0741901143510281,0.09855698102917779,0.10514519130510865,0.08393552520952821,0.07756471512912891,0.08684805880852103,0.08609328049026813,0.09953719969412442,0.09765014971215955,0.09218657359104529,0.08213038274444602,0.09290431269720727,0.06893355154061433,0.08213764795010392,0.07537295970979456,0.0796850567223672,0.0788266914522657,0.07414976227023212,0.08579333374902635,0.10135360550136187,0.08184107393392787,0.08305859187656647,0.07655681087363714,0.08783699507492079,0.06806308015346038,0.07824456088838024,0.08742870900716526,0.07966106673955127,0.09714034255058701,0.079453106334447
adithya,1,190,0.09279551181948026,0.011482501372369077,0.08507755419453256,0.10221219156231998,5.466667701397646,0.05009635967075818,0.4126949593685171,0.17569214981354556,0.1889397513779021,0.13964460947378868,0.1010883219611074,0.08291830352021182,0.08465787763199813,0.08185692650054324,0.05719117495609131,0.0597802123454297,0.0771218448268356,0.10787153864871821,0.07761360195893202,0.0507348064196647,0.07574848932828271,0.10859844837127602,0.05539827574505625,0.09365929252730401,0.10676153325236439,0.08475496096613871,0.06583544179670459,0.0662297266541814,0.0720262556167709,0.08035915946788105,0.07190756737011449,0.08725792193678215,0.08308299375704746,0.07862134667628479,0.0858494864339067,0.08008057246002695,0.09742921458459357,0.0987059558413922,0.09126901253290412,0.06524336079826165,0.09915779980933348,0.08315047754168783,0.06494280402186738,0.08069057848866404,0.08428994026570441
adithya,1,191,0.08768961145742563,0.017328864578378785,0.10464724022108425,0.07732404915193924,4.939036345315395,0.07851980836482839,0.3949062379474671,0.19878824422538122,0.1890724579748701,0.1131620439400133,0.07995313746052754,0.07851662659505049,0.09631892317735385,0.08101242419189528,0.0587751957889434,0.06326035191492671,0.08692850973379566,0.09297536625781268,0.07575546865084615,0.07119007237594822,0.07559710209911207,0.08779949862375047,0.12382177595748983,0.08905058026140325,0.10523582157484841,0.05971710639873686,0.06806358982440161,0.05956094077112266,0.0668312081988246,0.07405039039895435,0.0879221984918621,0.0800759645283177,0.06547877445673363,0.06479359606475962,0.08873137901246582,0.04917515326822588,0.0890477017219855,0.0813783671046785,0.09768327881949274,0.10354130054076767,0.11190337075988582,0.09843740423389244,0.08383497611617627,0.08734498918584961,0.09521502716535855
adithya,1,192,0.08037351482698005,0.017176224501502843,0.11596669470051392,0.13418692784386335,5.148713330046054,0.07405833114063762,0.3629355726773887,0.2059672112215144,0.1903448817327936,0.09363018120963172,0.11249223508949265,0.08190747994562754,0.10713464870919613,0.08623541413244314,0.09516647991403168,0.07991557151235607,0.0795390859087919,0.12675933275458423,0.08388438119626193,0.03744060235353532,0.09758586487104218,0.08644271332930516,0.10555069146607118,0.09217534231563476,0.07724837311357914,0.08075520619108746,0.08436450303028709,0.08625200943369929,0.0707887808115905,0.0654147039565785,0.07745460300520471,0.07728573395692573,0.06322221208881494,0.0709179094686766,0.10367085047319674,0.08368999508571742,0.060737923139935514,0.07281855652822415,0.10527706712901447,0.06569904287914588,0.13782248996284735,0.10715614611402469,0.10941765047226461,0.09262637868285285,0.08220403233971282
adithya,1,193,0.08328295740103626,0.02138635220643898,0.10745762122561561,0.09792838082164361,5.0511889727854875,0.07016035975373291,0.3995382151761015,0.20577851085536786,0.17370149203047253,0.09763698660144236,0.10964148509315141,0.06623236898476888,0.07119246399232701,0.08070819426951892,0.10488606598758393,0.0664098680776793,0.09190190168705094,0.10036151492696685,0.08495835430651533,0.10173620359830172,0.06608144542195317,0.08101175269171798,0.05612103338775769,0.08468451250539843,0.09364631738212065,0.0815362917265526,0.08278360172216276,0.08476036503321265,0.07546438456604924,0.06688097751422006,0.06925700178743087,0.0979203177636074,0.11469297068656986,0.08083955581095605,0.11843045742665734,0.07468805147675774,0.07227155522982313,0.08106908057036444,0.08656745566289123,0.07580748331280654,0.08057611635129051,0.08558817815915037,0.06427518278527254,0.08737306700177926,0.07448983795726435
adithya,1,194,0.0882110969537043,0.012465658771289512,0.10568562060484314,0.16406260312414353,4.920396618403715,0.057731870073423834,0.4047628219275348,0.18896810994450128,0.22238912590128632,0.10321422398915527,0.10453419408709373,0.0954764779189072,0.0798626896872844,0.07879013146073877,0.06033841910800308,0.05939410735946947,0.06868929738211604,0.10041098893663991,0.0809010139640473,0.08908446639537954,0.07175928249533294,0.0702733651825239,0.06619080401417765,0.09136658241283079,0.0748396032748775,0.06913351637759069,0.07102798641019512,0.0766989771914785,0.07623591466864652,0.07018676713166462,0.07731595026783389,0.08125972024644705,0.07034362012645684,0.08630137009198174,0.10741567728185256,0.06832221391128852,0.09664124340974055,0.07584949994469192,0.10508289315989551,0.09138529203054943,0.08976687651690647,0.1067168620156374,0.10027949110395384,0.08276516912526405,0.08788620679043517
adithya,1,195,0.0842613549638389,0.014749524684897021,0.11655437310580158,0.171200368495445,5.200085964223992,0.07612761463492485,0.37475727097948874,0.20186521180991907,0.19616706654443208,0.0808752317398401,0.11566832724097587,0.07884242716993063,0.09758678143454895,0.09397251864884064,0.07453741298558066,0.06416349238389271,0.08483091847441716,0.09920624221661158,0.08231823619533439,0.029929885045111307,0.08587590829844073,0.08242377229456138,0.06748697790679004,0.09117055819085729,0.0708959006708719,0.07253630181944105,0.0938791589696403,0.08559428473441301,0.08469293588984887,0.07849472519933491,0.07413513962015876,0.061453240919816576,0.09243325389642651,0.06894320351685472,0.06810701187743252,0.07560938650408706,0.09726540738226609,0.08483887240729132,0.07120934531622275,0.09901251866095796,0.07970114401119106,0.07177166257775923,0.09978057789988784,0.08462445073293873,0.08298347954445079
adithya,1,196,0.08747366835965695,0.013984786784821217,0.1263419343572549,0.09151136514477802,5.193595773380378,0.05671931889257842,0.3504884752192926,0.20113498044524,0.2043063769157825,0.1261859023800218,0.08610758836863695,0.0848841865868405,0.10793989729827598,0.08230887219299127,0.07384840087327721,0.06967910309362384,0.09849919218127832,0.10432553912056466,0.08374376617282811,0.06570730371129851,0.08053056199164788,0.07601566406189521,0.08667577665885821,0.08755532487096161,0.07864646029730897,0.07033934617078633,0.09174385723099127,0.08093551973403613,0.06613567535668384,0.07050305981695008,0.06602684333383263,0.07970877236689226,0.08015544585190751,0.07841316123280598,0.10499096214633517,0.0726323385813594,0.15867068068210838,0.08676278601560927,0.09523822521543493,0.08633537787371096,0.07919884763959091,0.09858830251577179,0.08441846995827867,0.0962530429005119,0.09764960958700428
adithya,1,197,0.09058775669169436,0.01742689319285349,0.1122945396692127,0.10755939040377195,5.6317773832466855,0.045196434196402985,0.39594097076699497,0.18607938963577972,0.1939796802222509,0.13317275702284515,0.08847936498955758,0.08557144715759785,0.07709356401433136,0.07434464539825733,0.10021404597260297,0.06327378838086328,0.08176830888443912,0.09080968829781855,0.07973913109867606,0.07028450137716262,0.07331690657961203,0.09817691928926323,0.0958147016942772,0.08088625810320343,0.08848634769653937,0.07182991659245253,0.09299699977623747,0.0790286465886589,0.07995463752528081,0.07573358958606055,0.0663810772340132,0.09849566751058048,0.09525827028135359,0.0779442755783965,0.09385697763508431,0.09105238052642313,0.0870986096558959,0.0835080535891132,0.0845461342720792,0.04937210071320372,0.11312201010423788,0.07385990155665628,0.05037335242851583,0.07507361660001098,0.0731837994476282
adithya,1,198,0.08527511684871579,0.01103095659656263,0.11716418932973023,0.09111594332527857,4.81785030670025,0.04340179047534212,0.4346663603369986,0.19331830891492238,0.19792166698252583,0.15093246714338115,0.09905729290131259,0.10094493185506336,0.13867546720943214,0.07914879330006999,0.08463170590227032,0.0747842273874607,0.05573342574401215,0.11835981044394052,0.08040566840872196,0.06657004888445732,0.08191359337009564,0.07710187621138058,0.07121580677633883,0.09124375714439494,0.08551517833577364,0.06934184319487531,0.08578226227629047,0.058107337213064485,0.06957852434561526,0.07714977767270206,0.07844037176288618,0.08283572080889082,0.1034833614571327,0.0851728658535145,0.12024673638430403,0.054237519736320905,0.09865964393869318,0.08951750240886246,0.09917835226646149,0.06417843291371422,0.09007577847221365,0.10301024063110228,0.1108550930835261,0.0848570487378719,0.08134008868754251
adithya,1,199,0.08502871516710096,0.009831049318720041,0.10618784637418237,0.14815560297843156,4.89034664565612,0.05408260412826938,0.4455917199882488,0.19229522431218635,0.19232256935101988,0.13089483523005327,0.09788352429497674,0.08083248471605554,0.07398215358677032,0.08943307287302132,0.10053011215319985,0.05625755196358091,0.09690174823982453,0.12070833870282766,0.0815110862376308,0.06966575731127689,0.08667642988563996,0.07749141618890683,0.09638122426464174,0.07275912072778516,0.10966015078824706,0.07966738441117575,0.08865750607629823,0.08761409334891346,0.05866196421283382,0.0857659104777008,0.07226738104752577,0.07782214650180597,0.07895068075986668,0.0721579729794747,0.08224980550288034,0.08184243123027267,0.0434158219085317,0.06999771366005525,0.07496938581553203,0.0812499643107459,0.08112747044524815,0.0940077340904588,0.09059979887059764,0.07660350937306266,0.0862558939835666
adithya,1,200,0.0866157756821922,0.022318952465454893,0.10825569138245486,0.1422657916420884,5.07477180816263,0.06497710449240594,0.3896534458809924,0.19953252556453643,0.2127013363984843,0.11240987321821672,0.08393596957706327,0.07929127344513899,0.08192591753225556,0.08768444643769244,0.09835869557948068,0.0553246869531253,0.08480771989700589,0.12965733479368055,0.07888508682975248,0.07231368290818842,0.09786141038964241,0.062208046676246326,0.09470406197723819,0.08655146143306681,0.0687990338981127,0.08498694389778133,0.0861551386300477,0.09189146709209864,0.06254072024339255,0.08159466263057892,0.06437416629099894,0.08157919555462798,0.09031960598096826,0.0712981542013307,0.11335367839514293,0.06483495859821299,0.0857588863400517,0.07515215906331052,0.09202848145104207,0.0715522276416727,0.07272612682108939,0.10230970849479175,0.07415711351452502,0.08735631283625707,0.09853771354697631
adithya,1,201,0.08420251810746321,0.01812409465862202,0.11401274443787693,0.06975162834598309,5.624011382993248,0.05325853176402634,0.40865662028151234,0.18582280029732243,0.19343104510598022,0.11206765219155264,0.10212587812469237,0.08395387917375934,0.07976611731838452,0.08475407460268325,0.06304167074421796,0.07853854905416224,0.0897724938238488,0.10083692912994616,0.08456482370754512,0.08021091055124444,0.08574564570212363,0.06333811345394322,0.03767831570716349,0.1036137627329919,0.09392248430869406,0.08075162178510979,0.08971741495213877,0.05512942482828476,0.06460188188723551,0.07158381093608744,0.07132465994456626,0.07576480494002244,0.10448890563107958,0.09598883707892576,0.09068652796685364,0.06035405521556174,0.07657424659972442,0.08129266205726077,0.08737691709351102,0.07686919196547694,0.06615731003814487,0.08781125783008498,0.07973710364745588,0.09184870118887696,0.09008403111892307
adithya,1,202,0.08935951935812293,0.01622050289671828,0.08598679480891923,0.06517471071983941,5.030137814916578,0.07988818168278698,0.3870940133418722,0.20251290435229552,0.19275715533668744,0.10208741626124168,0.10310801354848427,0.09381910920206654,0.11419433074143608,0.07196114032329595,0.06721240815763727,0.053863685956079585,0.08850463294924898,0.12247697486113077,0.07617538715742725,0.09623149913682395,0.08653895209823373,0.09405391548993886,0.07207230442468932,0.0876129511390113,0.09608926676058556,0.08480330215987099,0.09326431510714238,0.0698875044408757,0.08342123876046852,0.07639282616265371,0.0799633946360452,0.07029779333982414,0.10330943083094908,0.06525473921619013,0.09657200170073224,0.08412881133001779,0.06260901786116475,0.09412101299788625,0.07829200795543244,0.0695170120605463,0.1013654440066481,0.09275197197342241,0.08517495755590938,0.09913018659652229,0.08396472040978945
adithya,1,203,0.07826535682278828,0.019188763249090152,0.12466487785942616,0.14923027967879995,5.2657725333714405,0.0593502170178659,0.40379946385497106,0.20423984563481773,0.1972871548107815,0.1105547493857252,0.07881369380395352,0.09234983235959367,0.07305072285019956,0.0873960757083161,0.07852743952435186,0.0648866161879229,0.10695451204690115,0.09673335927748723,0.08077066497983036,0.03445526222194248,0.06242898127827421,0.07582385864487136,0.079209883354912,0.08308060392468698,0.09770402691545707,0.08093555651649828,0.08044380465295929,0.06885690688088347,0.07072620005967085,0.07682276783898867,0.07521566462450593,0.09988261260147782,0.07319375963360289,0.06159345000377473,0.08270433752822907,0.06480915017675395,0.11577667796782293,0.07599328384020489,0.08531902408497734,0.053699718918822595,0.08748456099303818,0.09579005277645883,0.0712825879678871,0.08189750189559523,0.09245983151385195
adithya,1,204,0.08519843728357712,0.01114314418531106,0.12553720079005978,0.05419778899874564,4.887349674942855,0.06556209998947542,0.4210824394364886,0.1960152532462823,0.20596445565576757,0.0959288480011208,0.10733743377322755,0.07355197634043607,0.10278533286840898,0.07864053978688619,0.07079573477872853,0.070799509701406,0.10070414197788574,0.0760863985194955,0.07969215779895367,0.08297555116276152,0.07899694046071991,0.0967257299137714,0.1035453703396026,0.07792711975474478,0.0873396839038338,0.08086406186722032,0.07987149255560443,0.07447401543769851,0.08313507660331595,0.07718606956304558,0.07711173744469826,0.0715108736988307,0.0711551656971939,0.07665596085297102,0.08907995228500153,0.08506580551081985,0.07574333419595035,0.07043096604534745,0.0828953780778049,0.08564238336156503,0.09068007581571967,0.085444365755894,0.059071756344427795,0.09328618060050536,0.08179286757861047
adithya,1,205,0.09019946095062564,0.021847023685848344,0.1042595530609098,0.07998975646583951,5.661901728257972,0.05093652453929043,0.4079946644071277,0.19784357938983052,0.19491447443309462,0.12438577207648076,0.09634617814301616,0.06515217801708242,0.0950775372238171,0.0841078233972176,0.0765456004096345,0.06880250915866327,0.0742677972611361,0.08830931160356616,0.08909546136398264,0.03844330638965323,0.09164810477867659,0.10214236737450251,0.0979394367274919,0.09309701707917181,0.08277137061879354,0.0832362810639913,0.08424359493410043,0.056305103973562004,0.07316497682248045,0.07640499736765163,0.07375668280917617,0.08928997962814574,0.07292248161252438,0.06777344497454418,0.09066082705529152,0.0933862920214757,0.10984214528425712,0.09590378850959291,0.09227873412943725,0.059751777204737844,0.08723743731246822,0.10722954925041261,0.06779012493861614,0.09229004277990162,0.09850076003060569
adithya,1,206,0.0872829841513401,0.019922436134963813,0.11070037075722695,0.05842289536887449,5.163211164752441,0.05861903301208608,0.38746232262957536,0.1859213162972313,0.20802581317346183,0.08882660351174061,0.10551202903573047,0.07765581963413652,0.06827026559624472,0.0792543411778901,0.06273543911814154,0.07017109200295767,0.09378562719096477,0.10417543207502875,0.08367011378074396,0.06552458358192607,0.09949806164434194,0.08313287072563923,0.09163198382897297,0.09223506955700801,0.09623103743047767,0.08006205821985715,0.09717904761714997,0.0877208045297116,0.06824425973128383,0.07151163730644382,0.054993811159032055,0.09093931817984081,0.07147311221317021,0.07755515017715411,0.09702287633608561,0.06890283325314532,0.1136689295912211,0.09664474865850366,0.10649998431647667,0.08575374385142505,0.07770952011002409,0.11487345226516814,0.069805607479717,0.1004253000977899,0.07410919577201329
adithya,1,207,0.07949654221908994,0.016145206777184704,0.10988663066488907,0.15261068750954895,5.067269360046482,0.06895541289966699,0.39363573386802503,0.2012531478767495,0.21315917018163302,0.12488715795199075,0.10123802664683756,0.08980905384507085,0.0923779592426882,0.09023420602719749,0.05372016989757786,0.0684099335830982,0.07552154993180846,0.08988793253892903,0.08560482209809588,0.14944634943316798,0.07448985741260376,0.07388888580529833,0.09548021561479429,0.10237335706195597,0.07923879297556592,0.08109994596006123,0.09478146095622281,0.08843331269438671,0.07722636164787822,0.0751767228707225,0.05560085502790664,0.08445323007198138,0.09423682495480705,0.06312557343285967,0.10019778537791586,0.08252690449712104,0.046288939562215504,0.06968386353391748,0.10460883202461523,0.08937528634163296,0.08661951601349392,0.10021449510269155,0.08395441980593937,0.09202888922087302,0.06867751592334934
adithya,1,208,0.08275153648992858,0.019245490150199083,0.10845273737884142,0.04634107824715958,4.712877709635721,0.055510442585456635,0.37703480836046915,0.19127780268846148,0.17042272578166412,0.12097230799123834,0.12312331220411486,0.08775274978486695,0.09359062675387099,0.08796379012447139,0.09413461132255274,0.07440983563576586,0.08600765552424999,0.08009714297806868,0.07644903405593541,0.0683710204674786,0.0645667297394938,0.0916431237427805,0.0960554239834721,0.1026896771292028,0.09637670940876458,0.08204775800902712,0.07410660950327311,0.08709404737672298,0.07755738451350239,0.07660942886231471,0.08592674840015427,0.08897503987615965,0.07893331599515066,0.08865053535145744,0.09872760164506528,0.07177995316973439,0.11368111869342741,0.0848828664426646,0.09368957911713281,0.08456288025274637,0.12905249266947189,0.09192722575027013,0.12160791248848551,0.0919769417943347,0.07989341215882748
adithya,1,209,0.08350349561828582,0.015584262939131895,0.12992663954154965,0.09214171646164224,4.842256043948755,0.06279415628593214,0.41067022688158733,0.1726733304021581,0.18324688926382052,0.09735365821089066,0.09635841711546318,0.1116028461663735,0.10453430800956943,0.08351678859972494,0.09063838444181636,0.06178431887538151,0.0969940208930701,0.11225532863924743,0.07961571657490307,0.07686644890553349,0.08940561164147527,0.08540114696943125,0.07477488028982844,0.10016687924621884,0.08685381709565354,0.09087343823974313,0.08906252715598162,0.06297669485214448,0.06080024083143097,0.07735177065417612,0.09062953619661591,0.08554180198568737,0.06830651450057865,0.08449670600115075,0.10544231723154238,0.08374978810386535,0.0857272139139204,0.10078224196750266,0.09311426895193604,0.06679141912336858,0.0950684063747067,0.0900724803882725,0.05710295849642773,0.08523566137969647,0.07584439123539828
adithya,1,210,0.09762890449947652,0.01635792292691439,0.12084162531608995,0.14106165981229385,5.04543320535001,0.038834796357106766,0.37374629891380545,0.20308158742785873,0.2201932575219837,0.11378720994631453,0.10191340394618892,0.060749540498481885,0.09257072255465008,0.07498005722986545,0.08582873273079145,0.0656744167476908,0.11068202055219686,0.0937934193557346,0.07827358581932957,0.091871001201443,0.07741105997892936,0.08386825721806856,0.08604971718127379,0.08896344837269407,0.07927489212236734,0.08894889065846873,0.10016087049046493,0.07504359388249561,0.06928909796097173,0.06927241461071049,0.07720830617720983,0.08852448424034197,0.12502981436562,0.07920465927198225,0.08312489316303642,0.082134111966105,0.05820581126380383,0.07468991058912203,0.10565394555917984,0.05700085542430748,0.05789013780477616,0.08849316766396663,0.05057321341502286,0.09124686579845752,0.09588955356368191
adithya,1,211,0.08406088154120389,0.01507813614782679,0.08116870349983815,0.08682403921153645,5.090989970393392,0.06305902305390738,0.3918242181901803,0.19948070527566084,0.19935777979317618,0.1360850993199994,0.1021138643470268,0.09788596406185766,0.08729130467186656,0.08337189718042583,0.084921674591903,0.06617405407119632,0.10173890929152019,0.10356892407207896,0.08181782749213495,0.03620264731324826,0.09164615714529781,0.07135303226488575,0.0762134603065911,0.08889600296541136,0.09026418953202492,0.08026508526919389,0.09029768347933571,0.06488302664362133,0.07331997951951737,0.06474357851723171,0.08854256695989905,0.06866957327740957,0.11615634854413573,0.08031662088176524,0.10500613598742727,0.053371127504144245,0.07083716488193523,0.09307255530219717,0.09634882471292,0.10127254108420372,0.06747505403859816,0.09728370237444256,0.08284486214433166,0.08590967834205272,0.09357624966929386
adithya,1,212,0.08436991906705722,0.018096541146288617,0.09281811528921516,0.15899497051816397,4.918204942420665,0.04594032100794325,0.3943946599801956,0.1957953350787751,0.20298667927887398,0.1495744387223283,0.09056918089119227,0.084524881016779,0.06334003001625677,0.08511426413963771,0.07617198806052738,0.06159871370098405,0.0667557013566075,0.09986782959868774,0.087699604024108,0.09729720015880787,0.08814850822981006,0.09321743510140333,0.09232128537993824,0.07872242768661257,0.10032135311752963,0.07928792005522393,0.0822546093341896,0.05093858151348846,0.06226143053069306,0.0694625375244053,0.09328744178535543,0.08709529017229635,0.07127990150824541,0.09159888632519596,0.10087686728912443,0.08430672178078927,0.11808864534486307,0.07095705235249243,0.10057316801372782,0.08737003733813263,0.07936301979693597,0.09236287783879317,0.09575048787894767,0.08559800999779069,0.08244997098520515
adithya,1,213,0.0846600570093875,0.016707853382009263,0.10369798057229125,0.15092642774439458,5.214528581160309,0.06185552338078287,0.3729167632370788,0.18453317134012825,0.2088232534317755,0.1531563258990103,0.09019713792446754,0.08845484977959006,0.07414792094637258,0.07323306212062711,0.06262189389421058,0.06056723756572809,0.07539049251054722,0.09714371540759018,0.07673316746781632,0.09356741562072787,0.07844976918525694,0.07313909438473508,0.09187164417940484,0.07550714292046741,0.08487626175244378,0.06820737805262571,0.07388788125071494,0.07719595699072503,0.07671856391487783,0.06213728808407695,0.06334699900045718,0.08933893957216127,0.057971855876945866,0.08402245800068549,0.06812172158478,0.05776508562680439,0.08591820739119443,0.08767585379800935,0.08864037185633507,0.0722080706285617,0.10510169820682154,0.10801497981922893,0.049783091785674284,0.07889511552103884,0.10513431337833236
adithya,1,214,0.08741098868809616,0.016578363079276702,0.12156930181684716,0.1311053486045133,5.196213900538927,0.0608601735896931,0.4023899641559483,0.18568713951302432,0.17912689151922148,0.1362228586101779,0.10529466257847468,0.10162343774878495,0.07170314320604364,0.0795549293500567,0.0800598310008423,0.054315851242853846,0.056461818778315916,0.0985622051427363,0.07527406562971568,0.06455033202553276,0.07475999229496547,0.059810840858617445,0.08314686868813065,0.07891728528457036,0.08701428313729533,0.08001892716094905,0.09600243483916403,0.06132508912836517,0.06742002561932191,0.06976406959925548,0.07412967106015474,0.07531908676302869,0.09020021513015496,0.08197138391624968,0.09290694551088755,0.07740107561920154,0.11249967864307847,0.09353454363046329,0.08682509862350003,0.08246206831048374,0.06960222257797326,0.07585405856196166,0.07369319400868876,0.09580979901923375,0.07140073932748035
adithya,1,215,0.0907908415285259,0.019455280070276106,0.11367457695106857,0.08410611530144955,5.105074009278068,0.061007202551576566,0.36885214532200145,0.20435326597163608,0.190026514519206,0.11445226583226302,0.08444383180256212,0.10712320552106733,0.09439550160306642,0.08607286765036566,0.061955108621488945,0.07102447530438931,0.09492671309035047,0.08249505186387421,0.08396079807758701,0.09074701963254792,0.08573009865738074,0.06424219036629429,0.07978214057177603,0.09947934627633981,0.08295698407866481,0.07809507965614192,0.08378054552537845,0.080163499850705,0.06657498783841978,0.0709588161797935,0.07613636540860592,0.07212785100063199,0.10994739867907924,0.08136949561801185,0.10755406560769079,0.0917532977015694,0.06281034403286677,0.08015869575631444,0.07363246703029122,0.06106226709123533,0.1107679445554497,0.08226825351691587,0.09568276751068536,0.07935293391413924,0.06167550461765159
adithya,1,216,0.08197993039495421,0.013946672676355782,0.10105313420853694,0.171557395608618,5.342695054568961,0.04347022657426945,0.34860450644920543,0.2017991081947408,0.17738139169480646,0.09067906255382042,0.09401209555822163,0.08816003431990589,0.08892852053480539,0.09168058526079365,0.07957640791853365,0.05349451454199815,0.1099919561997052,0.09620175662958634,0.08563262647896884,0.08336485011685246,0.10008656414335991,0.08677843875074859,0.07529826772819768,0.07441760224287249,0.09098812823224352,0.08838148260438022,0.08167192460867442,0.09083968044349539,0.07595404798991935,0.0809352981038525,0.07935641276671604,0.07049866294362028,0.08143630500798806,0.07637764664518394,0.1148470615864969,0.07959053239308764,0.0806035270699917,0.09568077100595156,0.08596698470540787,0.08093141830232323,0.06848879026523963,0.09994540095832286,0.05851332306982687,0.07881785144172553,0.08604907319617265
adithya,1,217,0.07288769509271449,0.016145327350674657,0.11849849264713608,0.1655211428898941,4.691205028829589,0.06916791953436684,0.3890059991930537,0.19385576133873667,0.19941794520461886,0.11034450166413419,0.10840167981538691,0.08307363150394054,0.07838464827568174,0.08775562207719706,0.05697509639284183,0.07295723553549022,0.08499768788806404,0.10338925993752252,0.08833436508309173,0.060668619113112596,0.09357836715734119,0.08627710962533243,0.09519322546430552,0.08361931316166586,0.08672147967966057,0.09011952545269838,0.08703375071549618,0.06257729773322089,0.07405893526265682,0.06734812976968385,0.092253662043542,0.08270441952706022,0.09604050007255577,0.058749159762102404,0.09720433324829057,0.06239251596885765,0.10233696670301475,0.08682684590655522,0.07485974150694309,0.10980040079882,0.09590096841213877,0.09075890130506424,0.09634419885874103,0.08176884023963853,0.08368855474988676
adithya,1,218,0.07804245350452407,0.01650269012774932,0.11129974204740375,0.11370622489803522,4.993136779444279,0.07571653641795163,0.41265661332036835,0.2084543897377277,0.1805946038823414,0.12742584947874108,0.09082976757743583,0.0946655129984819,0.07085888836816559,0.08763082228892483,0.07206030037634154,0.0735727227064088,0.10881458787244334,0.09857220868897425,0.08055994942047935,0.09497150806005683,0.07867367987504283,0.07309127085027269,0.09706688835688228,0.07913443187882035,0.09651092547810851,0.06998498172245415,0.0820441635945765,0.06780350358177846,0.07197514482445122,0.07433415390175746,0.06149416855686224,0.09508775238997788,0.11905457500406547,0.07239471986134957,0.11927699557994087,0.08617376705248683,0.07664449681912412,0.07229658886783015,0.09134377817982897,0.09060263803287985,0.09364272005420538,0.10178638147120596,0.08791702779194269,0.08086475531996144,0.08010877206555782
adithya,1,219,0.07620865445548482,0.017472011832193077,0.10539299042173626,0.08030192612747905,4.804148196342003,0.06790792876890414,0.42701401081848167,0.19271634685220732,0.197482622265499,0.10985794989139656,0.10439351153613304,0.0941212463714872,0.06964256363142607,0.09013844309352793,0.08798933648344054,0.060578203554726366,0.09902870918076245,0.11287988440096379,0.08203620983908652,0.11265548483316064,0.08367826602612954,0.08758955877712207,0.07448077436545389,0.09450274472962433,0.07538292998341596,0.08321829830026617,0.08077946306103746,0.07777154623922174,0.07082105638155071,0.07299053043399413,0.06425983602562624,0.08281719267177383,0.10190274870057534,0.07827362779390618,0.10918150314013558,0.09206520141781913,0.12022968911730317,0.09185559306687291,0.08741607994332894,0.07466172344565367,0.0802503721238402,0.10923501015866599,0.06712637967139566,0.08697319407617801,0.08306880473965533
adithya,1,220,0.07806012383630516,0.013005156366304883,0.1344209751137773,0.16173955376867788,5.068382596166324,0.04787265973364442,0.40500632248665885,0.19528164606811488,0.19506017276960616,0.15365180091761224,0.07743458496627681,0.07537370142511798,0.08170871175139525,0.0862806909520933,0.07547281320452597,0.06799930366571398,0.08197360001585818,0.10416998966570283,0.08044664459516807,0.07011672065879346,0.05651714431965328,0.08188341021240439,0.10588673829105527,0.09478320012668788,0.0900012798929569,0.08516884653686854,0.08552470032653982,0.07874434678777885,0.08064058669561097,0.0684042206852033,0.059264752265581234,0.09691497876923386,0.12067727318273924,0.08073832957804088,0.10412667601930116,0.1033811227323244,0.0917905976314138,0.08866819746062753,0.07141380129870566,0.0667181449365754,0.0880096181285457,0.0968358248628334,0.09298332457827323,0.0881403744752124,0.1002626570405724
adithya,1,221,0.08365542327818061,0.016151973784614842,0.10961194654759686,0.16162293951313056,5.185207098597451,0.07881888408986008,0.3718323126552716,0.19294026984352128,0.20093479548595183,0.11609038857162068,0.10983350078616222,0.08392431719816873,0.07285095395933579,0.08321862795449025,0.051998181531061664,0.07166503314508356,0.07654860158871087,0.0987097616457913,0.08957573889851699,0.08046586691366865,0.08171803897007264,0.0988302789839764,0.07966528136027874,0.0922593185830101,0.07542323033664741,0.06679366527470279,0.06714741589569273,0.07341687834111393,0.07669045591976399,0.0745431437330816,0.09433234334607347,0.09228213132491192,0.06860367630766157,0.08335095411047604,0.09026799543853634,0.05789810691914298,0.1257178093362254,0.10162222299653409,0.11117268462816576,0.06168983881878878,0.10170637395231905,0.10099472863723336,0.0815361404968354,0.0745699850338011,0.0865341758418982
adithya,1,222,0.0926057015894314,0.013521574467023623,0.11869016842452375,0.14312053027162247,4.627364465894414,0.06704269837267991,0.3998273628434197,0.20010893804005744,0.17313553280833827,0.12892279324039846,0.06338913295225843,0.08723264599269163,0.09642519206446973,0.08376703261019212,0.08339484001056612,0.06297490978894486,0.07185883259340708,0.1011947728305738,0.07690262003141204,0.07458016115509716,0.06935301339537589,0.06845860445988233,0.05321351396250099,0.08429100905277936,0.0815029759184523,0.0808844184147356,0.08124076033032361,0.0667209817762181,0.07831332091476,0.0681571245095705,0.07032851522075012,0.09148950658837372,0.09111505638697705,0.0801229769908648,0.10338918751556021,0.08692785283218492,0.10711056070946942,0.084871062308906,0.062039399471091244,0.06533140340575783,0.07922529034463396,0.08049752149836865,0.08002122439334632,0.08006991075570752,0.07719687595065435
adithya,1,223,0.07780216626574664,0.018926607484766673,0.11256600851122313,0.07819101606768225,5.316898379373031,0.04517392264689067,0.3899344140642374,0.18027644362289397,0.18768542421048606,0.10158572002277136,0.10456488041759092,0.07164347286705722,0.09262636439591702,0.08611892791363931,0.08631769454102246,0.057644472950648507,0.0781248971774046,0.08225557152592587,0.08163364167546033,0.061959348928662755,0.08461269324858783,0.0821371588619721,0.04820895492432482,0.09397185685601318,0.0773639596918366,0.0881570984952389,0.0839735609389955,0.06729811691341886,0.07291914556446402,0.07122619140610854,0.07123104774734096,0.10398575091985741,0.09292292679907636,0.0824934219345672,0.09909317195036456,0.07555570939931701,0.06603886474173024,0.07432858437210878,0.09387538408072436,0.08386820850783525,0.1160999933167515,0.091370580115694,0.09388623585731816,0.08233783065278054,0.08087300099719337
adithya,1,224,0.08681316197803421,0.021662932579372657,0.0972666656145928,0.14394004664613694,5.064973467195887,0.05706303588962092,0.3786346121474709,0.2019362800506469,0.2165943145414388,0.08553542714465567,0.09585428022746782,0.10363182733673429,0.06995517595291781,0.08517992240982851,0.07784186516945543,0.06697489712033883,0.07842253639602521,0.1053048199641106,0.08385667229660128,0.0822906739468575,0.0746692051536204,0.0618749739032959,0.0979085782967021,0.09818171989965495,0.08879583495593504,0.07935985002692106,0.07705283245749465,0.08895014630077838,0.07189401786915359,0.06659686155849376,0.06957874967018504,0.08047533558652453,0.10543562548219738,0.05947292587371998,0.09773974413173536,0.08038617528921406,0.11895016592668142,0.0937272998738999,0.07989817224516994,0.1042412516720635,0.08995175201964371,0.08988742242672669,0.10144244219826323,0.10102396255461674,0.08308580797083567
adithya,1,225,0.08389423965886128,0.018288415079348256,0.09208250962990816,0.12980046196775652,4.828479694652302,0.05218384793244564,0.4009718438976869,0.21816868758392338,0.23467193113382226,0.12866822698523198,0.09571808865092583,0.0918572430044584,0.09346845506354853,0.08274705683654442,0.04503579190833797,0.07953677878598936,0.08921140785773486,0.11242055967362452,0.08374408439993415,0.07919681898342322,0.10173907867781933,0.08263114428618984,0.0888840203728798,0.0924073109679476,0.09141938808630835,0.0821194230215931,0.07643535658893326,0.06932838552312948,0.07790247650624121,0.07308231381723458,0.08814909557572097,0.08543194743453231,0.0639233158969795,0.07766186277663178,0.08398949656738836,0.07794147820900078,0.12344922978290815,0.08731488160614778,0.0879007325984235,0.07230539595981872,0.05858583563820088,0.06461792349502174,0.0786461068095747,0.07657599715881266,0.07784666049769233
adithya,1,226,0.08160337165473737,0.012459441741293114,0.1260948882701409,0.13433366591510487,5.394822974411648,0.06807029793770768,0.3774449333060563,0.2077489006986148,0.19470194607531607,0.13821849084188545,0.09190512171528581,0.07962807376708556,0.08669341334867851,0.07529103424291672,0.06760509877462366,0.07161764093921737,0.0918178979463798,0.11233750783590421,0.09275942775726177,0.04383840692057157,0.09061702828597801,0.07545532416752558,0.07200878903946917,0.07010072945125059,0.0801500935784232,0.08464998766400507,0.09456075310298627,0.06412096002287379,0.07435843135672177,0.0620663642701026,0.07972000314565948,0.08573135661700759,0.1008444077254598,0.0761280884899077,0.09132584039794642,0.06950114423276764,0.08973554361402541,0.08480286182155296,0.07222978233033042,0.07432922815272966,0.08229793289563272,0.1042712496424225,0.0694156176283168,0.07411269012684367,0.06609471394489168
adithya,1,227,0.09102979419596424,0.01690855453865625,0.11447200070390512,0.17339800869920546,5.449996995615713,0.06634819753748113,0.342223505115051,0.1763306623483709,0.1917312720639225,0.11664909168120768,0.09595919193626752,0.08630199510291374,0.09098031870862028,0.07344299504789799,0.055021381269034456,0.06327173196398957,0.09953024455790062,0.09439324074501386,0.07965502248471987,0.03582103221379328,0.08067627346651207,0.09187775438470733,0.08830289859565452,0.08781354280458986,0.08095000249979788,0.07604813899233799,0.08463995592208566,0.05740720405166328,0.07910837908909629,0.07001485741177818,0.0976431424518737,0.08441659618375166,0.09384042502396865,0.07980646680596017,0.08949722713011463,0.06961957148020761,0.07710143056265338,0.09291275188301774,0.09897125026190504,0.10125371955940983,0.0919918536380416,0.096321028161786,0.07271573907750017,0.09468181540607813,0.07581693480101649
adithya,1,228,0.07725742732693709,0.0186720157690736,0.12885588830376526,0.12231198206503248,5.037760726286066,0.057346625487286466,0.41538595916454774,0.2029198397349582,0.2011359943141529,0.13502757466430867,0.0821493225176742,0.0571665146080047,0.10795500679247755,0.08832729535071142,0.08563082970990557,0.06204372182013329,0.0926492835320238,0.10164184177262105,0.08556974060498894,0.09304720212136407,0.0895975274493656,0.08063894886007025,0.11644467932500831,0.10007643947475234,0.07247550379068367,0.07728267993544313,0.0677521059263052,0.07303184832736137,0.07219661234991796,0.07959362553440939,0.08266676906728403,0.07770518729053334,0.11995554821022772,0.0662830905596764,0.10405637051180885,0.058530836819833114,0.11212347614811474,0.07737116061150939,0.09460728721493836,0.08472662050418,0.10264917040943812,0.10612426938012069,0.1063436570746499,0.0929193882011366,0.07939150839751509
adithya,1,229,0.09109346611732752,0.015610422116669237,0.10598148273338993,0.1321710152745334,5.404811063316415,0.07425897242478233,0.3779518986492375,0.18660692729999243,0.16699018667451246,0.09988322789705809,0.09120689234661493,0.10571045505886287,0.09596911472613993,0.07841288389994121,0.07384024867517738,0.0582293496005464,0.08283035939981694,0.09812765653902816,0.08144955811972077,0.07008625994251418,0.07958161218943405,0.0892350115912141,0.08160524734838298,0.09209405790044371,0.08135834464037342,0.08241428105786851,0.08212419914254741,0.06463453529079197,0.07729381487855849,0.07192986091628108,0.0741421260774749,0.08227560484414023,0.10844952046258648,0.0574874487208985,0.09145362808690399,0.06946146808733997,0.08865882168432818,0.08190370822835094,0.09329257644828129,0.07585854569337906,0.14557023632044924,0.08759010462407672,0.08478834317000931,0.09829690102425866,0.11007684186535246
adithya,1,230,0.09322592522496274,0.018393413825127946,0.09450625965795227,0.12353000803576958,5.098810176256959,0.07087009686994539,0.4281502796905081,0.21097339208440166,0.1865760478808109,0.1563592349355229,0.08930905482471314,0.07063808905188339,0.06671864188923153,0.09133547414164427,0.06217492139924571,0.06693739001229904,0.08177426399663174,0.0769025425909914,0.0840659161786811,0.09093283080451643,0.06586125054580977,0.06205824746229635,0.06690014084170914,0.098846188482217,0.07609971026589424,0.08075839119729623,0.09484633042133916,0.07208643505144657,0.07310921139516632,0.0792938370498996,0.060213492680743275,0.07816457368293092,0.08754457747271782,0.07641536434312482,0.08243436444615551,0.06456318959477689,0.11308385590479156,0.07227449773141915,0.09047220468968066,0.06780070981595476,0.08039214571491425,0.07525585251643548,0.08712465402562711,0.09152868641071905,0.08584231505701653
adithya,1,231,0.09438935695397611,0.015986193964618516,0.1007077454498719,0.13274205309854323,5.160954808184837,0.08487648771248801,0.3976471602079362,0.1878405718950633,0.18102571201538345,0.1065714352910336,0.07111610812933941,0.08852129763309645,0.10354019252285988,0.07865932912494465,0.06497003856097612,0.059739043155030744,0.08199475303353133,0.08378392334548025,0.07923416013613964,0.04222740545770867,0.05258379704613053,0.07646900677640661,0.08307322335068618,0.0988238589604439,0.07838442320751492,0.08192578775017445,0.09183758642776041,0.07853393821891214,0.07720906182134595,0.07719306867158644,0.06657207263272978,0.08355732744856052,0.0806458339151642,0.07270149707694848,0.0946229399376455,0.08792529329869327,0.08201960307058848,0.0983463482667562,0.08187023286979364,0.0635592860604708,0.0970407786803328,0.09303696681000188,0.047684148973925033,0.10245335657643435,0.08886799977680877
adithya,1,232,0.08690034083671333,0.016724638419755505,0.1297994505622703,0.12905449786655576,5.602792912141448,0.0541546727733748,0.39165707447272124,0.18391077039506867,0.2196777722458624,0.11172592049087847,0.11235408439037102,0.06966562467997839,0.08238332615905346,0.08300805596897301,0.09281400415003692,0.08277823333149689,0.0776615898830369,0.11034444650306785,0.08031454385790723,0.0441287503819697,0.07553977060830643,0.06850986358925042,0.07506527370946192,0.08570822397480089,0.08607537837035506,0.08585106373743469,0.0931496477529383,0.0602712780485461,0.07098599091025609,0.0738598839273976,0.10844554083322044,0.0828732583645167,0.08665953928497477,0.06340523499279015,0.1016688296852698,0.07617741129024212,0.02696770691238856,0.08647991185030897,0.1026960058509298,0.07497611749428412,0.09799465530019356,0.08205933494989473,0.07353130546432542,0.08560722264990338,0.09449593881061089
adithya,1,233,0.0861032557420923,0.02043071231976948,0.1105575489300717,0.11980727493241271,5.162652874826534,0.056224814006198415,0.3361718999629116,0.1940451757684002,0.2063228098532228,0.11324648191431663,0.1270862793114806,0.10129829689585215,0.08454418692921425,0.08405690997610375,0.11563274768484123,0.06789010973574824,0.0808977732433751,0.10184301106604433,0.08459981621743567,0.024242676646377394,0.07576600320043797,0.07429884235911129,0.10931600098809621,0.07256164204451127,0.07727925806652515,0.07072358885010797,0.07930167296570949,0.06448302713163441,0.07826944500349468,0.0768095752786737,0.07183197984363854,0.0770041121981362,0.09895809845740729,0.07596588135075555,0.07187969191767928,0.08636280770161224,0.09988989543688846,0.0875675833198204,0.07710337325789439,0.0704208325049142,0.09177642494917024,0.08725635156277795,0.09708790159974433,0.09165717934215466,0.10031256893698245
adithya,1,234,0.08053726700349503,0.012191034806958514,0.10806768450020841,0.11163916795867802,4.706548311260075,0.05854729003879035,0.34652583256079367,0.19729733873720376,0.188931430045323,0.10610552119119543,0.09657896867021008,0.07696168729384359,0.0829106024239715,0.08201061993113067,0.07826310798285,0.06567240398668686,0.07058662512488298,0.10411217785203677,0.08280012723928956,0.07361250706461675,0.09163243978730307,0.0858346794326563,0.08877740717586238,0.086801776846441,0.07769843333731415,0.08280481551527118,0.0912664676515413,0.09109458759998053,0.06544952901005914,0.08439187127053119,0.07634189144238068,0.0773735202149069,0.0886444689168042,0.06585746620858862,0.09689212754807687,0.06560806756470987,0.14351930509393776,0.09563843530036142,0.07744831237756748,0.11044173196927595,0.08232895237540486,0.07282386114693529,0.09830063755231444,0.08905872885609685,0.07519904612582304
adithya,1,235,0.07708215481036561,0.016479331703279962,0.09563435462209305,0.15094758716077875,5.152785895629279,0.027107254038583196,0.3802319275932013,0.1913436237723762,0.1891952626764436,0.09335975162651172,0.09755259861582358,0.10115693060712908,0.0908019194990917,0.0824153133022394,0.091573611817358,0.07060893184961377,0.08291442446280445,0.08357779242883698,0.08298207020149946,0.06044254731853123,0.07882795657867889,0.08333273585073173,0.0955017734341697,0.08482023233988727,0.0767969770044841,0.08701325415776799,0.07215260020729959,0.06470840014573932,0.07741297657150632,0.06806367963676373,0.07617579636993996,0.09291632451774748,0.11612887099717413,0.09335459673477642,0.09076775031267234,0.05741162918163093,0.07821995308987431,0.07173843226165842,0.09236700055777687,0.06980052267817291,0.11464986849035998,0.09849418552351588,0.09545709762502422,0.07837441687124162,0.08096827903951598
adithya,1,236,0.0829779523615954,0.023081202768911575,0.08371065182292578,0.17712050445432864,5.361310010327196,0.0690137507566111,0.41227154305461605,0.19104196681787464,0.19217180961670804,0.11933423131571742,0.10272929932091898,0.08775424890257777,0.10925205970150292,0.0793098762222707,0.07238152684587751,0.07280216278410376,0.09097205505411238,0.08944021582852431,0.07985892701851693,0.06756279458543768,0.08232615797867028,0.07196425141665527,0.10004290588904302,0.08361286125941073,0.05503126578239457,0.08904170581647851,0.09511871777042474,0.0866548106957603,0.08500419930046385,0.07533180013150254,0.07004158731444601,0.08479144776215475,0.08061972262268924,0.09271419388905323,0.08114623868086504,0.09848811416747998,0.018966315008910856,0.06358063915946258,0.07918509301906897,0.056284794947200775,0.04514366558215487,0.07141624774301132,0.0837129371035603,0.09873471690315697,0.09746907774376228
adithya,1,237,0.08187611549629367,0.016539468529918135,0.10455134145344458,0.12663465213129443,4.858257310030842,0.06800434905338415,0.3884820533321,0.1902697492509315,0.219334068645939,0.09840627919610775,0.0869930805911475,0.08951660814369318,0.0972131195479149,0.08456133382575654,0.10011256975072945,0.06846358223249585,0.06300961575321307,0.11242014073570822,0.08414594262766081,0.0800365212716471,0.08499151050528528,0.08357190543473385,0.06022090162880259,0.08325717565916652,0.08953107718526648,0.08278295262502304,0.10451128765168582,0.08679954293050003,0.06768964241384191,0.07777044445529974,0.06807497005572247,0.07503993704286709,0.06654056258615115,0.07144315884619057,0.0864081307324002,0.08229837332914612,0.09883878549971294,0.08892001240745316,0.0995617197904104,0.090066747159059,0.09046586360376559,0.08620685399774472,0.08557933297916269,0.09951417535815289,0.09544492540925167
adithya,1,238,0.0808515579101181,0.015571798190012011,0.12550110861284192,0.1516159892972785,4.709820968123205,0.05674431379542499,0.41743563157617714,0.19879511298499164,0.20975921166453546,0.15608477563120113,0.10924464108288767,0.07954051750669863,0.05984573899668794,0.0875386511609415,0.0493445328678931,0.0618778596195363,0.09209656137834393,0.10595625919576367,0.07962788367342327,0.05645855132061028,0.08899564819846889,0.07162588788346651,0.09065737971295978,0.09300098793247275,0.08839120500156414,0.07884631152639036,0.07362070823005194,0.06326133040624228,0.06673490508952927,0.07358452425754133,0.07524964250174275,0.10447770144954405,0.0897936979198492,0.07262386133095429,0.10344841897809784,0.08019376063497345,0.054717348741324966,0.09474364111012898,0.10253211936915721,0.0869988791579997,0.08763085764925338,0.09824561490829439,0.1428813411637091,0.10025662369544977,0.08880882301238012
adithya,1,239,0.08140303145598353,0.01778225022608838,0.11866182834646567,0.10932657577466215,4.724633243919999,0.05015082632967937,0.4115220016704251,0.20546813605346767,0.18390038736178038,0.10408762106208831,0.12377495245719584,0.09230520379071777,0.058353464997003515,0.0912732115948856,0.09063579805323942,0.05815974522876453,0.08189293114469154,0.11398961986712965,0.07802709330995969,0.06135288115405542,0.08269012420933092,0.09414697583330583,0.07229139449254786,0.08587138212692905,0.09733076684346352,0.08603533189493273,0.0788061413129041,0.06942071474206668,0.07352228980775412,0.07794059149772939,0.058525606995264406,0.08303627729037544,0.09463865601390174,0.08795238257180914,0.09690356259616782,0.07501859196446974,0.05255677332837588,0.08776900331464099,0.10196125293733631,0.09059767994388274,0.11277384133649529,0.07580795998617133,0.07995660792459501,0.08002473202189278,0.0943815204741286
adithya,1,240,0.0792340841949661,0.01576196072292967,0.1163230391135258,0.1278238064130334,5.490917112767299,0.05728130539114706,0.3733760130053567,0.2039021859176732,0.20442162269910052,0.11199619600612108,0.0850716920512017,0.08587011123608003,0.08281972562512216,0.08433498958298266,0.08578660764697817,0.06880672207599048,0.07994006551854978,0.12132724748333665,0.07386671001821637,0.051931329698656645,0.09004262918522934,0.09020349242446414,0.07715630374199586,0.07992021924713835,0.07553591620863866,0.08288020683330428,0.10066067520819158,0.06269767699322977,0.07331596118632559,0.07402941268495473,0.06660915107045953,0.09889476688450786,0.10635716186989304,0.0714968152923336,0.11741285646572415,0.0646426608450541,0.07126517536073138,0.09089408112009606,0.07017750980494411,0.0869678377299153,0.07603872660077254,0.09226074580647867,0.06461574336356159,0.08881179052244588,0.08594685951266784
adithya,1,241,0.08434545963375381,0.018672784166026232,0.1089950893224074,0.06171417945595528,5.021810813547146,0.07879904994157791,0.4052566120912686,0.18584645606323186,0.18733239358950882,0.13620421430317056,0.101098592930115,0.08547219374333484,0.08270179613223472,0.08757702768387493,0.07183225370227697,0.06848189137556898,0.08603704900496105,0.10294530022929704,0.08092276469056991,0.07901930265105132,0.07781221457785728,0.0717405915933096,0.10024773514916605,0.09802796316800481,0.07982166876211208,0.0875221184049538,0.10150932126821673,0.06242928478558988,0.07953850684031769,0.08136383102511856,0.04947346605913076,0.09317587701466919,0.09260436259353212,0.06779409261587553,0.0833371770623475,0.08222830110518332,0.11787198248075648,0.08181889212494282,0.08020183202498483,0.06611362997843463,0.08475728623670332,0.0829575731057762,0.0868569962359373,0.09493463894615195,0.09790967535640743
adithya,1,242,0.09501207718446053,0.017255765960797545,0.11225315587718387,0.09689781103163135,5.0071193552478075,0.07057685143958728,0.39048386311869393,0.18664544291832044,0.19019998008839079,0.13685652095262055,0.10660366116504452,0.08037890722487048,0.10348143547453363,0.08432234810555103,0.06807084992136682,0.07112848718911123,0.09204369574174481,0.11473431834833055,0.08629766396208895,0.07365929979808879,0.09193328633293997,0.08138754298659237,0.0578181226670012,0.0852094434555348,0.07743581543342257,0.0859982653769453,0.10533013432830776,0.08302868402961755,0.069550584095465,0.06294039213655443,0.0820264178338746,0.08399207398924854,0.09643424288547024,0.06999993908530242,0.08926769998018545,0.06885338392022003,0.08982263779009725,0.10168910090607558,0.09783214474861177,0.09198383874643337,0.07997066663926523,0.1110275503468991,0.05725027056652877,0.09955050675549754,0.09420117910999162
adithya,1,243,0.08311761480879531,0.015362062012825455,0.09165774411935365,0.15714923842508324,5.070235767970302,0.04428913176134717,0.38318691442034947,0.1997292107254862,0.2074772531397481,0.14397810303062558,0.09371499074548298,0.09823683780317045,0.08379922237709862,0.08088566355255743,0.0670959195026816,0.056730571547615814,0.08416436589214389,0.08684904863852991,0.08594555618320984,0.08378498656536255,0.07786309321722837,0.06731306072260096,0.08755876762875753,0.10103958846192161,0.10106798461985736,0.09034682461469834,0.08254479009712533,0.05518332042718264,0.0738461069042345,0.06475042892053177,0.09910373768525185,0.08234627693070658,0.10726380415901249,0.08511921315733553,0.09701071012927913,0.039779140760346915,0.10595389235964377,0.1082270361625675,0.06922133951114867,0.062038294148412956,0.061541513808359795,0.06748320933658977,0.0701855152180639,0.09031522837608284,0.0833211062756979
adithya,1,244,0.08066359374039098,0.014561339259859106,0.09414515772537736,0.16280745394138166,5.48715237935582,0.06451121308183125,0.37261859764525934,0.20994367743268338,0.1944024506286172,0.10112042180066352,0.11116687985229995,0.09823703993742712,0.09480434798882609,0.0799093370218173,0.08723434473921274,0.060294651153368795,0.07676004939232238,0.09630335179493213,0.07703968819478663,0.07431414054332729,0.07760248883005008,0.06407448016586823,0.06397462995105441,0.09266681705200194,0.08345029581059903,0.07294819622640428,0.09671396676736094,0.07557197672774368,0.08568805308452933,0.06685830113434525,0.07260894874889873,0.0800196059158234,0.12628615396455323,0.07395096483847552,0.09761281246583457,0.07022645110033446,0.04528882661364876,0.11568753416504994,0.07234083147613589,0.08685147695153136,0.07365711338271252,0.08851760455716948,0.08834077697082794,0.09080771781382876,0.08088268675679636
adithya,1,245,0.07765127517648508,0.022950659600750052,0.11040976930813741,0.12589808792382448,5.339565896732704,0.053540826953140774,0.3670873108653825,0.20920386256227777,0.2058329657405363,0.09868423190047472,0.1048555760112696,0.09130959770168405,0.11056898514409813,0.08043056481005777,0.08689789002303192,0.06903943846646629,0.08678736888209371,0.10219551960279694,0.06968292594023703,0.021257708078906742,0.07063438230753051,0.08486236275788181,0.08611045073252895,0.09466517554273178,0.06390115063506258,0.07644128093543512,0.09462529821885153,0.05754814891971173,0.07948765706455292,0.07309079811063293,0.0698702004177247,0.06766637256227716,0.0890319186159046,0.07175742411027146,0.10321725161755957,0.07289564289772293,0.016031264663555644,0.07723587780151649,0.08106771352124434,0.061267723644874816,0.05595956230950546,0.0856962266994354,0.07106784546993326,0.09154478852289386,0.07772469697828749
adithya,1,246,0.08011875728790442,0.01841325926830195,0.0979362820429423,0.13179382993812133,4.630273760925178,0.05991941878516118,0.4189401631283354,0.18707370632886636,0.19719947617848843,0.07985423805158232,0.06305948443497233,0.10222885966538212,0.10294211141223569,0.08166183770132461,0.07497663275677954,0.07136244070156374,0.08240181365573393,0.10348555363921653,0.08014837119894352,0.10381548804693594,0.08370122871472546,0.08919122891180963,0.06324825732490699,0.07597280629757455,0.06374845501615196,0.0764000683080477,0.0884138100843147,0.0684068372474301,0.06541106662294119,0.07072595116565684,0.09247890093642694,0.092613610090826,0.09993757326221814,0.0798096231933614,0.09488255609447696,0.07911738379623214,0.10662781351422448,0.11354714791126289,0.07679341284445351,0.10634417285674677,0.13031877083884522,0.09790444446619243,0.10098865918729188,0.08745510664239466,0.09154348703293638
adithya,1,247,0.09073370142819198,0.014320875796679306,0.1060978039190363,0.09855541343701345,5.335577375443578,0.05235732430774916,0.4089721928979032,0.17641000876100632,0.2014350776776265,0.13922300017663594,0.10758385321713057,0.10339210927920979,0.10255341134548059,0.08479076454771546,0.06162694567222779,0.07501485248147961,0.0903278478914303,0.10547324021216425,0.07853504883482589,0.10643678063179363,0.08787645155089144,0.054285295877102985,0.07386983757737256,0.09474543741347255,0.07552748727568918,0.0807473054431469,0.09750895410916435,0.06344455971892776,0.07098312067010058,0.0649540449195331,0.08838807513572607,0.08787233346950965,0.08335981257871974,0.07177025865551759,0.10173132856069458,0.07804849132681206,0.12998205485672465,0.07460551713591772,0.08138504596431892,0.08164742036258871,0.1168447739062065,0.07709785465984309,0.06020228551940757,0.10373920046338347,0.08627874295504954
adithya,1,248,0.08330936169800429,0.016909111699155335,0.13325878234703903,0.133681073202298,5.395466520096771,0.045307837500487114,0.3837555995987626,0.18860593550998792,0.21189108254290387,0.13642088770598199,0.09390588447722814,0.07114461264555808,0.07711527341115845,0.09361312693898081,0.08235780391997156,0.07245193904797795,0.09908010929207786,0.0916075274415593,0.08630920841441637,0.07156955658412696,0.06649434156819425,0.07678965869494639,0.0799431602790359,0.09521134508616513,0.09477068886394695,0.0854028099725091,0.0801822706593027,0.07798579223479968,0.06108831195151852,0.07215464847173426,0.07149734418773698,0.08360449996391961,0.08620893607287342,0.10311638827560751,0.09730594708805557,0.051056012484156844,0.09969457814438253,0.06300251344131977,0.09425237227804245,0.06850776556019163,0.12227952475602946,0.08691066195339774,0.07459661648701181,0.0926079690890408,0.10220737826193077
adithya,1,249,0.08436036165109816,0.0133999849261557,0.10763678173598813,0.13859808569421855,5.562404767918995,0.04323631831578062,0.3730308830943534,0.21313833127947582,0.1939300922981029,0.13104846637378909,0.11119001510668625,0.07852842615421528,0.08092831279469517,0.09369721647286117,0.06978326149180507,0.06136238913037187,0.1021250958389545,0.08786711034648077,0.08432531550130674,0.07510053445428656,0.06753203445848309,0.09795726276760856,0.05416491519672859,0.08820462782204391,0.08153129477261757,0.0771810569928827,0.06107726839946521,0.06302895903570775,0.07151841117598713,0.0638564868287262,0.08206788444240903,0.07280235296377438,0.08972597242986918,0.07319050680613726,0.0820134096325796,0.09851514566337297,0.08201536055693114,0.07903354045485521,0.09050096946634864,0.08872102662864759,0.09116633188295914,0.09817677597947623,0.05132955303944521,0.0771502576645551,0.10331269962473841
adithya,1,250,0.08862209867270184,0.014018978036357394,0.12307489393849248,0.1237236830030076,4.64187138116419,0.052330626696760286,0.390584753794952,0.2043774610167495,0.20175500154695508,0.09680561167525792,0.1113349093603195,0.08292608470360475,0.065754781656203,0.09478307697849779,0.07065377597777228,0.07085008283735826,0.08246496473511002,0.0870882553459895,0.07660917067730055,0.07363264626179376,0.08234420714505325,0.06809779031977344,0.06895567709867596,0.08313392660170901,0.09619013307633728,0.07492325996438236,0.09831834959245372,0.06861664466137445,0.07201640282716502,0.0789429382373447,0.07527736155908063,0.08247186892797377,0.09773927076084765,0.07328161741756231,0.0902617342846511,0.06532925175465468,0.10281627720146998,0.05064421372985186,0.09531204591229732,0.0679238843830019,0.05475779712009304,0.08409546059805717,0.06289225291938288,0.08791953642930064,0.0659856485379335
adithya,1,251,0.0823918191965605,0.017038172273112277,0.13160288775216264,0.1818613912541171,5.263677962683699,0.07899934893232938,0.38792189204873256,0.1884577095547912,0.21008554270111784,0.11085613980570597,0.09534481677020419,0.08733342451555876,0.09036130979265163,0.08744290416054061,0.09612789651021741,0.06670685610947194,0.09031530320314886,0.08483499388529425,0.08502012990916423,0.06861185131662856,0.07163686714006684,0.08327490608488425,0.06421099076350781,0.09600672928673573,0.08015860946813737,0.07035180221419625,0.08998803280241292,0.07222197545155638,0.08009464935430761,0.06835906560442467,0.06762402365271815,0.09556494531765582,0.11376162995494768,0.08097224492050949,0.1132903046512252,0.09015275436847932,0.13002556402368076,0.11395222423912493,0.0873823149851108,0.07484804394832917,0.08211155985152249,0.07711263865018664,0.06698431702557416,0.10669230979253577,0.11333193804007598
adithya,1,252,0.0838821590165012,0.017060784881646404,0.11348239058017447,0.13101854833604043,5.597807447787858,0.06987211652888112,0.41684189170609387,0.18802842559899777,0.20026222051629358,0.14100933643159508,0.09117661851266387,0.06646283491501648,0.08097520002598098,0.08422791689115132,0.08784071979766468,0.06323023271049821,0.09445116916251818,0.09802609939166969,0.08410489850769419,0.004075242407604401,0.07838210918915575,0.08006242053406071,0.0941439506377777,0.10423209843465528,0.08346244968996673,0.08670305216708935,0.09151730113093495,0.06744979186355422,0.06909437881184735,0.07694683545634717,0.06158681629037152,0.09013983899467527,0.0981127355253153,0.07264220317862129,0.10907099605129722,0.07009022363994408,0.10886681181376771,0.06705269692601319,0.09512956233267995,0.06946027139929882,0.12067381637617636,0.1053917530746327,0.09224640538806672,0.0881539134115683,0.0831677478628607
adithya,1,253,0.07455275759808051,0.01712761316896499,0.09107580680806679,0.08147902904904779,5.371361695625765,0.05504889001733862,0.4127179910614616,0.19391233711626205,0.184637606530491,0.11246011087945873,0.06572726230480794,0.07386880164663576,0.07160984834685273,0.08175292589987752,0.08651522046697663,0.06154208760552217,0.08072790476381317,0.10842343214605545,0.08028899056417792,0.07336092806292392,0.08177993301898663,0.10519259461225272,0.09829287410417015,0.09057737438238404,0.07152588419444432,0.08345487686681106,0.0756005963787807,0.07383620697290506,0.06413389232350705,0.07103018021742313,0.08199039471636703,0.07602432012287902,0.07932440054682727,0.06591721673434332,0.07615240599214532,0.0598973187609584,0.10501168359432904,0.08553154593642087,0.08019219194151411,0.09244860789674757,0.09258442291321153,0.08541006793964309,0.08111450432728526,0.07724876167565413,0.08340825208513203
adithya,1,254,0.08114702842364128,0.017652125018888683,0.09379101279119444,0.1678054769904754,5.3763880568781826,0.06578808307302843,0.3761654858444052,0.21434077460695772,0.21544382171102386,0.12454802591914227,0.08324956373859432,0.07651707409277067,0.08729236961466622,0.0851079855394857,0.08732157322403446,0.0690744047073687,0.07122965131861923,0.08517980407242981,0.08169507228670021,0.10796749403228172,0.08129597426990787,0.09599400157701432,0.07900301640298593,0.09685984708077872,0.09028089770807383,0.07606731299526655,0.0885201303679889,0.0672286059274016,0.07229501992486584,0.06928831357021213,0.07853933715406239,0.07252013489185352,0.08525149462575392,0.0755670363590722,0.10794923773781175,0.08583180195690135,0.08448081907007834,0.10219539468337127,0.0948357368289367,0.050412228559594666,0.09493346833572054,0.07848229090703104,0.0923414006789744,0.0911686709217552,0.1051545996800492
adithya,1,255,0.09150131665558035,0.013366657019436309,0.08201052622358453,0.14116537371273846,4.858304446784012,0.0587789009791795,0.4034258015698271,0.18369704654281588,0.18106736468946388,0.14978303170541343,0.10361816178954189,0.09693175787218405,0.10894168027240997,0.08810714471093412,0.09160494229049926,0.06087578095074085,0.09542549702123232,0.10523990137001193,0.07779307648107633,0.06901264385414886,0.06437069416421055,0.07266330580184786,0.07667285646210563,0.0929644613156231,0.08784326541957631,0.07875574379059973,0.10013974574443349,0.08065616015647534,0.061274636430298055,0.0755494875128722,0.0855508219537987,0.06464465276901803,0.08277484083274357,0.07789871417669804,0.11975446469957676,0.09430899342916736,0.0847518934735588,0.09473197234467055,0.06108045984498931,0.072590884084875,0.07032732443224343,0.09581063023065853,0.06978028960177021,0.09695888923277243,0.08794237043678682
adithya,1,256,0.08361864692460987,0.017584630544213154,0.11463956347632596,0.09347264716235626,4.770698438105876,0.045880605451408235,0.3786134476505131,0.1950368860523926,0.21584503058987756,0.10027212535671808,0.0913108902210838,0.08784437659204086,0.06121421774997036,0.0884460786472385,0.0694881447485917,0.06276989408318469,0.08257490040159463,0.13244916752996228,0.08100251166683102,0.062290164961742105,0.071506902013547,0.078127601117319,0.08608460782174492,0.09008862159217666,0.08216174970520851,0.0890954926270043,0.08346696445670186,0.08473800513662134,0.0673503358791632,0.07611422295634052,0.08060729101779568,0.08208962919618627,0.10046818984813848,0.08732954937305543,0.09218935927108007,0.0934796330219342,0.08355337244606721,0.0587357570962838,0.08210720267609779,0.08168312177883973,0.09049171060638432,0.09253992533098827,0.08158918992545228,0.09923478431138988,0.10826140376061412
adithya,1,257,0.09011525718967836,0.015687115309278563,0.11228198327489859,0.1849602040395789,5.193385107331967,0.04743788548267522,0.42918077153448164,0.1904257428077297,0.18607108462254912,0.15565476343315837,0.09054834275119272,0.07463726687778521,0.08623099703854234,0.08080031396483289,0.07722415364189475,0.06139139974519456,0.08194094612387244,0.08510026969670179,0.0793741927793784,0.06725311269170114,0.08522078649259954,0.07120990889404769,0.06343681834483857,0.08561448634787958,0.08250260438125707,0.06929158938918102,0.0639779393152134,0.07710292198988974,0.06872814657961496,0.08740219226774644,0.07275113150735579,0.08551649387361278,0.08097233015700678,0.08508085248792982,0.08092145954089319,0.0889962905373419,0.1005963699749312,0.0973996212265816,0.09271212625590829,0.06790013620127451,0.07404053913113848,0.09898600230905674,0.09525755648028685,0.09026378600000301,0.10553277507288274
adithya,1,258,0.08665378867023243,0.01715295877045055,0.13487798983686675,0.11316288117396896,5.197638575020664,0.052296353517380996,0.4106171245365403,0.20715317102947609,0.1759954593395585,0.11592903757560907,0.12322511039177575,0.10612260965728071,0.13405353223019414,0.09074938834144697,0.07983237668816476,0.07514179435086853,0.05647909974229431,0.09163573462935738,0.0727182116927745,0.1126051409078064,0.07886336251852359,0.06142864420377218,0.06450093423572634,0.09634472637320639,0.07363739451542073,0.0688602656328417,0.09487112807991095,0.08175784372131542,0.0684255354265544,0.07377239840247848,0.053930037053226826,0.06831060547541151,0.07417788377963139,0.08591573882195878,0.09689566677603503,0.08561354131451804,0.08975005052650585,0.08350821546230826,0.09373788707433103,0.09409666674660018,0.1083630897545713,0.07043127742538016,0.05861808392954106,0.092745734990971,0.10213540339205154
adithya,1,259,0.08089655316731388,0.013187975706137469,0.11138559336294462,0.16177844970752747,4.927829599492679,0.06509142924887776,0.37831310131169654,0.18607413722202756,0.1713714361838583,0.11459438599768781,0.08989524753391367,0.08427148349730859,0.11585790889894898,0.08152848651147215,0.06559059109419667,0.05927179709395487,0.08993065867854357,0.1265653239162729,0.07901730998957789,0.09437827662191144,0.08243454462175559,0.054831914731493084,0.07402945545748836,0.09469471719651262,0.09473407969755733,0.09465675357201128,0.08333535372306833,0.06897336490072514,0.07732601645746576,0.07820906084256021,0.09680066645770821,0.08852165874154916,0.10650956391039254,0.06316891253737951,0.09296832841584932,0.0821535742423467,0.1081733496880318,0.10346041566081239,0.09091545150023797,0.09054107662556934,0.07482841442143756,0.10259005131947771,0.06903095240585079,0.09320548954989968,0.09329785804753565
adithya,1,260,0.08411421802689868,0.018347769357413318,0.10739769353468344,0.14517381468570872,5.087867506021749,0.04463290022588477,0.41232041013705084,0.16772719606086597,0.21551344337936276,0.06310068742631567,0.07669471652274376,0.08291791797255126,0.08879601768703936,0.08608317655346034,0.08034831202377828,0.07516866012609481,0.0752989181380956,0.08494180221905959,0.08798870474849965,0.047354790214374685,0.06967053933755984,0.06322862260909648,0.06341823946334199,0.09395972419736198,0.10291722350006337,0.0846731529676296,0.08951466914844497,0.05677026198871037,0.07469253937549947,0.07742866667464426,0.07208534268314744,0.08746015916999393,0.10827856308718994,0.07170014621109655,0.08355220148549454,0.07480142152006375,0.06691437800231122,0.09411857370292202,0.09058060942233973,0.07431283157042022,0.0879825750502379,0.10734449678652694,0.0679389311235939,0.0889618570016544,0.09779339142761304
adithya,1,261,0.0838718316858177,0.01979394316501438,0.1179583496372665,0.11600640833995653,5.433377342300514,0.067670490786668,0.3402468731429877,0.20215975311341733,0.17894435774587447,0.12693087160687355,0.11281096704714116,0.07755377460653146,0.05500001772152778,0.08676702936917802,0.07850922915399701,0.06859834142331488,0.08172813655565885,0.10812060150263253,0.08792062535229932,0.10649987529543985,0.07879773953302545,0.06885829416851952,0.06762284632858952,0.08572138158577655,0.0820466287185748,0.06904042854210712,0.09658055484093665,0.07245137265805757,0.07266871950632485,0.08061867132271947,0.07552654287429995,0.08043447500782863,0.08064952590138696,0.07144021624895514,0.09901536386788477,0.0615807327334322,0.05377019649406634,0.07139215899689116,0.11375772959028944,0.06475632296658157,0.08072313794672661,0.07872383848742646,0.1246655462985709,0.08385038843215845,0.06018548069243695
adithya,1,262,0.09109391296547051,0.014717335083491089,0.1055889340112918,0.07784264908782118,5.314614998626325,0.05016212094227801,0.40596451773941283,0.19314181350307236,0.21518777810965323,0.07624868468596749,0.09909709623532467,0.09480960220263891,0.06068160158439415,0.08379272272075251,0.08598306969683435,0.07226535041237295,0.09630654168416404,0.11536854854047311,0.0760915082234902,0.07738822041937417,0.07475310698670223,0.07573749315298865,0.10700426403908664,0.09965919809423925,0.07881870535630717,0.08327102167398477,0.09904669938766232,0.057425527528235584,0.07634002861707084,0.07239767839869805,0.07851580534033153,0.08739687493210473,0.08098215413302538,0.07901539054066609,0.11012899165368016,0.07514837839972491,0.11922864236228686,0.06705480675084813,0.08246603008563028,0.09331162008424924,0.0978565057822855,0.09515299555411316,0.09852920989318431,0.08482782804579758,0.08208683068930177
adithya,1,263,0.08292714925509652,0.012651214907009788,0.10858223388289918,0.04033914418905306,4.8606292676532155,0.05094465198167744,0.3464487245504402,0.20500210739631433,0.18101889459754025,0.10958302471255374,0.09006741331710068,0.09837113085821801,0.10477985732338753,0.0880164077163424,0.08484060542870174,0.06446367106031566,0.07645072126633747,0.10577271545100518,0.0810879230164502,0.10730392952684613,0.07545826167217265,0.1015581057263851,0.029932794712635657,0.09000537922743655,0.08511148953206003,0.06622720403612754,0.09227671055174473,0.0794604379378852,0.06977465547982263,0.07664742080605823,0.0682086719449251,0.07967386908304577,0.10308875226294464,0.10452402050573498,0.10697472259672873,0.0747675309317193,0.1059313509427396,0.07794812492034323,0.0968816325038864,0.08099294220978819,0.1066200236560316,0.1133821472340207,0.05217898068276854,0.09044926014262819,0.11122326985403681
adithya,1,264,0.08011332422354961,0.019047934535866236,0.11283295937018663,0.07750630960934768,5.27094244545811,0.07531886401323727,0.40470705630253306,0.20609413660101508,0.18173210594590997,0.09182464972522864,0.10610345138470248,0.06997676328167889,0.08264246941837645,0.07428827269950293,0.07220176241099385,0.06046445216588429,0.10344671364778081,0.11610233748983424,0.08541034702020167,0.05736394972092948,0.07740931132286157,0.09014437160790938,0.1032988019872305,0.08732329067574338,0.10032707115658208,0.07786996590721938,0.07971086978467035,0.08527607657755848,0.06831529372958257,0.07573006584297481,0.08857901383275518,0.08546450517862102,0.08895758505617489,0.079204874338929,0.09724324007522701,0.0758443396812544,0.0694275754531529,0.07730645983954026,0.09226569029268367,0.07412281419911938,0.07537663033179212,0.08164783368785819,0.11255219312165779,0.08673097181160268,0.09922048496675841
adithya,1,265,0.08357778741138198,0.017251465830323998,0.1127706330548485,0.18500481915822348,4.872108538360552,0.06476718762323845,0.3810944469451468,0.1945333494780642,0.1785292339834562,0.09129028977283285,0.08557061175224975,0.08419950934475727,0.11568727724061295,0.08969182716996861,0.09571867180075036,0.07034489832295403,0.09304547322327993,0.10912406999644358,0.07020646847314399,0.033076392637524404,0.07262953392199956,0.09515736695832527,0.07657469908394032,0.09050236482707703,0.08135523139908654,0.08065316675082922,0.07758602438638616,0.07576588081799666,0.07249154557936378,0.07405539056670962,0.07669290638604974,0.08173481253532415,0.08537564958079469,0.0674673459696915,0.09419037262966305,0.06721666387519648,0.09540262864507824,0.09562752793920487,0.08257484186682815,0.06321945126750947,0.0670953886968044,0.12136182924097394,0.07806462185634493,0.08734298970816197,0.0773704090852175
adithya,1,266,0.07647391034516965,0.014984791896653629,0.13691924387564358,0.10931000710040824,5.005034730399302,0.05668695508588626,0.4202737292066847,0.19078186911923004,0.21759187331615792,0.11349709568099205,0.09816725745516955,0.09604764238717194,0.07131558155351526,0.08166348997377171,0.0808021520810968,0.07511192271751797,0.08965002396114578,0.08714590528953885,0.0769612955467337,0.03476005254145252,0.08440227004094922,0.07931040036672451,0.10183292887383241,0.09367213320769065,0.068321712058125,0.07460715552561589,0.08995998140894292,0.07030984358255571,0.06389234971945276,0.07557020005741016,0.08112609692350582,0.08993396030445062,0.09221014549555265,0.07206405233594726,0.0749489419200851,0.06801681400459288,0.050114636048661336,0.07861643897746455,0.11026767166728169,0.0739096090354506,0.1057221282126548,0.08124171267482294,0.07237189861867005,0.09149026163632963,0.0817730862857666
adithya,1,267,0.07579493623002591,0.015188965713832476,0.10742091653771232,0.11875235733459136,5.042600514943522,0.05875984555545959,0.43541440446973584,0.19965570859604279,0.18315828365693518,0.12105767952077998,0.07655041174196167,0.09547841795137349,0.08955511346762175,0.08430722733243334,0.08293000393715866,0.06684059658608345,0.07827693877829808,0.08799339018717818,0.08640339646031961,0.09626156852883533,0.07367262862276128,0.062319609826323855,0.09035846471656614,0.08425027756639931,0.07216345391921103,0.08257095284123031,0.07818536525620781,0.07803847218419371,0.07700639132254919,0.08188337162724386,0.06793228500611986,0.07188866801336122,0.07661447699593033,0.05926262041181265,0.10724632197705375,0.08628236935725078,0.11013229287010051,0.08323506101825505,0.10387376382397039,0.09135554181471739,0.06838946169146853,0.09680461847953845,0.05723990689557312,0.09823124774791078,0.10231152771290816
adithya,1,268,0.08164960938649571,0.01470797542406505,0.07680052496055433,0.10253307202911785,5.325226115485206,0.06792543407818315,0.37331729855349954,0.1992159084544428,0.2207356573768885,0.13092552280025255,0.08655277956628223,0.10520363078995328,0.08685579966253475,0.08095621994392263,0.05814885388714525,0.06895549828900124,0.09064215671392685,0.13519341444795796,0.08608473461918174,0.06829183327181161,0.07863125849817562,0.07055330240402895,0.06506276662044057,0.09009552908338533,0.10054064656915263,0.06754557189892636,0.07517780913901004,0.07748133042109025,0.07118150031025276,0.0721708599879877,0.06213799863612701,0.07915406154848696,0.13136738943941742,0.08797485733249422,0.07846268580701043,0.07525153414177518,0.08604982044494107,0.08478792223973508,0.07597174764359439,0.08718207898029078,0.07823932663007285,0.0845211777035123,0.09504590945612267,0.09131929846293196,0.07760596387307644
adithya,1,269,0.08323600332145188,0.014144873894953246,0.13370723196137424,0.12631188473581745,5.360488104255092,0.07594468825343671,0.38087319129567415,0.19842392666579434,0.20458093333687483,0.1045083190614743,0.09347454946557283,0.10831682584834715,0.11055336038061936,0.08519520461033765,0.08285641288665244,0.06329683621868748,0.07261296590298377,0.07899390748367122,0.08239702119984336,0.08061812391158618,0.09362100402708369,0.07023491586315175,0.0882113285055339,0.09680221970256746,0.09671509984205415,0.07882226050058656,0.10009420884745708,0.07345129228515972,0.06385371705498973,0.08340876806681227,0.08744898838335304,0.07510842688375001,0.05890357470124172,0.0718598836882301,0.11595513290129617,0.0763096035211995,0.11841150426717455,0.0929267013613631,0.09792817964268134,0.07705305015070138,0.11750394455160511,0.09916215360590053,0.06943886208656531,0.09558916765200905,0.1048021240745863
adithya,1,270,0.07666923429696884,0.016576950011741965,0.12613974181621854,0.1279488838475169,5.198977562558816,0.06333690627129629,0.38299379553991447,0.17995815246816182,0.1974751846020064,0.14339322574524016,0.08309580778181705,0.09361373694314364,0.08805763556366611,0.07564068308306365,0.07093789548083759,0.06059797953903298,0.07042483034144105,0.10493980477496265,0.08861552254170937,0.06666616276011883,0.08823573936012508,0.07423106358520021,0.07989027808500954,0.08301045411989896,0.09537542415824032,0.0731138734904519,0.05820753622022878,0.04348891541304764,0.06878319108651357,0.08316329378056156,0.0774364743626197,0.09252517664361638,0.04887640431306437,0.07332278849060744,0.0937143065639618,0.06448796479802357,0.08298614382482833,0.07775769079217666,0.1130469359208741,0.07943714380091701,0.07618789334654912,0.10704694373358165,0.06679603198680516,0.07815761101530629,0.05051890525915872
adithya,1,271,0.08302831059797665,0.011782182047658607,0.10617350243489916,0.17398340830955505,5.035404153856001,0.0843491517349584,0.4007003926233335,0.2040614500704565,0.19111316726717484,0.12452492542555876,0.11562915441792654,0.08362852773874167,0.09401281572091416,0.08724901608936425,0.06614393972159709,0.07038926077962139,0.08542074301458487,0.07706438758251255,0.08647486580236739,0.1537286227618961,0.07702949432759197,0.07987339726582422,0.07486697921630345,0.09875129922720473,0.0920660613326777,0.08724487014661167,0.08008735833949762,0.08142929676479672,0.08627766860043697,0.07945765954994173,0.05486830207509606,0.08637460644773615,0.06899090662863414,0.062419483627184136,0.0884237614091397,0.08308516202130284,0.11005896007692297,0.0868691134351932,0.061522287096242835,0.08595061477703242,0.0851903534194672,0.06612661028756318,0.06850342269333458,0.09639274580363832,0.09377898146197554
adithya,1,272,0.08799213656800915,0.01428815216939362,0.09973102232690059,0.15573295303812498,4.930555174203188,0.07706427648314965,0.4086853156357852,0.1940035227469472,0.18357779429714627,0.090487454929601,0.09151561427654824,0.08229862171525631,0.07599381361219451,0.08348547605756358,0.047468364492497056,0.06896635785045961,0.09215862744333755,0.09730056682476741,0.08743830314930169,0.0995138959219722,0.08273455396716685,0.08857859237700669,0.11469290751377789,0.08858775352311309,0.09526132362029624,0.07494722821598529,0.08378818329040308,0.08267009117313723,0.07510363644715674,0.07181968049278302,0.0864962171330013,0.08824683500681597,0.067818940372853,0.06865165566458324,0.10903586586854735,0.07545068730586718,0.06989449958833728,0.0840856614898642,0.08004802162997696,0.07217491214764105,0.07262163438490093,0.07156457890251991,0.08785244685158841,0.09809601567528181,0.0692590106490105
adithya,1,273,0.08861736881351075,0.013343497070514288,0.11236856742852794,0.19530856698918003,4.919141226331152,0.052427521924479,0.4072972709614005,0.21038241250129863,0.18837853274146446,0.11529374397328346,0.09997073884553945,0.08754461001716649,0.06624680903669485,0.0768912418957417,0.06266761867653238,0.07206880946599965,0.07072329867561492,0.11122962475431761,0.09093618908098583,0.0728705871270925,0.0842193733287675,0.07172371092817008,0.05508022145586447,0.09590853976315457,0.06778161759804875,0.08162371267360431,0.083963581133117,0.05766907302436148,0.06611541420083396,0.06635027707066615,0.0703987879570088,0.08086332828919612,0.07972713652673412,0.06904306712918533,0.10795071499313505,0.07574009393106342,0.09727651644525633,0.09384873830953845,0.08827301764807614,0.07317052644912934,0.09033004214248701,0.0938668568074749,0.08638018636040758,0.10435080573347282,0.08204569993809278
adithya,1,274,0.08890744678651974,0.009029858425337003,0.13959174383421713,0.13689868621413032,5.444709668105822,0.05363558283827958,0.38962725511672913,0.19950046428564916,0.23394136825370226,0.11914176573823818,0.11380508586980954,0.08464861817495055,0.12777245645461383,0.07985183230320622,0.11123226366675482,0.08534220478841922,0.06960716413397422,0.10289991290305676,0.08328646893434685,0.12011964860759378,0.07310727279236579,0.08925752900386434,0.05734411563864081,0.07189898743534215,0.08388359379092535,0.08828339809308036,0.07438380115221739,0.08282236185817529,0.06322231194107536,0.06949116915177858,0.06454460676249496,0.08661994488961956,0.09458031312206024,0.07015817235204136,0.07676019897182425,0.06731096238061055,0.08594145924321955,0.09234711880787994,0.09834328626551869,0.07139152500954365,0.11860218169740305,0.08843184579003072,0.1059523866647494,0.08303896932525157,0.10943007041050162
adithya,1,275,0.0725281512054323,0.01723090500066438,0.10878814012732416,0.09531817652558147,4.634317473096913,0.0692801112955745,0.4015974641471391,0.19200159803712336,0.18274007250070512,0.1404644352490104,0.08434649359970131,0.06901649226959161,0.07925846143776087,0.09183399489949604,0.060230751640067866,0.062235134531258646,0.07914872478936529,0.10234529962501182,0.08178887849494831,0.0662448001984417,0.06787045252002775,0.09126150592356469,0.11878217488983911,0.09232862306173599,0.08026159327185173,0.08341076537425632,0.09616345975642128,0.07965522317156079,0.07114834817980333,0.0731803402931069,0.07917609618231032,0.05798247609818487,0.08280693185158813,0.07349094475053514,0.09856210099902536,0.07494316196754044,0.09437184761036563,0.07986440690316497,0.09461815555340582,0.060334273303881816,0.09054025543036416,0.0993788453267506,0.09576282793270821,0.09884319005168689,0.10143655071908002
adithya,1,276,0.0787319459517158,0.01993844975099963,0.12922912724131547,0.11343515354675648,5.381644489926223,0.06299184789644328,0.35589448056020756,0.20365153163856706,0.22056938607724774,0.12074716879078472,0.0883670144975797,0.08885512836512545,0.09218466600507352,0.08594300909950284,0.06855536085716843,0.06917247488208815,0.08821722980684629,0.09816286547598906,0.08714544764857388,0.05684287985352008,0.09493572197075549,0.10361601554460266,0.07966594548184412,0.08364432905589705,0.07506552164659223,0.0823727578158836,0.08883558281195153,0.08644230588289162,0.06399389289382738,0.0752681248397101,0.06810705441397293,0.08841235168939632,0.055812825354890155,0.08161680487720668,0.09329300066543773,0.056517188484982606,0.10282400371111444,0.07833348409550704,0.07604792900683302,0.0815281786085987,0.08369052926101797,0.08034598559218321,0.09787480667965498,0.08516115570179607,0.060436870499679024
adithya,1,277,0.08895267314825421,0.01653904970030453,0.1265838191486312,0.12368716471039883,5.276414166055072,0.06613755778076191,0.39036319053985974,0.200536838859427,0.16846062202709822,0.11048892085818442,0.11897342630335127,0.08049620133709573,0.08654065991717931,0.09100962225333982,0.07516852435089091,0.07870678477436598,0.08070990121507507,0.11662574490805926,0.07988305097643737,0.045912527729272644,0.07831996194389997,0.07827149938507948,0.0896709832454444,0.09306837069586266,0.0795203869602829,0.08633196203011659,0.09429966178982452,0.06791876794906145,0.0701348346011248,0.06885189374515485,0.04996407118734958,0.08328194771525756,0.08840503530587553,0.08927440064322138,0.11131835217807479,0.08166235798380132,0.06103505284727116,0.09182356552249266,0.0975802830390588,0.057817577743179374,0.10036144044014844,0.10032820357408256,0.08418750341437926,0.07902813099996513,0.07515396269411923
adithya,1,278,0.08618965554912271,0.015729174910303085,0.109480475110488,0.08423788613079103,5.5897147861323315,0.048972092473694016,0.38665827436753547,0.18953568196212617,0.21262249531387767,0.11057323266453238,0.11088018894534737,0.07164491507615518,0.08794229174543941,0.08354047601505642,0.07182960125393827,0.06032519747527443,0.08327996008585753,0.09364122179053856,0.0863499622156078,0.055447078934255656,0.08588680590022305,0.06710396506602777,0.10998926357600353,0.08354877718004117,0.0949595947430524,0.0918646305348141,0.07588845358937804,0.07394215070661128,0.08134485838455001,0.06630730458799938,0.06959151094789853,0.0806191205462004,0.058719659768716334,0.06764425195268889,0.10517703703153593,0.08029896821364724,0.0971356617819609,0.06749760525473764,0.08460084862436534,0.09696537004011052,0.07145237940556975,0.07623994875044826,0.08527121698618594,0.09200853035360118,0.08762657270003235
adithya,1,279,0.0764674340600783,0.01296303061379569,0.09223824631280886,0.08553841522639821,5.276163193822674,0.054824100846507455,0.38476232237619357,0.2017713775234744,0.19356863245837208,0.09574175174148152,0.10626442860526482,0.06997679074953472,0.06507304125010419,0.08094692847318515,0.07386297666307955,0.06284003088531215,0.09703821001758921,0.12502551016459648,0.08043246549600794,0.0827870235471463,0.07231389779817995,0.06923764572752504,0.0785995402782994,0.09315057466968646,0.10486171100339575,0.08202321930142348,0.08287879881492995,0.05735619189282906,0.06290577252525296,0.08020711289556429,0.0752296572648654,0.08343943278482398,0.07194850221997212,0.07667749325352273,0.09690962731976555,0.05374299692785004,0.12525640659712034,0.08835907410038367,0.09275211817748673,0.07301952230506482,0.13542219557887322,0.09873983113194684,0.07846877260240405,0.09585162043425983,0.08083631828112198
adithya,1,280,0.09039177961676598,0.015955962456006483,0.11292399687931291,0.1437482955304448,4.523900053727064,0.05690021883799947,0.3822433106274666,0.19357886512432293,0.17140293245844587,0.12090941931558975,0.1332051306789695,0.10125609499239602,0.08007074904544846,0.08125628039945483,0.0774646441409017,0.06151702604807803,0.07550419142871566,0.09315197810077702,0.07525601023215608,0.0642612929099687,0.0759180580214116,0.08029329274766576,0.06955365873468733,0.0891168672713306,0.09320084734136173,0.08617881632688919,0.07822659185583616,0.08276372840119342,0.07867582334556032,0.06752904417654557,0.07121754533934357,0.07475758354386795,0.08040438122740307,0.08111129364059864,0.08529036367285371,0.06137694775463973,0.09530201457088312,0.07812868712870935,0.07103919663611775,0.07808024645959384,0.09173110632891728,0.0890952638316468,0.06514353542513088,0.1195792172587226,0.09481940478499776
adithya,1,281,0.0900359634520122,0.02143825980931963,0.10633645952509091,0.06775000900228977,4.681197208155651,0.06203391341709571,0.4266949686761772,0.18947994713104482,0.17916101251808403,0.14768854901381548,0.09685338001796027,0.07993146314613778,0.08201566660613019,0.07692873363550842,0.08214838252994235,0.053961958509933766,0.0887927245698741,0.09075768534448016,0.08082106719963554,0.1004918318987925,0.08748698904495024,0.08778254425888704,0.10101028146430568,0.08840664861467375,0.07666888331071067,0.0733630757059664,0.09966645682706969,0.07174673729211424,0.07152499917922142,0.06900408916725409,0.06532751407704517,0.0867376699443754,0.07280635375049363,0.07714118120427509,0.09607879496081305,0.08132556487726661,0.12261283947784962,0.12062034896182183,0.07728009800378004,0.08210180147242963,0.08482410425114073,0.08781050585772686,0.05721162729281451,0.08778628052568961,0.08935503775606625
adithya,1,282,0.08072441222930844,0.013920096693560435,0.12549369081255013,0.07579498320705948,5.915000765435648,0.07301101459909241,0.4263883889913285,0.21557423008789525,0.20299482828266327,0.09297453658093692,0.10551889894920186,0.07682924845925103,0.09374716478635206,0.08543714747563404,0.08797659038609525,0.0708015123025971,0.11232788531433226,0.11058894480619656,0.08718562785971337,0.08476448723520667,0.07869608829868814,0.06391667405831959,0.0996892164867233,0.08696051313122953,0.08939037017823609,0.08208902186871903,0.09102034140821845,0.07323301769520114,0.07026188713652502,0.07610596333335236,0.06351072042493547,0.08397447618504701,0.12083473579704185,0.08807074659229569,0.10669354859976769,0.06789387753011447,0.09832905155501148,0.09462245352580237,0.07471714984196139,0.09482748191685408,0.08025747120916107,0.10317326625571799,0.07067641834822118,0.09053792245847579,0.08179055104773997
adithya,1,283,0.0836310012748675,0.013546129539647452,0.11959205706660923,0.15354510028529436,5.1982568383067616,0.06124624994253451,0.3966172499959053,0.18826114173781736,0.22251206852983452,0.1339257385935258,0.11164323202934581,0.07994743467496143,0.09394684610608064,0.08107256123148879,0.07147165979108933,0.0734746217282253,0.09133519967868814,0.08674568993560236,0.0757472590731271,0.08255546874753063,0.08927977540970192,0.06990644647800692,0.07482347465898664,0.10476171657784837,0.08783495641839632,0.09346894632270178,0.08435399601361163,0.06615166834792306,0.06634615103831934,0.07537685921061503,0.06651435037542996,0.08087426742399081,0.07338860310109763,0.0763477133613342,0.09817200491472143,0.0768027971224268,0.08301608142009881,0.09641249669427265,0.09613437993447199,0.07766213444380564,0.04505890889412455,0.0771353921309259,0.09488029455626688,0.09630024834207496,0.0755009148530033
adithya,1,284,0.08486478371151362,0.014471014529429818,0.09671472975411294,0.13312560459017078,5.331735966956706,0.05482386364061718,0.4081843719589547,0.20213429483634174,0.2001017544441251,0.11912932515886683,0.06631429517462653,0.09137859041210633,0.09407175968837328,0.09824043603925586,0.07589100513198535,0.06557215425616778,0.08182832962566891,0.07674043349316682,0.07726616762614005,0.07061519907140125,0.09437745881283882,0.08095408250819637,0.04660858716679936,0.07907590055655242,0.11003890019129772,0.08176933829018274,0.1025397681670199,0.072723474064413,0.07684928627768657,0.07321531931482891,0.06312736394757927,0.06824504787612952,0.07559777912612903,0.08568608655544219,0.1029759466379145,0.057563046932921705,0.10021478349632074,0.08985696765559024,0.08994137667647141,0.08311407892759431,0.09979829745239825,0.10175096398886148,0.0903684311797994,0.093124459461698,0.07309421752812077
adithya,1,285,0.08559023130245244,0.01657598966253731,0.1044946900512278,0.1547792437256282,5.352652299510439,0.0485780858849299,0.4229976407731612,0.18333203138397725,0.19880212384049276,0.0953769208941702,0.1341913284817727,0.11489483647285469,0.08763714487946525,0.08047083837685631,0.06869172158469566,0.06470744011054523,0.08741036470074079,0.10631707997682631,0.07696920425864341,0.053058626830071315,0.07801719703263518,0.08608904944710967,0.0699695829327247,0.09115970216830302,0.10206586815489052,0.07922464652680508,0.09124979845382415,0.05282865927454134,0.07142294816945989,0.07338386752532831,0.07936341893834366,0.0880453062053086,0.10289907317870821,0.06499045771721902,0.09552766143412526,0.08615064407142925,0.05353369333463495,0.10663043360444376,0.08106428313320124,0.06623779277875919,0.0960336598711495,0.07542072559765278,0.08215894351299581,0.08686415926696556,0.08553905986870322
adithya,1,286,0.08392428192703047,0.01507382568591284,0.10055360645021251,0.12842295827688313,5.190150652873048,0.057458034958524265,0.3780596817150355,0.187319848530765,0.20705815478586453,0.09864183916592989,0.1025736755954878,0.08781575260198402,0.08512631706473092,0.08285523080349988,0.08185293519460846,0.06339466188157786,0.07455201788834512,0.13141293434786097,0.09310751039938821,0.04904736624220268,0.07115336875505508,0.09410812182186455,0.07136774880798952,0.09722991050125514,0.0822385698366716,0.07154864066919119,0.08106397972988112,0.0655016208792157,0.056980183270534085,0.08563915910793188,0.07184182194607829,0.0872341942160244,0.10059642629800422,0.08825992025471747,0.0963340806253893,0.08313508071724529,0.06409501163409773,0.10504947084633043,0.08140551294675766,0.08520243638594088,0.05490458533866126,0.08928231937755425,0.12950748344794372,0.07612689703912962,0.0893070576562803
adithya,1,287,0.08534160403219973,0.01647495691787003,0.1245411494502826,0.09532014159386404,5.337211505863939,0.06803220722809883,0.3902386106184972,0.1976082311847912,0.19696919696833676,0.11699757946381101,0.10870254473502593,0.07998183993977366,0.06629691574656937,0.08732542253183599,0.070348119534226,0.07848105738629342,0.10039295538061861,0.08988902545807133,0.08764241028461739,0.08399057271380092,0.07183493906997232,0.06999217411013224,0.05576148513313384,0.07495219088316711,0.08266413027351852,0.08345210590238572,0.08839743398045515,0.0748603563596283,0.06704913768414053,0.06876464358303058,0.10028372399102004,0.07324549673243498,0.10907301322467493,0.07725815169403438,0.08468412184219398,0.08510012181991695,0.05138185775892162,0.08266241474583806,0.08547422121611047,0.06108705806100927,0.08771074169574875,0.101663254680819,0.0868718778132791,0.07488447202593528,0.09956144989929035
adithya,1,288,0.08730413173905073,0.014728163478273147,0.10619371363142857,0.11681457283691613,4.692201621795221,0.07024251043131238,0.37836958951172783,0.19838310280049598,0.1905180508469721,0.11439516668248172,0.09046074589051482,0.07723155774881757,0.07659907793705502,0.08704650970063747,0.07838202544462658,0.06745011116558443,0.09297964765648184,0.09441203419470766,0.08674541272185839,0.1489811702252019,0.07235911511491719,0.08433026932962574,0.07452883611104291,0.08909893390275513,0.08807338579561699,0.07818227666556689,0.0828317524195772,0.07436961385516852,0.07187014726944055,0.07348092341045007,0.0851025373818642,0.08143099144184554,0.07513469366738756,0.09666248275210929,0.10653960980638269,0.09779502459147324,0.06170206854194983,0.10223102035619762,0.09465832145142429,0.08548665307138467,0.10480147969676012,0.1085275886870923,0.07099995806564197,0.0935454004849168,0.09225174236830348
adithya,1,289,0.08666739796545234,0.011782097911144842,0.11842982669004173,0.13558829139967146,5.194906871055952,0.05181493950046194,0.3782665612226762,0.19555348519408197,0.2097484986703819,0.0993521831223762,0.09655222375106809,0.07741774945840646,0.0774744484299427,0.08395957881488025,0.0929954000639499,0.07217562472333192,0.08514714693570954,0.11699888240336082,0.07947806948533959,0.09233745338221586,0.08745098001176788,0.06746024005030148,0.069457114876526,0.09064459240180384,0.1060214059783804,0.0824777114142039,0.08038339997321158,0.07151343748116558,0.07396106028575587,0.07156915973228206,0.08222678404635145,0.10586579779147808,0.08483218899060256,0.08707179122237987,0.09296556091936024,0.06887813735831885,0.048341239058200015,0.09445250984289667,0.07298435750173611,0.0848309650709095,0.07553891968133816,0.0781404851751908,0.07695999149721473,0.08968248554009733,0.09876650468739182
adithya,1,290,0.08360447567708881,0.018093875344361306,0.10784247354536455,0.10220593771626753,5.226265331966134,0.051107906402869774,0.39462538934146113,0.19849552554755384,0.20731865808621766,0.11858741332835124,0.09413781423022251,0.0772630628326342,0.07887911383546227,0.08681766448030252,0.050483443621952666,0.0672561402428589,0.08526847992253865,0.11323567074679214,0.0860218147088954,0.07512557539746638,0.07181946638507138,0.10201270883905733,0.046282160291272634,0.08923869041682318,0.08573630748222924,0.0768840900789147,0.09245411837004833,0.06693864552471658,0.0777374905466861,0.07630252908314719,0.08426507568256103,0.06756123079477976,0.10744398675109287,0.06556654114473903,0.11042495525067411,0.08234083658923279,0.11548598669615467,0.0626771366667026,0.09937832660834041,0.07973888439903465,0.09363691179684117,0.10680546264435106,0.09222497013062449,0.09441422121121261,0.09119053583227509
adithya,1,291,0.09225148070325159,0.016355307128855044,0.08635286081840128,0.16776084352313345,5.125541443107655,0.05084607220819509,0.3938795541197572,0.20243691303923414,0.20189619973894452,0.11935123522316107,0.1162046362297454,0.07268132074520352,0.08889920449566174,0.08791935847575294,0.06978521971319916,0.08046697509406124,0.10650751857974364,0.1221323486578702,0.08071929660679185,0.06400057293832674,0.07495751376973034,0.07954078884493328,0.07245629007416321,0.0913260366945658,0.08781672020115218,0.08604409213546717,0.08358667380574712,0.05793479976668606,0.08340402820950557,0.0693707597077141,0.09115965641769597,0.08051962846491713,0.05434676161173624,0.09216134035434269,0.10827636938678252,0.06438250994211496,0.12832029981516763,0.06664809846094887,0.09243985249492848,0.06128417204564514,0.08879261366735428,0.0670206647904395,0.08584909054763797,0.09384259631766131,0.07805864442763988
adithya,1,292,0.0812645792787516,0.013976059884916521,0.11170992258637547,0.15575608753817777,5.920555482531949,0.048928778891602014,0.364261101542507,0.18185923899240772,0.21068342355129363,0.13550456547486303,0.09293797066567133,0.1002539703638743,0.1032878192557329,0.08609065652525456,0.05370682494583099,0.06159445418320062,0.07007995423195557,0.11088854167327664,0.09374420165849501,0.0001,0.0709077621589832,0.08507204178377191,0.06446850627462875,0.10145321830588816,0.08045117972128467,0.07284659295389587,0.06980384455017968,0.07271705508029307,0.06337762207058513,0.07557268612942707,0.07660412673606767,0.09616121841323487,0.06467592102775664,0.06510705360758479,0.10679656777064678,0.07146149711993086,0.06681826181632906,0.06891652169059964,0.09628065147452045,0.04303070228785189,0.11309882489278829,0.0957118396363063,0.07486047348892046,0.08696879028159116,0.06765619980618251
adithya,1,293,0.08146711303272383,0.011528346716989369,0.11976337725408137,0.14446997241876056,4.5409101379413315,0.07088212095727911,0.41310699149384056,0.20717194916406834,0.18538949945867983,0.1254491802104427,0.09931999306256056,0.08443563347167282,0.10867475668326286,0.08176196598535597,0.07050683101520556,0.06424019692744078,0.08897330867379188,0.10817457298110728,0.08129679725417055,0.039645102470059077,0.0781623316973591,0.07199071175646235,0.06108242261344145,0.09666007701371397,0.08575762089420606,0.07311926225830839,0.08946378566260269,0.07257436037176936,0.08081255363062397,0.07388498196644645,0.07215664263606761,0.08497952525880033,0.09576592114682107,0.1075817716284452,0.07236024215930753,0.065771553618686,0.06798616775196331,0.08026704356351207,0.0865478623431902,0.0737599348501157,0.1090426620469267,0.09109706576545566,0.07331342543227069,0.08073727152424412,0.07424267566168191
adithya,1,294,0.09342447045301697,0.016909108580885585,0.09378325466889398,0.17729658546445298,5.536077876497612,0.058764072698950266,0.39315015139200793,0.19740759401061053,0.2042421260675608,0.07844131417044317,0.08311306024930733,0.08932412081270341,0.09144092182097376,0.08159905451828274,0.07314341979651826,0.0674999257324166,0.09799711381983564,0.10434423911550246,0.08420722886153431,0.04033331569374168,0.07968300393697121,0.1065722313784229,0.07516151872121457,0.08548282913934038,0.07750844339362659,0.08247896713582777,0.077983361650943,0.08028116569873779,0.09629238758736193,0.07771061027132714,0.06157733226639308,0.08896682873491309,0.07517882360100696,0.07809058116711962,0.0865039218525818,0.09228113734306459,0.050702830537370146,0.08940399109584289,0.08721158495383126,0.08959106588876246,0.08351273681950441,0.08592472915685688,0.07937150695247312,0.09877792418757075,0.08078632660200945
adithya,1,295,0.07738239900978727,0.017202670480698,0.10496092223957439,0.11472091784460009,5.501342972806348,0.05800629017342867,0.39514056955977717,0.20009363173800182,0.20500300218898043,0.12149577877170117,0.11039857172703767,0.09146970046181281,0.11099418467802977,0.07515533336542049,0.043341983423866796,0.06560241737104834,0.08221310957542259,0.1062839891237873,0.08678342665377303,0.10908501601259954,0.08832922783064663,0.06831748319893878,0.058831196961456916,0.08650406407201956,0.08978731438442053,0.09154131901727403,0.08502288383697544,0.06532844444142553,0.06519350647594635,0.0860142839594457,0.05731577462551627,0.08904172429732522,0.05761556888025132,0.06738876823500874,0.10120804508922762,0.07374397265425595,0.08420507982326207,0.10336102532090585,0.08928706063741762,0.0667773836585271,0.10082349710833699,0.1015509668110883,0.07962763955529562,0.09690356033075083,0.09419319490759605
adithya,1,296,0.08388138840270307,0.015784698725599185,0.1231409080264444,0.12051307715674296,4.743344219358522,0.05251562768568649,0.3715891797073729,0.2029044744241647,0.20357576133553665,0.10588535000528658,0.09403998261529682,0.09867017408314371,0.07836603897726709,0.08778316664537338,0.1064715309031447,0.07248257445284312,0.08792328462021017,0.10333072779307595,0.07588329270510205,0.06794779634239394,0.08499121879282462,0.08350377955238567,0.060826901316263546,0.11628840719270617,0.0888285691425344,0.0869695887019097,0.0673151475777044,0.09298593197221859,0.08277868919801104,0.07559388250746127,0.08542974296667513,0.06632423483692106,0.10699296974209851,0.08302345828434435,0.1085749293855043,0.07152864009905686,0.09241416585468704,0.09217899346046848,0.08861608016935169,0.07376532398681732,0.055981165578608216,0.08604147613583327,0.08263307686148531,0.08421696745579674,0.09215193384267852
adithya,1,297,0.0847214278836179,0.018414538061972886,0.130282182047947,0.07769049919360863,4.9292466557216414,0.06932612981741376,0.383343386038703,0.19489909034636016,0.19596446032144085,0.07353332700888013,0.09611764131832501,0.08585660748758293,0.11088022616520858,0.07006017992829525,0.05931516858777029,0.06321105907467509,0.07934181290317636,0.1255257700071053,0.07978985306295902,0.04072091818067773,0.08934554839669222,0.10119986269642951,0.0795001708134385,0.08950977059531005,0.10068002558471091,0.08262556229112643,0.0865781920701054,0.060606341146299036,0.06514711551419769,0.06644713939207099,0.07582747391052887,0.08120536229020672,0.11200639289725979,0.07886539182087293,0.08206770130653071,0.06880300158871037,0.11388990964151431,0.10463380324717506,0.09503807414626235,0.07316576704598561,0.06929791187825918,0.10461692878356754,0.08810135092178324,0.09746205472220472,0.10850002190366392
adithya,1,298,0.09151375878903717,0.015607604626537205,0.12767617615870436,0.1612304998585119,5.832404059424374,0.05943890927233024,0.40416107602224643,0.20955050341538187,0.2147837595568446,0.11603591408885326,0.10352210835491465,0.07887623614173139,0.0852019477683382,0.07906916697276144,0.11466214766702304,0.06845018699687434,0.07900132380734728,0.10156388594487509,0.08719365115969063,0.08019054955673278,0.10568521282353491,0.08329423837768707,0.09145681397978751,0.0828567010927739,0.07582079226803938,0.07470595774883744,0.10406973597383007,0.08458827868157973,0.07782930863414646,0.08503544741754618,0.05392359254030523,0.09010980963266084,0.09099831492085264,0.0881462530716876,0.08726386881309345,0.060737756798511074,0.07366822402305764,0.09185438123037794,0.07786894454604289,0.07639999323138941,0.07133095948549409,0.09280566549860461,0.06967435121222537,0.08500391392454403,0.07525696930269872
adithya,1,299,0.08282855470046636,0.016774962493350982,0.11192311610591638,0.15739331752521052,4.946659300097013,0.06818378995487157,0.38043848135227887,0.18681632409857,0.1871223546395556,0.10423324988354048,0.10341025273093737,0.07222933751004253,0.08646019321962252,0.08617780421548103,0.08705567654226147,0.06563775312034129,0.08304381672073204,0.11493897031681982,0.08473094159958225,0.08697827987899427,0.08248259715302392,0.07315244584262018,0.03600272871215613,0.08971352551450085,0.07983539369115344,0.07437764808812956,0.1039146053828722,0.07739792293676172,0.06613359790579715,0.06492316915806462,0.06854092809978127,0.08545532609097237,0.056227809387378674,0.07116814721906001,0.10128325913963723,0.0713387533777384,0.07170494329851912,0.09077172246896248,0.09450211747095114,0.09351904869479216,0.06252960250537282,0.11351069975358614,0.08173175462870601,0.08576446037881703,0.08929056463903443
adithya,1,300,0.08314598546413107,0.012574536059128468,0.08259106868656947,0.14253626295928074,5.405915457645405,0.045961450159081055,0.43725109925556777,0.20027236494487405,0.2071196606093092,0.12907647130773725,0.08355589987020098,0.07039388272189129,0.07257850562649162,0.08407603304790567,0.08474217595506947,0.07278844220679563,0.10088253051198047,0.13114959337647059,0.07472669486901146,0.06227117700702435,0.08250532812401494,0.08100428310150944,0.07277515919330887,0.09505958592604727,0.0902979141545092,0.0737470394986174,0.0872699995791207,0.08946469061879062,0.07780169411915554,0.07251022842846008,0.10014245539826655,0.07858438759845927,0.07706387102522458,0.05760762788513235,0.10138293330675544,0.071784080842295,0.13061479446267224,0.09365005931719986,0.08466648463354069,0.08803065295105209,0.10155129282759989,0.08143939454211226,0.08237573005384888,0.09443012127780463,0.08740339640658816
adithya,1,301,0.08056386205966257,0.015045505466645443,0.09092339618860576,0.11452154529058653,4.367885077195211,0.06895964785733827,0.39832867285979756,0.19011967467312413,0.1907449674181218,0.13464106647402732,0.10808501603508505,0.07941890807059208,0.1054585297456036,0.07731427383580557,0.07779398713481571,0.0690197121736919,0.07881352545867738,0.08099095007281633,0.07609906833926126,0.12136898486463499,0.055864683507726234,0.0764824036173195,0.09844536816845688,0.09008432771232389,0.0661741609588821,0.08396898000505801,0.09292554840295164,0.07047990052490942,0.07152847430369574,0.07020520024845513,0.09283557439411116,0.07380282199265017,0.08765074641727112,0.08918170066159588,0.1076638027929948,0.09058504237564345,0.05268148457552274,0.09198757612339577,0.10102431572369898,0.09005963003023473,0.08032301786399415,0.09567119678499073,0.05312999890192704,0.08090018755878965,0.08977434316422722
adithya,1,302,0.07631659751113037,0.01601297875929393,0.0979702287742205,0.156009486532407,4.96575703850766,0.05707451933489602,0.36649997050005156,0.19397620211797506,0.20813892296098574,0.11465131870533263,0.115910973065066,0.09732280025095374,0.05748392699673521,0.08154672906957669,0.05587265282703942,0.07850635891049149,0.08354726397898343,0.10153265283851019,0.08453683177102007,0.058982730186040534,0.07396594559530519,0.08233391041840021,0.07839653874087742,0.08702275938357454,0.07748335171649537,0.06408285868697339,0.0659859613881197,0.09270362979320775,0.06643886470901615,0.06855943001704354,0.07819185352943855,0.07699322420587607,0.08821359565154199,0.09349725192027589,0.10367452477142698,0.05431027074476813,0.05608593465426615,0.10320609720978827,0.10686303875463814,0.0787189671212863,0.07095650389531591,0.07879538251250491,0.06568044319323554,0.092605766742892,0.07904121263788368
adithya,1,303,0.08704289054427292,0.01486145131820128,0.12596153251225228,0.12223724066601446,5.240496299511752,0.06979837199009406,0.37554836904310346,0.17775137406964997,0.18601643404135335,0.112961878575587,0.09354523662884813,0.07305684185112066,0.0830074518302467,0.0788840309762191,0.07015321645383873,0.06772691743591144,0.08693886033760514,0.11786979649270277,0.08408513842585934,0.07508187338205698,0.08400455295223158,0.0768459182741255,0.09652541693750162,0.10180115897373512,0.08580996241826794,0.08139017079918412,0.09001011780038873,0.06870658147902861,0.07571354611878714,0.08222505789642445,0.08349097903807325,0.09357741700093422,0.05746677825600849,0.0763507420083836,0.10586681018369269,0.08389914912220993,0.0787545246300927,0.07699127567362825,0.08090591936671887,0.08429350173682308,0.1192086943729772,0.0955678043931801,0.08965738847677394,0.08570217403135591,0.0895517681115596
adithya,1,304,0.07961076589839208,0.016748025638808093,0.10973590109704333,0.15490988125685978,4.673095560307811,0.05750253515600409,0.4061992362919124,0.19148394431663945,0.20317734052592648,0.13273247257562,0.10500971330116668,0.08777478688778005,0.09084159391845725,0.0884553084861431,0.07917598719415775,0.0597884210873499,0.07278964799443,0.0990695606823706,0.0862587409856572,0.03986259061689161,0.09324220298993743,0.06218004928996185,0.04468726724351152,0.07991785283931435,0.10753286537229344,0.0866349506208357,0.09271214040779244,0.05849569048664544,0.08225396180440661,0.0699327377290571,0.06411299837246373,0.09898686619727456,0.08560131921789343,0.07484893566704878,0.10831840639548324,0.09327890544087009,0.07973775015609008,0.0910455355593877,0.07961629642688162,0.08078891829403685,0.11985912072950236,0.0859763916225176,0.07583611012930588,0.10151027858020609,0.09052343636682997
adithya,1,305,0.08506575397254838,0.015785224862332324,0.12700383833925802,0.16035638948383873,5.10467423669867,0.07271990094720895,0.3604647311939005,0.2054318924333728,0.20020415645011908,0.10203619540713607,0.08314310705295007,0.08983503040453823,0.1081168798427399,0.08343385767271333,0.09462452169278285,0.06678554292779079,0.07917046222934329,0.09558918007408165,0.0844644232476322,0.07296731297594221,0.09298497386451683,0.07209724368433493,0.10834183113303616,0.10392239160807161,0.07479805483419544,0.06910939982219147,0.09104269615231252,0.06766091153288412,0.076328177656771,0.06887972534913613,0.08399063518063378,0.09688859348738527,0.10681922415920884,0.08940791501727813,0.11101716307516483,0.09183101155750821,0.06893774245640849,0.08404109247020065,0.07885331512019397,0.06431746156767548,0.09671132711384134,0.0834878545710111,0.11759618796263727,0.08989825647626871,0.10085493839478858
adithya,1,306,0.08501468668292114,0.01612327799890186,0.0994177580048126,0.12971070901836956,5.561312600764629,0.052552499944850534,0.40033332612890604,0.21774591726249162,0.18498564771851575,0.10287354043656502,0.06983767033475248,0.06284329684356338,0.09749984639522466,0.08439325277664726,0.0806758299747325,0.06639037556181443,0.09084024301657866,0.09719008054202401,0.08091207938215732,0.07400853617322112,0.07085439672874201,0.06933388725176055,0.09984234679945184,0.09629232184435715,0.08764598670517056,0.0705199261578627,0.0981634421070212,0.07877394822403444,0.07909643059286778,0.0776749055313479,0.0625174683979798,0.08177920070025976,0.05353824514498586,0.06980832573013719,0.09963346856984497,0.08347233550689175,0.1305764044495802,0.10273409200678216,0.10248784562034338,0.06853132027437947,0.08012258671791682,0.09256993035554001,0.07597747373687061,0.08296430023928043,0.06935289999154474
adithya,1,307,0.08310724467422335,0.016680081911134893,0.09857426875505096,0.17917606820277496,4.953484302738927,0.06823214875435935,0.3653191134799248,0.1948723135660212,0.20226066117507124,0.13052497072761085,0.08906379238754314,0.09015879066786482,0.10576460340631853,0.08282579236444358,0.053336625456601186,0.06905493962275204,0.08783933345154646,0.11355706140651689,0.07622306285753688,0.09470075322038014,0.07869016970010458,0.07406123710961114,0.06662014330315953,0.07840623822122716,0.07927088068750962,0.08159197619106327,0.10000087631842414,0.0698383052882932,0.07048591327447258,0.07288564518768229,0.08374318968170191,0.08562986251297285,0.08648896533004342,0.08501685927197572,0.10582320730265146,0.06937028479147182,0.08734138505925014,0.06605728121945592,0.12097343104641549,0.09371229363418872,0.10848281126029334,0.12225307919888675,0.055934685005187584,0.0811150037906904,0.08626222467467114
adithya,1,308,0.08487692859116859,0.015531655860655774,0.10183823562973406,0.12890531798720087,5.005438133094322,0.06382627762130959,0.41078533539036927,0.20498922894534977,0.184229945333765,0.1283847876566601,0.0979732944991474,0.08171158104366001,0.10895883878580043,0.08167372534231301,0.07165595760665863,0.06979754690372253,0.07787786920761819,0.09967275714008984,0.08601776611991728,0.04374913803516374,0.08109142097208767,0.06402228655775483,0.08572686150493518,0.10290101548734744,0.10059003547865461,0.07486863051558032,0.1011980831085154,0.08256338173882152,0.07925574117284745,0.07849673378095061,0.08062834004460404,0.09434177199972094,0.10206538425722411,0.07141580436191887,0.09394527141408233,0.09581669550378824,0.08995174105046183,0.09440102725807414,0.08508787762312722,0.05029428652814345,0.056989288310394445,0.10211999566249476,0.09084879716537887,0.08654152058030683,0.08932577638472516
adithya,1,309,0.08865734192517724,0.017409991331429203,0.10406720771883755,0.1542151635302397,5.063443300994731,0.06411507017312235,0.41548205553402023,0.18341079592528012,0.17860537539526455,0.12974006740367558,0.08898761049946143,0.05684029140561336,0.11027323284650509,0.07611438858286743,0.07343661764367077,0.07214514036476602,0.09419308389387701,0.09914484398977647,0.07815059775867154,0.0710333924815149,0.08322427076571699,0.08173912366628337,0.07728201424919103,0.0886975702638263,0.08004767572874764,0.08733628874742633,0.1040299061285448,0.08672676609686318,0.0786213888844122,0.08086035301824279,0.06699503647571355,0.08263697439648868,0.10155689242922147,0.09136140787132795,0.09518024918072916,0.07780582305741929,0.08017263598287597,0.10090354447614908,0.09351170590491918,0.08375721267399111,0.07738755265612376,0.08061804443829186,0.08478707083733293,0.08678146212701972,0.08008433820084404
adithya,1,310,0.08622144731742425,0.012245194279884148,0.12616714130160378,0.09185445948301085,5.053390311868032,0.049761429819968714,0.38158167162683493,0.20421923518121984,0.1983232163725289,0.12670043183536356,0.09084231729087051,0.08516256388062948,0.09920846830427368,0.087385298386617,0.08377621567221033,0.06026338317629224,0.07221233606301661,0.11871639650147794,0.08073068523885694,0.0762439906807928,0.08578863763884587,0.07610196184769011,0.07468112277359833,0.07754261476516235,0.08014133557802454,0.07977200651110392,0.06252276292364152,0.08580351899997364,0.07329017434948935,0.07705812116882367,0.09073683377427884,0.09393696162311294,0.11489166065758502,0.06637947572485431,0.09062705811627247,0.07011186543244083,0.10895079262855864,0.08641979872597368,0.08236027321347407,0.07485021150041223,0.11207163350983868,0.09140764595102774,0.10044703387758588,0.09687627184646017,0.10790486760398357
adithya,1,311,0.07722485173451443,0.015690449926769125,0.10107259881294473,0.12522277365635273,5.576637134975935,0.040096795242348396,0.41409502467178405,0.18176964024397152,0.1932863781223563,0.12349232767609153,0.06190921546830348,0.0943708657875492,0.07455111592582966,0.08379275735356573,0.06804969186660152,0.07272122206496308,0.06273190006860652,0.08910848177848868,0.08026057027186415,0.10295296135274401,0.0904869009777156,0.07598058611115306,0.07906661834443411,0.08153347044965008,0.09327209587330476,0.09395534904097966,0.08529800489645643,0.06894742611569718,0.059758426818626434,0.0580075183837966,0.07080639956894277,0.09832381398563998,0.06734998986997619,0.06843630298839758,0.09673962119652155,0.09303065530388512,0.09975595311260042,0.07317384608147343,0.07356302040944647,0.09093350311830611,0.09883157589816523,0.09703035334197511,0.08297645861446531,0.08660214244205694,0.09342770362830234
adithya,1,312,0.08406203632310419,0.0155625502401147,0.11532005492723686,0.12793426005370445,5.020442170258909,0.05261374763066843,0.3803443109901151,0.1819110318881376,0.2260783659509613,0.08763610521917252,0.08906425473118615,0.10600539202539601,0.08935900885770875,0.07965938952349585,0.07349706219301329,0.06456106745655937,0.0853581186588402,0.10484455588940376,0.07401200325825255,0.058635069361386204,0.06608302832152556,0.07854565770828552,0.07074288696146601,0.07683962499457782,0.07420412898382099,0.08496320107877303,0.08545152076496826,0.06819090459240403,0.0694716295857234,0.08342835538312005,0.05151657789766184,0.09171856638734215,0.0994637248115894,0.0837094424605017,0.10937261253681603,0.07731959170809612,0.06826770677535943,0.10161410711930907,0.08815858120054812,0.061459556379712225,0.12667715840026814,0.10107730997972875,0.07122090726532948,0.08725379334878558,0.10615638876118214
adithya,1,313,0.09025613152036407,0.015755535721180845,0.1294200266164652,0.1270259033885712,5.616265708461529,0.05412833873547333,0.40316265209385166,0.18735240924943283,0.19119417355369395,0.08729255567977295,0.09312072627649182,0.07634290999705805,0.09267287340287796,0.07463557102211033,0.08566369216617259,0.061862079365083554,0.0766877117878978,0.11799611778654791,0.07590235673071397,0.05456028761024242,0.08534641097879908,0.08503800312616314,0.08999892613816488,0.09422373034148745,0.08774923225374316,0.07852970794234403,0.07812804493454614,0.05801852003895449,0.06907582124973066,0.06257765948306476,0.07831481667404289,0.08492659276843159,0.10381119696384464,0.0702019381435819,0.10499039486429808,0.09401377853657392,0.0631970000435998,0.06801899870696261,0.08274350009856912,0.08988120654368656,0.06938238240906637,0.09811700008906919,0.08976792983324765,0.09385234722323846,0.08713288914291509
adithya,1,314,0.08483201082584088,0.018251974201273148,0.11728234939088865,0.1469507618300898,5.166693214537208,0.04453699956909618,0.40008385186273177,0.19792288739337088,0.20880432280333835,0.08954926911895617,0.10938243757685012,0.09469383739921916,0.08156431573975498,0.08430278459252763,0.10561161148295602,0.06767340254676733,0.08082303972808198,0.10733230479552852,0.08100690411207191,0.03042938459994108,0.07170898455025218,0.081058937704099,0.07670034891201251,0.08184716556313743,0.08752106106130224,0.07621352017418379,0.07412220061623435,0.07127119928171323,0.07455554469430206,0.07501571868727308,0.09602962503562834,0.09972410849610946,0.0953659499819424,0.05303198062932505,0.10372032332544907,0.07367336507635572,0.06763551100901244,0.0866243812392993,0.09700038897792311,0.0717758820872025,0.11937653042231638,0.10528550392049772,0.03415906517900604,0.07639530351127102,0.07709024739656316
adithya,1,315,0.08789533391818535,0.01252693574948761,0.12418455199056738,0.12996234591313188,5.159172121278355,0.06234770100248284,0.3934267474525498,0.1720480622028162,0.1877347547593592,0.10790032345790829,0.10398435510730028,0.06885268246284217,0.054006940521269316,0.08874572844290408,0.07780331018626109,0.06726535956830024,0.07523099342541767,0.09771890862292026,0.07733602540277133,0.08217868191824118,0.07657843474841199,0.08861899758547581,0.11595338425871692,0.07863361290300944,0.08214385710782793,0.07966484286037157,0.08378411172797941,0.058323152945477894,0.06398976539249185,0.07692426026280554,0.08527777741426842,0.09578685641907683,0.06579528529811265,0.07771661751960532,0.09925396513707305,0.06911273988128197,0.11169356963396845,0.09280743675506642,0.11049205299425015,0.0697318330754174,0.0658834474476136,0.08805933524889073,0.11344485611118295,0.08869629994487774,0.07240291163337213
adithya,1,316,0.09403878174597488,0.013988796164088959,0.12150241156929886,0.13242236374365302,5.448647571779328,0.04166131822210539,0.35197848945658555,0.19866692622955517,0.19544705542927837,0.14433701358528384,0.0908432369602613,0.08063301902495082,0.09596575218482664,0.0794488009123574,0.06648060864795595,0.060436100313907365,0.10298505759064198,0.10947541459220873,0.0764260233515227,0.09665891815913868,0.07562199537513091,0.08083209836498889,0.07711341140084983,0.06136339468314507,0.09056971472609246,0.08259602701001423,0.09066646784399715,0.07860768618554079,0.06224788833175557,0.06455670314100442,0.06950484541705404,0.08697606972650433,0.07301240719404546,0.08213825241214312,0.08855991636771798,0.0838377578602406,0.12384673485914255,0.07849283687037009,0.07362670529665943,0.09227682988090505,0.07993533007139368,0.07681732907144986,0.09094538682358716,0.0858921707756765,0.049900567255700176
adithya,1,317,0.08652287352431615,0.012467501498504013,0.10906268182874594,0.17877989996508858,5.098855663524223,0.052675493116636156,0.3873379486015483,0.18769589418525376,0.19830779193922107,0.11614073060084823,0.09839285965810897,0.07896350666122179,0.08821798380746174,0.08864825706546782,0.1138369423325666,0.06791145459927787,0.08160988363755972,0.11120654500897112,0.07213715686438685,0.10990352647108462,0.08073856448302644,0.08712213405678929,0.0455517525636761,0.08862680541861459,0.086151489718637,0.08117141412454404,0.10948034681299493,0.06388692187316955,0.06554384507605887,0.0707681965433446,0.0824678792629838,0.07734649656088644,0.07241583973508522,0.061824354244679594,0.10065621456700281,0.07450798873514738,0.09978937749459124,0.08099561368809864,0.09437402283551288,0.08968047369401289,0.05225753900560646,0.10895573539664406,0.09165799889132281,0.08540804446807257,0.09403185258073628
adithya,1,318,0.07974059012712312,0.018050552747837074,0.12381182756939905,0.11287524785856076,5.687238016531156,0.04807328776017839,0.40098251710527655,0.21111614009366886,0.1776586060065122,0.11614249252527803,0.10344736617487667,0.08140754304804326,0.10355003553966124,0.09071267447143913,0.1015729343380485,0.06610577929768205,0.07187030599484837,0.11117789919983458,0.07834757639734766,0.0405149156279931,0.08069065853701092,0.08870139995016128,0.05612301535634018,0.10368932778050155,0.0671028575869215,0.07003693687977897,0.08766362660740042,0.06241559094498456,0.07170687741194377,0.0687657857444418,0.08016922597065856,0.09127363571133916,0.08609574037274753,0.0895746755096025,0.09556985072164562,0.06338707984182651,0.09085190865834823,0.11004773781414062,0.065538664907332,0.06383924584799355,0.06742893200855778,0.079501843450236,0.059934639290196955,0.08891484942981306,0.0914962750311673
adithya,1,319,0.08932972631647959,0.01738912979130019,0.12043152050389334,0.14749820823610865,4.594830337072102,0.046797407341830216,0.3707459586727629,0.2008284420062169,0.20251177873130477,0.12458914090174487,0.07463873105960321,0.07550611505269013,0.10562565816722404,0.08404501310497658,0.06651246060505799,0.05980089287044359,0.08691301194202597,0.10988877460137084,0.07615772782076305,0.10134529512128336,0.07109723716305902,0.07524761670721361,0.0586988763121304,0.10134336396598381,0.08185111844924299,0.07423970411394411,0.06990513934496091,0.09195334781766852,0.07972377816146196,0.07312006294553786,0.06146712205053702,0.08041718904078052,0.09169166911458088,0.05982562187263937,0.10362105660724252,0.07599025998243726,0.0703259433480496,0.06475611536717756,0.10044879432710292,0.08968037166351432,0.07000069899378003,0.1087588375382974,0.052241500480266545,0.08710677920542796,0.08882199408519162
adithya,1,320,0.08824140432645133,0.012843328799685205,0.11638092033277539,0.16373955139341662,5.530135004236244,0.0846927275141903,0.35312353164464944,0.2029593615772827,0.20383868206104697,0.08665664111186454,0.10211544773505593,0.0803970971234369,0.10500089215710422,0.08889616648705696,0.09786494335131093,0.07074778385829374,0.08271459945237734,0.1006220937573159,0.08399309541567995,0.06394557314937895,0.08595908791725318,0.07932023071223673,0.07471667792684737,0.07941389029419804,0.09544454764197524,0.0836070448410989,0.0717308922708315,0.07851655710494297,0.06654072468739639,0.07527451446445259,0.10280973026908624,0.07947495377538727,0.07164219198969436,0.09309390907724807,0.12045600532563443,0.07314692362162832,0.0637644217391869,0.09050861762828755,0.10734619365771655,0.08108321367747152,0.08362422984641281,0.08222971463056444,0.11179466284433051,0.09396825520948839,0.09703478824941163
adithya,1,321,0.08266044109852362,0.01770156937588515,0.09127336411907436,0.1491072531474955,5.154533582246623,0.04306081385556011,0.38243271420214336,0.19911858701731502,0.20088913841698472,0.17126828457659668,0.09079711011436573,0.08873859005019341,0.09117273414232735,0.08210338410687124,0.05640089427971388,0.07545873726858812,0.08712072700674972,0.11056466740035924,0.08063656300435616,0.04522576838661112,0.08161858344608833,0.06564325163917085,0.06183010277846587,0.0834667175825231,0.07537807157046175,0.07620977164907457,0.10286719770358446,0.06318650306747581,0.07777639264831016,0.07439985945864593,0.08220463795035346,0.09043306458248437,0.0643138707415732,0.06730332956504521,0.08605158311299542,0.06847272310820075,0.09916370108387036,0.10504400426327647,0.09001935318511166,0.08381775781752272,0.07287508635274115,0.07204280549786529,0.08884518574196891,0.08088186811773108,0.10927611346743588
adithya,1,322,0.08460663209919779,0.014026429010405926,0.12286064208386702,0.1134944907005266,4.8459633610075725,0.0626695892799683,0.38021418252256145,0.17948018908446114,0.22064613701695157,0.11587872182101462,0.09150532134158917,0.09449499771583073,0.09026481626395871,0.08712410017937745,0.06493968559010821,0.07727575967380304,0.09675406019605409,0.10319165896338203,0.07842363291243644,0.09140455525443489,0.08088789421670545,0.06843951549609653,0.06060904336431605,0.09536357912587368,0.09072657655417073,0.0904293206907741,0.08818932656265921,0.06576128442052073,0.07244860160031062,0.07499114947238994,0.08712145625246795,0.07743536200888193,0.10516815709681117,0.08411697856351506,0.11087658079934352,0.06933310020466257,0.07410374522299386,0.11074985787086586,0.07763697667177362,0.07133063997347609,0.10981118505059353,0.08891959223056643,0.09844746903712473,0.09032311838050697,0.08422306952297406
adithya,1,323,0.09665789073352096,0.0188974944758631,0.10148367531827651,0.10042148894695864,5.157746555853367,0.07431042315266809,0.40101884747484157,0.20552695228839576,0.17483157163043941,0.10009925260307456,0.08970296094902501,0.08914837685932096,0.08888730018366547,0.08884359901821937,0.08383734654298713,0.06155426667441778,0.06710499026947508,0.10600717531289504,0.07895280356372841,0.07604422684403038,0.08704509304554714,0.07475056862724636,0.10233286508603084,0.09717328537029359,0.10971627649271205,0.07761970480162517,0.08376497957621871,0.08203609694475962,0.06483146050969764,0.0798979598851622,0.0613466299803387,0.07131241252465463,0.09739155841405804,0.09148667893427836,0.08654949351307623,0.07558616823195814,0.08424666878749874,0.08072869572758837,0.10056441271258011,0.09466305794170611,0.10532355913650492,0.0936405881575546,0.06268615850435055,0.08884647110478629,0.09206964929897633
adithya,1,324,0.09392179421045231,0.017851058025646308,0.1263049049119333,0.10161260661099059,4.99130636702323,0.054027487528231784,0.41510049095853074,0.21546850359533629,0.20023154791855127,0.10012291046530605,0.09607776022291659,0.07178734642109107,0.08048377394500512,0.08325930852178576,0.0949398783781438,0.0772883729902702,0.09386730346902722,0.07544573659296652,0.08730691927416918,0.07010902150464128,0.08942781761537472,0.09136511631996981,0.09770852751100731,0.07352533079339034,0.09816672367717755,0.08199643911897997,0.0765995859827074,0.057463871904125,0.08083011490514445,0.07121993442161223,0.09474485394128757,0.1139487214076472,0.07671825852665583,0.06316768271828,0.09393122159003722,0.0896476433215106,0.07787501308986504,0.08903332791674763,0.08496671722257024,0.07852525176538795,0.09368027920782267,0.0679814708115291,0.09628637249789399,0.07955070551344455,0.07737672363425079
adithya,1,325,0.08971403065082939,0.014670589097116805,0.1271893882302389,0.18580096523005551,5.320049406523016,0.05133932141446088,0.3797586468160488,0.2122025706699648,0.2003077622566781,0.12136597914323312,0.09050174659912101,0.08588678000029752,0.08455723827470675,0.0826327247741458,0.10725401429695966,0.058974995848335904,0.07260768148691955,0.09063043112195183,0.08142939937770079,0.09838948031332823,0.07188230231932335,0.07817358027424205,0.06714232844643327,0.07985613671724452,0.0882442929706029,0.0753280271269865,0.07329716624783746,0.06476915791050818,0.058852947528108636,0.06747638031082645,0.07080926818786856,0.07612214709413484,0.07292332754870666,0.0898738731987672,0.09133651046866868,0.07842908245872318,0.11103356982627374,0.08540078157569153,0.08414462357779585,0.09663616813760625,0.09267718088088149,0.0641079944194845,0.0960392595924553,0.10441935827690764,0.0783349511140762
adithya,1,326,0.08516340236040668,0.017797503091144844,0.13080055375660313,0.10853675722981254,5.583132685842518,0.04471670829667038,0.39505725957745286,0.20245100981546493,0.20413835294717034,0.14638803931251215,0.07461604709496428,0.06974757433533041,0.08940984786780724,0.08689434436247309,0.0784356201104137,0.05589721257381626,0.0918137828045863,0.08920016029722741,0.0810139492854656,0.0985939075282526,0.09144854409708753,0.0793281094677192,0.0966618619834776,0.09785573931556692,0.08812633602287916,0.07623468257435986,0.08793564563278496,0.06950195017588995,0.059632907916736456,0.07760672398124131,0.061703829590054944,0.09001944735176953,0.06926668211031889,0.07148183595012017,0.08666024334392956,0.06496804971308462,0.12158261525914416,0.11110767024841278,0.09186984159607019,0.08582719130300417,0.09273279795800965,0.06452208128094054,0.05889672961624609,0.08774939888498845,0.09770476710551983
adithya,1,327,0.08399570240530485,0.013683849945560947,0.1344791801815489,0.10351549723482792,5.720440415705968,0.04907007823131157,0.3906098957381405,0.19882301182794748,0.1980696705234077,0.10741451229699443,0.11783446959333851,0.07333092640437548,0.11833472041096715,0.09550581682692134,0.06373892858329792,0.06709899743511183,0.07381872978007606,0.10077335394217066,0.08061159536622577,0.052740000142293936,0.09492108006992869,0.08837893154842383,0.07021656738924331,0.09488000673177499,0.09375441917329225,0.0848248624785233,0.08422952775524908,0.07872087633006535,0.06860273679453051,0.07435411450549155,0.07765048347902515,0.07853395055762183,0.10106690985340051,0.06716701666504925,0.10256197914658345,0.05647057766506609,0.08601877675172406,0.0800446565013726,0.07966467796330073,0.08449777236405975,0.1215643485421417,0.08094530907215342,0.06257490039156798,0.0967953063484975,0.09460137910084661
adithya,1,328,0.08952900795808387,0.019163458953212725,0.08751524327907391,0.14957961814159212,5.002921962920553,0.06467326801852107,0.4096188702348819,0.18165080817034088,0.18325369934058727,0.0859480724595909,0.09600854154768267,0.07273111451575842,0.09193367474897554,0.08469357520244344,0.07894261404378028,0.0593791830180391,0.07993121660720048,0.09573405115859673,0.08673612703596707,0.06045620114836002,0.08918176978973737,0.07538199556044176,0.09845369961354622,0.08299491661432366,0.10738618217531629,0.07642971606348085,0.08871247362649144,0.07672152065597322,0.06639198189838137,0.08255259989666087,0.0637897975879996,0.08690710458248413,0.05506168802244569,0.07080639406062737,0.08074912382028465,0.04180161067968439,0.034330926785369746,0.0754389115939966,0.09155339158980759,0.07102584954289048,0.10255807590258963,0.09040147574455021,0.09201661571335785,0.08987500968501726,0.08411819277254429
adithya,1,329,0.09227058770890381,0.016351595871063815,0.11770119200631302,0.12477867317215027,4.555234620845527,0.05394580008980185,0.426335092084947,0.19860449520478754,0.18912580186119857,0.09373758115351646,0.10875724763016474,0.07654217724658395,0.08314333299125277,0.0967574199102598,0.07443772144264141,0.07111820868250553,0.08945373332795177,0.08345080343847622,0.08116416782458519,0.10556877090795774,0.08601830562710051,0.10803571871144951,0.08771081088490143,0.09165629652929778,0.09076992285521689,0.08769533616013073,0.0803624273862731,0.06973451050037918,0.08203612635571722,0.07740889066024843,0.09486177646726486,0.08606039013870506,0.10797633495896947,0.07642118822558072,0.10233916524762773,0.07703441096091154,0.11093372691265471,0.08471332256628197,0.10368486056009613,0.06699771745261188,0.0812431436880703,0.07814733527303754,0.09742884452622802,0.09084323004735338,0.1083852651317561
adithya,1,330,0.08459914406333506,0.020915657300474833,0.10767886093098694,0.14937436492033684,5.570175916775808,0.06323767833390814,0.39954227136849313,0.18772771511202335,0.1684712269741993,0.10975708772633491,0.08650276934843097,0.1114643303812371,0.09848174039110352,0.07708897683796757,0.06069104146982986,0.07870670304109834,0.0825728051893375,0.11984879932955735,0.07884644087059778,0.04255897673601234,0.07161205340005429,0.09892352377439789,0.06376199047722333,0.09082789933838219,0.07355947737674227,0.07181763335058375,0.08023121592515195,0.07294299405332173,0.06955867104322777,0.07319432810694002,0.07341796457035274,0.08175676616959904,0.07727684521287148,0.06305486569759888,0.10126331661687618,0.07957515856672387,0.11853421704702001,0.08041923006709388,0.09951973288640197,0.1019356849687012,0.08343244710536153,0.07515651947792806,0.06905654914737624,0.07678605586781737,0.09246420098573846
adithya,1,331,0.08155285433602943,0.013398265092232124,0.10368175700953887,0.13777756598551616,5.539222865724159,0.07407820217335362,0.4021418894163312,0.20091623004033915,0.21993617989842207,0.10743777239808588,0.10690754037673443,0.09570591703715889,0.12020320855105154,0.08135549140331934,0.061993741929360385,0.07391453571204434,0.08453377174278398,0.1013307644058299,0.08007856412390692,0.036965940821947284,0.08880672788691427,0.07605006267783981,0.08166312246824738,0.07994441283478834,0.08859767198796224,0.07388238563961946,0.07456436823163794,0.06235084524939694,0.07211320483619678,0.056325950174427666,0.06265919564450782,0.08826483500069626,0.09316131612143787,0.0840707267982794,0.09892901583889849,0.07576529507360656,0.07257425556273776,0.0758806485197139,0.07834524447479632,0.05645886822543856,0.09653546361024283,0.08786808093585495,0.09008865726475669,0.09227621494337737,0.10539972777244339
adithya,1,332,0.0815079047765255,0.015237172462410556,0.13024615575922036,0.127839490654529,4.851659394092832,0.06378192338603351,0.38249615132294923,0.17096029546941233,0.19256191721211488,0.06137091235657987,0.10097045552537924,0.09445765887330716,0.09474308139035587,0.09297744892009197,0.08353678692077945,0.06545886380064393,0.08373097233569848,0.09830378796225302,0.08497432829367482,0.08205017174987941,0.0822699679467109,0.08105005513087536,0.07342830850725517,0.08941829255791667,0.09683649831058658,0.06984080146100964,0.08084616192387245,0.06950580592083348,0.08806387215347465,0.08042021993545531,0.0954774118919691,0.07542949654441801,0.07884681975987094,0.07985034729957259,0.08012693537906468,0.07051884366342553,0.10336427876369635,0.0711120211690024,0.08826899049370085,0.06967264907837778,0.07241635214650372,0.09684616889362048,0.08459983064299359,0.0998116672561899,0.08133174964455905
adithya,1,333,0.08666757644971324,0.017104836600128178,0.12323113874590545,0.140799849913428,4.56781819434752,0.0486073652270108,0.42459602656866796,0.20368921423926528,0.20130432673617518,0.12402415616223511,0.09773820925774987,0.08307003042904151,0.10148172034298834,0.08542693496785114,0.05998826997318296,0.06611017649611842,0.07657203546223441,0.06491790882528532,0.08876416334023592,0.09476770985349911,0.0683579170893792,0.04957027551131802,0.05535627251209415,0.0807238207445676,0.09969525613335033,0.073751189151696,0.08579061113376343,0.05739871480726037,0.06486679418441195,0.07764976528550238,0.06939385078489636,0.08166353930970058,0.11180312359052683,0.0888093598121229,0.11810982096977887,0.07322483548998131,0.07652753674573645,0.09917434163550881,0.10293632468108592,0.06041327022827593,0.08165161548380089,0.07771692279524753,0.06425409197419124,0.10807962697470747,0.05777571676182451
adithya,1,334,0.07413272828069971,0.019182133192439183,0.1261712859117527,0.09596533025183067,5.304440481190151,0.08197376863436806,0.379022753495567,0.20234168576149997,0.20968799160294105,0.07944383393561988,0.08635779150861425,0.08805769583386645,0.08109013071778168,0.08693881819685624,0.09326312240774864,0.07075703547059192,0.08786337641864628,0.11369286767198311,0.08181201744387084,0.12944859893698057,0.07722529512124648,0.08558778774647043,0.07061135696786465,0.08481674349239302,0.08049992348958651,0.08338227299892571,0.09885505846550388,0.05140592955102993,0.07647021661374707,0.0684432296847105,0.05926247896887453,0.07709171223686562,0.082289880774044,0.06348216894843914,0.09288330287730484,0.07581162937098944,0.08975887062779149,0.08916849399852955,0.06305211880012991,0.0695911087008797,0.09970340434604585,0.09506409058948315,0.08261318346889303,0.09059423629895144,0.07826653070441289
adithya,1,335,0.09104974175041143,0.017095774893667905,0.1154353164549394,0.09677146102062291,5.660109037371114,0.06395966288962807,0.3913134375752042,0.20249953710990745,0.21169912326670626,0.11625959563672106,0.09009849586132349,0.09479167538490267,0.10999066095368981,0.08360166082827457,0.06680331453720893,0.06529820940745164,0.08488010651804588,0.08853385943221381,0.0813069749589096,0.08022831154923032,0.07129178396214035,0.07576962059344246,0.07478286729347758,0.09638095944713128,0.07136923795004589,0.07674811411910128,0.09077941267069424,0.0827083022081724,0.07770307025824451,0.06951729543088939,0.0967829880299016,0.0844318534181381,0.092934789767674,0.08943855014937728,0.09530211117707232,0.08758624865554071,0.10814459973193623,0.06682413102042106,0.08636529579582419,0.08316656811483515,0.10552743533961322,0.08947625390559547,0.1060738680296118,0.07970512259008632,0.09149834605755038
adithya,1,336,0.08288961212873432,0.016773434539260876,0.10138506494092657,0.12354950385561614,4.901198312355576,0.052436851227627035,0.40619856508685437,0.18922773339779422,0.19305298250565456,0.12078022320968602,0.09081823302953416,0.11011890838207582,0.06236504556785838,0.0848137164185753,0.06116838093850792,0.07386062677054357,0.07216394985235924,0.09865615351024451,0.07896459233928946,0.08319893789291234,0.08455415303760294,0.09001029552725415,0.09999617567678673,0.0965928295715604,0.09591443680786514,0.08425548889713633,0.07329788676831918,0.05478228244056203,0.05691969823624851,0.0759244839213195,0.07643798914374646,0.08545605504630163,0.07340947368024668,0.06990001450749536,0.12150029357110907,0.06226569932409866,0.06418639713347438,0.08123004900263024,0.09834100146178726,0.07453444417780818,0.11435240432588373,0.08159859795755926,0.09306349824486917,0.08903222841766227,0.0942088311963162
adithya,1,337,0.09242531909424069,0.013101155777098843,0.10872519950823446,0.14766527957245668,4.944016415123428,0.07077686760048722,0.3930351013787223,0.18460491023786083,0.1991580346232534,0.11250803017412822,0.08035477463329802,0.09279470906528312,0.08037942412359207,0.077137655126258,0.08189398887842426,0.07143233635010496,0.07049606256645219,0.09599145017911427,0.08163682113657128,0.06662175833203898,0.08551427595994594,0.06425151628816732,0.07027340733861148,0.08886112548158234,0.09363706100525347,0.0773360945629045,0.07686139094161822,0.0800195470479318,0.06287042792110915,0.07742532112116286,0.0759787577705444,0.08887911770367067,0.08932236597958869,0.07856882597724218,0.11856971757314508,0.056706288038079034,0.09074684667320636,0.0812203492658149,0.09828719811790478,0.07338611510864584,0.07578255283701094,0.09962693798418015,0.09923797608868962,0.0937296433997401,0.08587956013042486
adithya,1,338,0.09094216711259344,0.009565272733527929,0.1099259489633228,0.12653777286296508,4.560367261326277,0.05544324993111089,0.41597584042723557,0.2022237344890773,0.18643922903435384,0.10904348254675246,0.10892223338095974,0.09088696524076317,0.08157011000718928,0.09032293374446344,0.07853120272742127,0.06175296207112539,0.08390643606827,0.09987101068125413,0.07979222585768203,0.07731089519965156,0.07860326629904163,0.04219973624276004,0.059304803642215964,0.08412965816590832,0.05596770567648776,0.0696112263033218,0.07855288264138725,0.06666843467080322,0.06402380513480813,0.07282265702573602,0.06875045817841952,0.06939372760531894,0.0908475918632817,0.08246360437326064,0.082086870392851,0.08248468120852892,0.11931569756039825,0.08366507174118053,0.12245239121571252,0.07206243656451015,0.10905811072383685,0.08259186077003461,0.09334031640825699,0.08126623674773556,0.07652574565276585
adithya,1,339,0.0849769351246652,0.01907158556032783,0.11765309883053957,0.16808420891984585,5.047585098714768,0.06025273475944802,0.40491138579459496,0.19827254210835765,0.19787976013308267,0.13475636889477807,0.08556847940727685,0.07044268925210308,0.05515317887718127,0.09085136053205256,0.08440925221515799,0.07532912674541724,0.08173877322848251,0.10626105209358876,0.08278138266931527,0.0001,0.08791143900544554,0.0685481884737981,0.07343754503729222,0.10173975889717593,0.0885140794342012,0.06623289907281278,0.09763990145931038,0.06762688983319486,0.08160746599065646,0.07499513401404696,0.05063374601795853,0.08961979685834419,0.09426061715914756,0.08246486760145706,0.10683591764230067,0.0708842743629977,0.0857267602411304,0.0812523604903541,0.0839070682788357,0.07750402167604956,0.11499355718492248,0.11223421373107162,0.07659666409473227,0.08556943959898176,0.07775522307625754
adithya,1,340,0.08624229120335242,0.01515343179450606,0.09396212034208956,0.10446163284367696,4.939490137785014,0.06810691340756345,0.3701143799374779,0.20262418732696658,0.19409610122546236,0.10263495444851864,0.1072855301702642,0.07584805700490486,0.11864091531304954,0.08337092989823307,0.09530743211230407,0.06973311347933146,0.09822845735467672,0.09693586109797572,0.07815427053524789,0.10618853656055734,0.09949103925883729,0.06416301463514688,0.06764989090556464,0.09825635566150379,0.07331404323011109,0.08069310403906556,0.07468032926605275,0.0726116590335529,0.0684342826167451,0.0715796465405997,0.10047578452093787,0.09255441588553516,0.08418635977553865,0.08733780294226362,0.11729402090814653,0.05187699928565261,0.12294374822446977,0.09409877021274916,0.07950093067161387,0.09544131494381289,0.1078466253864066,0.0846839949320613,0.09166285522667163,0.08667260880133448,0.08847083502436853
adithya,1,341,0.0811382138517462,0.01419407263371898,0.09675814872845571,0.13274672730023324,5.014194059354481,0.06328593480126828,0.4348379618853775,0.20448950392055104,0.17652850096583383,0.0844839132618676,0.11390685487926547,0.08626557277201138,0.11514711030026856,0.09076567810273971,0.07591470722660809,0.05635026135563037,0.08832030864177456,0.10574758805100123,0.07770184801307259,0.09920508980108086,0.07345834906009263,0.06814563230794154,0.06019284142291076,0.08409981563513957,0.08385921171235879,0.09618090914663523,0.09050208305110993,0.07600762992533283,0.07512974123691961,0.07269899801343038,0.0754738581473259,0.06874484241081186,0.06605920331341364,0.0814348869039866,0.110750025540797,0.07571647365178383,0.07173100788057604,0.09820866252059932,0.08943998319882591,0.059108555929562004,0.0927274226247481,0.09242240802814572,0.07796910847608637,0.09907817427512404,0.06035544745153221
adithya,1,342,0.08381951848187004,0.014105330395201553,0.11652740937824198,0.08679877902421188,4.586613922653568,0.046764324992170606,0.3858936764169228,0.1955030743903886,0.175303115962805,0.13158763823868172,0.08631697152109356,0.08422538515234274,0.07217139384920317,0.08538493472593048,0.07800621625394037,0.07189426222871069,0.08261917517589881,0.09507034374661416,0.0843912734379447,0.07298596025538898,0.08136065872391231,0.08881628751115916,0.09201298450729767,0.07780571460758036,0.07409326347535905,0.07742734189718117,0.08367070964187036,0.07183110452607293,0.07635224591976043,0.07792057718737637,0.09695892088070253,0.07247207184547115,0.08431465230352832,0.07553858101403327,0.10251688058252809,0.09333702135063468,0.1495670426087115,0.07556535845863181,0.09599252527306514,0.050384297824983326,0.090565670639699,0.11093030111844242,0.09765983261133748,0.09505134032102974,0.08069521304543342
adithya,1,343,0.08553537498613827,0.017325907351254242,0.10333407125553357,0.16476316653487916,5.037415846707718,0.05967054760540749,0.3525572119227929,0.1853693794333147,0.17603161972947914,0.11737204867075474,0.09751677205327178,0.06756058510130222,0.12297644693792262,0.08578561045751955,0.037985932250132956,0.05386440238515601,0.1124355504119271,0.09107603267544465,0.09022980863515426,0.05728059675984352,0.06598226754100021,0.08752202786235498,0.06476694257646637,0.10198715367000212,0.08354283616313364,0.07109003315263673,0.06910118600788184,0.0876493591979748,0.07130631815675546,0.08565687340751482,0.07707767867305074,0.07462662279633564,0.13216230973629992,0.08024688428351394,0.08154345684131686,0.06985032022194022,0.12209902997400537,0.06016487674789608,0.09644680323319174,0.08911962869229119,0.09664132746194828,0.09218395798002918,0.06551126351738534,0.07129554095043016,0.08637443237227527
adithya,1,344,0.07664941752287718,0.012341268657698053,0.11922710433355592,0.13573639699421566,4.850559582945679,0.07361974630351956,0.37136623639623684,0.1852697765765159,0.2008958429672992,0.0852215526395735,0.09292568340917064,0.09066618644452056,0.08484068538768612,0.08729786001708545,0.07664643518197725,0.07380726631100389,0.09823313628197261,0.0893229980784653,0.0772465051925365,0.0340317091693962,0.07997918829965146,0.06008583640736112,0.08368281760558662,0.08963396875991182,0.09873458153237454,0.07142740279597895,0.07517810976309852,0.07582764696674926,0.07427255162854754,0.0662264020333672,0.0562998899976091,0.09141843946952385,0.09854678697903868,0.0745760426611391,0.09076221024244364,0.09681694249720878,0.09485693356177108,0.1023267426102937,0.08511689230843365,0.09838270528986022,0.06308248179958402,0.07870187658043226,0.08373097641811406,0.08942664299692069,0.06099003553232004
adithya,1,345,0.0846514433468343,0.0139840442841557,0.11641144938139612,0.11168398106818346,5.596452994945484,0.04857112668026627,0.39171796584691654,0.2059150069700608,0.19857550017258824,0.08929178951044073,0.11184558943266287,0.07104543596328314,0.10370253037478198,0.08422486249663054,0.12107133775866866,0.06811906228756247,0.06886299797318608,0.07854768572096553,0.07637070061015798,0.0871103524999847,0.07631284246005199,0.08154918469372584,0.07318505040009674,0.0914293158295299,0.0805225624265889,0.08218243838049819,0.07193861630877778,0.06036999466715561,0.06257433672153978,0.07510088181423455,0.06908435287216654,0.08668771202077057,0.09771227510644574,0.07495011343543344,0.08011174821051065,0.07893630223855261,0.03886764777622469,0.08966893703849373,0.08345103927588374,0.07451508220738845,0.07864039598775817,0.08636458003315214,0.0667286590503538,0.09780245343624897,0.08837772767909999
adithya,1,346,0.08845932027422249,0.011340342792036731,0.12721337028098612,0.1411190496174718,5.459156514632711,0.05275378456977009,0.408646242144309,0.1962141046390506,0.17407559104754963,0.11629173753955638,0.11233708935962826,0.0886635898310291,0.09603011946385878,0.09748822602301574,0.04655039485374356,0.0815044027964369,0.09111374542557871,0.10244932370584969,0.08005872394922106,0.08444752243876391,0.09362395108750117,0.06778540653520093,0.03468161523564475,0.08959207102890925,0.08267714843138227,0.08323813912353188,0.0894264797026567,0.0572768742878853,0.06766148137392865,0.08594205481462253,0.08019771341182198,0.06696433013749678,0.08707771792065937,0.07848126314201047,0.0763213462346142,0.0651728371978646,0.05100294230367152,0.07762152806757067,0.08807422990569455,0.08910947118547922,0.07659643545107798,0.07106392428666228,0.09055728004402404,0.08277761188384598,0.0984602843395688
adithya,1,347,0.08246462334109028,0.018972717467772102,0.11968911241171427,0.15261486735435376,5.708903201417786,0.07867014348305301,0.36386638381805736,0.17463348925294397,0.18523688574378272,0.1309790871498498,0.11194042183372821,0.08185630870466154,0.08114376424005865,0.08902096797435514,0.08955687328504985,0.07052692064995644,0.059368831764853226,0.09845659425664284,0.07802680360263761,0.07909103289078673,0.08362385168554301,0.08203065271409352,0.11296887621697976,0.08318820521599947,0.09579657868858424,0.0840793059919775,0.08528378770896286,0.06987298888272511,0.06596761747952604,0.07112737257346152,0.10790254783240016,0.08439275995999702,0.09652331123154148,0.05452657069397371,0.11692679653755901,0.07490314475132924,0.07859190533145545,0.07310620729381198,0.09026321506150418,0.0735592208527172,0.08968635946543731,0.08524336147729954,0.050306107859120805,0.08736395710424043,0.07226467010927166
adithya,1,348,0.08399802554345787,0.012796707074865271,0.10460956885627799,0.14985312374293813,5.28232049171547,0.06302448582746936,0.4026805919827577,0.19654570001033825,0.20131010738158042,0.1194758906881933,0.10790027093634202,0.10223846942559023,0.09432683435452455,0.08582233839267878,0.07633983371573452,0.0725803409255909,0.10067580919559445,0.1124052680102788,0.0856114647163786,0.03581273247947754,0.08086925765726266,0.07799185542592411,0.07785556618956911,0.08402088643744485,0.10360427997703328,0.08204278549174325,0.08229230063985819,0.07195639719591619,0.071457006232715,0.06020449121131845,0.05872575137082757,0.09021498943419781,0.07293637012951326,0.07118606320889553,0.10643739265468476,0.07417533182632009,0.07122729369219197,0.10067309180811047,0.07998284453218434,0.05937736056956114,0.07975337743922635,0.11132039337235515,0.10434067591800016,0.08603789542237511,0.09275283363627519
adithya,1,349,0.08932918946987742,0.0171695241359662,0.132536891921819,0.0841853331051877,4.886067862926302,0.07139935852209837,0.39083641916188944,0.16931930623976008,0.19131514618970366,0.12269465373545435,0.08418877168811771,0.0822024334420631,0.09640995641702746,0.08258912397267183,0.07668281546369919,0.06633686195545399,0.07994593828526268,0.0917883457487687,0.08304076600863304,0.11686049552357182,0.08473451046691753,0.08586603387025327,0.07747542181876148,0.07975305421933243,0.10233333955685901,0.07041979111424626,0.0817898706252939,0.07538918935943589,0.07699191288582743,0.07719641023042474,0.052533848176319065,0.07562047295379441,0.1042276225653234,0.07539853173866476,0.09747626422470076,0.06344477083187627,0.07898205636751071,0.0653076699960961,0.08462475520625715,0.0660728837220732,0.09227070304918118,0.08888529775854657,0.09028619887395128,0.10204741280371413,0.07761880753508735
adithya,1,350,0.08410109678961672,0.01672759762995198,0.10653328345321364,0.0742457288552082,5.722529845797623,0.06044478541560264,0.37362778095785965,0.19133313513645964,0.20325014659388277,0.14636428238980798,0.11323186434630533,0.10273113662231623,0.08235991377948354,0.07947155415161346,0.08189860004628045,0.06497977591544843,0.07402768537593614,0.09458658149889068,0.07856813734889365,0.08827405337371039,0.0757199269257014,0.09437981677116312,0.04768530418419747,0.07029786553249914,0.0879330416656173,0.08052733633043241,0.08599036000932092,0.04744246419945651,0.0726833150401423,0.07248098140822894,0.06906117059759415,0.09827700038659953,0.0989143411166995,0.08309671354837916,0.09045968872431627,0.07113536235087571,0.09484509747401358,0.0838386651735226,0.0920893137973612,0.07501119120325343,0.11920875168217807,0.11371651996870212,0.06495094726457773,0.07735371762928335,0.07856169979808507
adithya,1,351,0.07912248962574218,0.018058237899558297,0.11551600648475366,0.17034463339784145,4.409947106979515,0.05954869297332094,0.41772823883123233,0.19515742734292985,0.18855028294725612,0.09767454169517248,0.11224120611348218,0.11245221519201477,0.1139628956102507,0.08156842543776903,0.07400329070025635,0.08714573627202885,0.07102851841826471,0.12144872939863662,0.08488996919521916,0.08728133794019759,0.07801880335605507,0.08428144490313492,0.04892658760944944,0.10015596853352629,0.08658360786627801,0.08254991921191474,0.09041476387942599,0.060123250732003426,0.06957795804649299,0.07091222419683563,0.06859828043380198,0.09696130990307181,0.08258243456566608,0.0734270492725519,0.08454783982233591,0.08358642921140916,0.0726733645755258,0.09962719941560545,0.08673650535416645,0.09765606578551866,0.0743660241474649,0.08555921394685663,0.06589420849228181,0.09092272856695378,0.08268232171375703
adithya,1,352,0.08486177380909883,0.014191115074370693,0.09621075018678671,0.14930670809040136,4.921656045135362,0.060864204787144396,0.3983414109869394,0.19284864534934626,0.18443548134843735,0.13727933625130517,0.0976768174115203,0.09504038165751842,0.05920344039496955,0.07709487531758957,0.10657663854106933,0.0649170912194516,0.07034161130001426,0.09454356471316241,0.07852135369045295,0.09600018233224514,0.07726137346291508,0.09173231429411607,0.05046207605516962,0.08359627811306827,0.08726074254463964,0.07766190689485307,0.08316950407487951,0.07437837822805203,0.07162827290479488,0.06787824537054091,0.053158783597800185,0.09163223536554309,0.09680878229533266,0.0712336979583447,0.10281480084509625,0.06812947907414414,0.028913421117129995,0.10344687767971056,0.09322066726086103,0.06774145896801961,0.08146765499666439,0.11081037199437051,0.0676852066197075,0.08379828473268928,0.09523441610360624
adithya,1,353,0.09585413590654751,0.022758010117924977,0.11166980604342423,0.1270200708273372,5.152376533371322,0.04661693822417685,0.38928666746020063,0.1937050300522084,0.1915757486569301,0.12542592020013446,0.09316405331895931,0.07296777957969078,0.08811100776228648,0.08680503940474638,0.08787694346118985,0.06968507018268909,0.08732690193616324,0.10296252810226299,0.07419805146300755,0.06883982108256574,0.07314195707283912,0.08565318421999046,0.07386232039011337,0.0767434310658803,0.0935913198748836,0.08217744031425488,0.09752287672906407,0.0543670898574892,0.0676892179084266,0.0708765941656789,0.10307191163161648,0.09182894905045384,0.0932185994997287,0.06704383991781018,0.0903677113268123,0.072655100755926,0.03517192910112988,0.08497888286123319,0.08142865692405128,0.09035139747108364,0.07319701266785855,0.07948141275573395,0.08200236270108037,0.07421448595141396,0.09544812463792317
adithya,1,354,0.08248161758673819,0.015159926245075516,0.08664704024690975,0.13436403686444223,5.238060683745713,0.06731230153090946,0.36775129500296966,0.16912020788557403,0.18995444448851811,0.14268624589693713,0.11688657553622664,0.09062750102823476,0.09392401220415013,0.07575413209915251,0.0687992673029957,0.0690815709005997,0.07454082395782471,0.08955927761361877,0.08765264022180608,0.1304281564379852,0.07230583306315666,0.08238938866020201,0.09133116575175493,0.0842176052795883,0.0731501335926841,0.0757668061661635,0.08506712785072879,0.06097047665399397,0.07143170915677287,0.0707159233587464,0.07079451986232492,0.08144733627416995,0.10515730803360926,0.06542790453667152,0.10059221740052103,0.05339135195399322,0.11229747381650805,0.07907409450487632,0.08690325928580592,0.07555955547006189,0.10306193205872465,0.07309828668068888,0.07689024740511471,0.07899568679774578,0.11034700655841737
adithya,1,355,0.08195711738227639,0.02048946998851793,0.08519325070298403,0.16672277655161868,5.5604053386491445,0.06427524348424422,0.37491912574565134,0.2037537644540543,0.17248256779238963,0.09598430409440345,0.09036389333187292,0.12083894057391233,0.11842451812598717,0.08817085835464052,0.07299527095359523,0.06793752746917775,0.094417879295546,0.10006618498261817,0.0825017756464484,0.06247926588371208,0.09659631616407094,0.09477450363644405,0.06657228628342964,0.09115257998385128,0.06736553512655165,0.08877037733788341,0.07549443347569311,0.07528872586701262,0.07008205307304333,0.0613161105200853,0.08046669920932764,0.07871842896340993,0.08313550494366337,0.06666197367850468,0.08549275441923103,0.0797519903365225,0.09133235283240108,0.09602551015425366,0.08603340918438382,0.08163437315541562,0.11108693685757101,0.06550696246131046,0.07289492118339508,0.10106269442809179,0.08662620358975814
adithya,1,356,0.08682113862240665,0.017467509761663984,0.11882910845451479,0.15793362396481123,5.388157025673195,0.07001852089450605,0.39458338638282325,0.18085850743645995,0.21028562736319106,0.11315363367723291,0.12015401165793888,0.08088090446789375,0.07017945880548739,0.08586056733675838,0.044437760319778724,0.07370886732653917,0.08508603929297011,0.11771727133088257,0.09087301369811354,0.11670475317588021,0.07709313029544233,0.066932415810126,0.10387049116997843,0.08261805536967606,0.0911082642943721,0.0810726348779125,0.07745880081636064,0.04457310607195909,0.0715287879668881,0.06902977055038055,0.09261499912281863,0.09156681808806001,0.07541363212450426,0.07280807558903446,0.10257869226436576,0.08415052441440875,0.08257718310260963,0.09920705192443785,0.07288209206073146,0.07118122887989714,0.06732356081241542,0.08649219118046268,0.10740122118161051,0.09660169939830737,0.10735711080394146
adithya,1,357,0.08624487289951212,0.018112476716727235,0.10973945313921243,0.11339990918348383,4.677057515286825,0.07271795406047614,0.3941073738566648,0.21353277732360587,0.2026863993282282,0.1119286648899657,0.09723195026400037,0.08018192750959782,0.10291847508648311,0.08137224395897875,0.09914120478641895,0.05667723921862126,0.07657227656177228,0.11141877107580479,0.08456739906397794,0.1123045096782314,0.06683746893212579,0.08563495887489214,0.07276622562281962,0.08543701321357167,0.0829993839663424,0.07883971489543277,0.08811985338917985,0.08499808502896504,0.06566226808047054,0.07327655888959748,0.07720219402973921,0.09403558811337147,0.09625526233871771,0.0700273165774367,0.0833422351916568,0.08351160155549066,0.11513088345772368,0.07015193642896372,0.09459132428777016,0.10337757916471783,0.07965959533230588,0.09563361115119882,0.07421200384601016,0.08964875526130014,0.07776895868850893
adithya,1,358,0.07782229100694846,0.013861201794051925,0.09239666731969232,0.1195229669633792,4.87484278624443,0.07072127348186416,0.36855513451775745,0.17622661092230163,0.17219952001561686,0.08990057419452274,0.0994084240792657,0.06511472565019918,0.035462966394099134,0.0919160653539583,0.10331297756969252,0.05564905555396096,0.08801377961145478,0.08679385201576198,0.08315704574753648,0.07164403930025905,0.08063239639156146,0.08904480063031345,0.0700892560860685,0.0882850587257246,0.11240205180233623,0.08496655665641499,0.07721072723854637,0.06027716750594051,0.08290189163835449,0.07402094014946015,0.06353780930427817,0.0781002099237528,0.07949461183526395,0.07762734129727848,0.11223490078832955,0.05923605013600064,0.054784637743676465,0.07060170357513099,0.08918599741042296,0.0932964490406067,0.10151734246216657,0.07376977820388822,0.07036711313069494,0.09293411454064825,0.06229524631575521
adithya,1,359,0.09027221808323235,0.011638265040665795,0.10529118101136234,0.10901709764465176,5.145562903080792,0.054635432261406616,0.3874559662078619,0.20879698853483286,0.17138875769675363,0.13556601082703917,0.09596801019374487,0.08705620434572163,0.10588928881873926,0.08943225458948145,0.08832804005929462,0.06601306275264854,0.08546944854526574,0.09222926241298586,0.07975336314991609,0.10666474637049278,0.05985042530031818,0.07917792803426382,0.12040466132636823,0.08773280218003045,0.09473876981204522,0.08740267770309272,0.08465469877658252,0.09445073322869599,0.08229013176404723,0.07081509314072447,0.0786787191411332,0.0672964371166233,0.04879189471044686,0.0899846784037798,0.08608865773601038,0.09171624997948274,0.11145246855716101,0.0985897208653357,0.08256636461959814,0.062241734254943865,0.08918367288046146,0.09510828589322871,0.08635848125961734,0.08632796536637338,0.06643792008961322
adithya,1,360,0.07498222837364904,0.013559203204147812,0.1100263406086584,0.1655053206709325,5.021630257653089,0.05223740420509076,0.36282227924634447,0.19949231882639284,0.19647940219597176,0.13166291099752847,0.10274150064859643,0.08914257389816521,0.0896762495275426,0.08926689624522113,0.09186840027381461,0.07146042247409162,0.08744273485093118,0.08693906133566635,0.0800857257754774,0.040633383041799115,0.07006392773026189,0.07135397878449684,0.08661982381937343,0.08378756510662609,0.09081906088387223,0.08132045291986459,0.07507444020359107,0.06759754325114094,0.0620547555592869,0.06914451805619042,0.060018669212480454,0.08511908428131915,0.10531558300695876,0.08060097272543486,0.09396058092280345,0.09535032716450045,0.06590793776889871,0.08842693498639657,0.08805633018201436,0.08026425572711833,0.08706587089142319,0.09478963642366352,0.070633573963571,0.09261180445815229,0.0769546009565836
adithya,1,361,0.07923814141267216,0.015143196053937425,0.1093773987837589,0.16704816805255565,5.042039474457819,0.05366019894211488,0.42084761270499554,0.19966326077422333,0.23169716167370305,0.10337368430402559,0.10583732561464756,0.08455846651923782,0.11055200433770888,0.09161048995000576,0.05700007003568118,0.08190004269145754,0.08702827754488658,0.0960312052661719,0.08566664661739823,0.0942752166190094,0.08223909154482692,0.08160633886950279,0.09311799519549457,0.07835360806344029,0.06997506347196866,0.09023094109073468,0.09278124742474106,0.08428114111267898,0.06555409131103679,0.07961896533223137,0.053975685025714606,0.08026335264417651,0.09578062820091537,0.07865677861450804,0.08229546219530881,0.06654141986446535,0.08637066700801614,0.0871838133929632,0.11917713061907798,0.08147091365894889,0.08462220570582704,0.09706826068898168,0.09622082125040773,0.10486069390708569,0.08327548682414741
adithya,1,362,0.0875487584121828,0.012538467686184262,0.10615778990941806,0.07648122482476896,5.005798960574637,0.04013038359950166,0.38145964876191746,0.2002214270033641,0.20833890259194987,0.10410569067346313,0.08653391638459186,0.08483734985139077,0.10506818218064598,0.08105060013703844,0.08579907039135369,0.07100851826175827,0.0967583307234289,0.09960736316763578,0.0762687471123078,0.09661740266923532,0.06817950047791009,0.08687361712277811,0.04552343673113414,0.08905777871937631,0.07608620088437466,0.08641125279642567,0.08097438334834242,0.06615793167889103,0.07365501199789426,0.07475029837882857,0.06311644402263013,0.0987021379943377,0.08813122118532112,0.08221008710528449,0.11480546227391429,0.07672765136209639,0.12294444726230921,0.0834013390208943,0.09517989851612549,0.07572217554793591,0.08815813120183726,0.10171676488565488,0.07923920223762806,0.10420997995719958,0.078344481642794
adithya,1,363,0.08728113240338344,0.016738010344418377,0.13825973256229354,0.09867030477733618,4.70931018820484,0.04194780314235877,0.3941070173538694,0.2069404714145442,0.20084158518564166,0.10063337197178773,0.11289856522417968,0.09487111451058292,0.10258280324480534,0.081518760389799,0.09552135676746924,0.07379340621267316,0.10431800916019351,0.08936259160562743,0.08150250022912241,0.11821546209298067,0.07040567500234371,0.09046473086948012,0.07611870620710644,0.08902267405963302,0.09919568557900604,0.08055544698073003,0.08134134204329638,0.08124957901148787,0.0746023715000728,0.07493417084640121,0.07246360436004062,0.09658466794518979,0.04643261731651469,0.07116980200405158,0.09467940265322365,0.10453150796802693,0.08707020457450729,0.09104015391256548,0.07646396432080278,0.08222052123467824,0.10398261106391002,0.09414962581737045,0.06487632921434061,0.09185947704802756,0.11489563827359867
adithya,1,364,0.08686593655132911,0.012704865747073775,0.11421938809207852,0.0730315132412657,4.344418691553998,0.056554993403232896,0.40788655999273005,0.1907302993616947,0.2096494236025146,0.09578876375171995,0.09580355144554033,0.061594398273653,0.11897582640741544,0.08702439926055303,0.07680460309110054,0.0702852275518786,0.08510936596137332,0.10195024316414801,0.07835844997383187,0.10747331478915441,0.06927701968773102,0.07820850359259937,0.057451567962442496,0.09712957036515008,0.10354916870997825,0.07910930977448476,0.09262389491306786,0.06464267060970565,0.06418636564471161,0.07848557684914399,0.06614907929669288,0.08658862456739866,0.07766923795546482,0.07158305950818614,0.0950262909021111,0.08936155536264467,0.10532318585809125,0.08258504418301435,0.0990450763909087,0.06635944695629381,0.07715472848813038,0.08950104210348368,0.09933237879794159,0.08570061067874568,0.0739662707180712
adithya,1,365,0.09230448672366168,0.0189271343202261,0.1148328066728278,0.19480625062510573,5.445676060314365,0.06956665429943698,0.4200353182448159,0.18303272306550458,0.21319707571772448,0.10622257051433356,0.06994132872553707,0.11246180270207139,0.08759023281156561,0.08159744522700776,0.09458878423365824,0.0694127396073024,0.05791834480573352,0.1095353520270987,0.08358645546832942,0.058894811705362024,0.08517575550391523,0.06322280855742976,0.09424945958402636,0.07794645579477993,0.09254550042137581,0.07618135859416475,0.0930801992954446,0.05286172310496784,0.07137488158090108,0.06987817743449397,0.059213141566963994,0.1082977472535267,0.08299935159333749,0.08960512154316738,0.11313060508025816,0.06931703277218072,0.07127566642851282,0.09082989643433825,0.07953042755621625,0.08656236014471692,0.11733954540922978,0.09779873497455652,0.07715601761755816,0.08285808425949676,0.081403320845823
adithya,1,366,0.08162610942957867,0.020774031397807192,0.10688285947546419,0.14701195587914032,5.217936108022985,0.06237623409497013,0.40239053248218143,0.1888550917833862,0.2093628841681397,0.14902042981786384,0.09053242989646304,0.062466575660764606,0.11242044156350797,0.08924627754903293,0.0818001755709788,0.07467952222942179,0.07020329874534752,0.10364801314100804,0.07713939063424428,0.05933641113342013,0.07165480664074449,0.08564365386191654,0.08815858599897407,0.09097007492508051,0.07022067924761943,0.07773054643495297,0.0847796439096859,0.05622192081275952,0.06911968920120151,0.08379961014297846,0.07285167867116278,0.0875753694574206,0.06813435290321128,0.099169763846553,0.07829980812652586,0.07084701549331661,0.12025644703811517,0.08651263168243224,0.09701326095304132,0.06811527026744796,0.07034761613665788,0.07714147347813563,0.07904160247187371,0.09286465715628425,0.08620331231781683
adithya,1,367,0.08633135481801847,0.018331220987047207,0.09117769810653786,0.1356223993274801,5.357236147512234,0.07524754269474884,0.3797258740505123,0.19775744413456575,0.19413835776435728,0.10679064438190163,0.09758871535201928,0.07174905858224602,0.11088419856156047,0.0872457689024668,0.07731871229825912,0.07205334887794382,0.06074097785032559,0.12315932131404692,0.08433351405038698,0.0001,0.0667940125185997,0.06281942232183678,0.08837747649093372,0.08709744694280144,0.08845381371247027,0.07453079616920462,0.08256359759566202,0.053813001979934286,0.07313006345754229,0.07938791086316883,0.07927168035673082,0.10841848684710136,0.045318771166751155,0.09417966120971177,0.0948446014175531,0.06698610484638848,0.08129350259045486,0.08484269602385597,0.0721594360203055,0.06268061825412216,0.0953074387223317,0.06781997610171757,0.09702369234281037,0.08548346829387381,0.09302245351666881
adithya,1,368,0.08566914491401657,0.014473918806124947,0.11409156974060496,0.14946016404082735,5.293227897435488,0.04534698860121005,0.389192883897288,0.1781414959896084,0.21605973964588351,0.12123886327123189,0.08722605704142569,0.0894803429327013,0.10994704664332022,0.08942310375179964,0.08490318111416845,0.06893196444773066,0.09934285167381217,0.09706990295972337,0.0827668005041025,0.1006573040600012,0.06566273250737695,0.061891321022594564,0.0789163427792984,0.09972979698222181,0.09168390772753068,0.08288391463398438,0.07224847513848846,0.07858686376519475,0.07267093037072486,0.0780234480588137,0.0563471357256772,0.07838708372132744,0.09308291246804584,0.08859936102817045,0.12212109276939202,0.07319954909692943,0.10345184859279896,0.08342293993607156,0.1152654860821226,0.0981402453767129,0.09504550132486755,0.11648425202796212,0.10490027442327324,0.08811692542138924,0.08792459026901876
adithya,1,369,0.08069305165777504,0.016143945325461016,0.10291077225415884,0.10194010482893705,5.393671664808968,0.047181610601880954,0.36852717510922955,0.19205176021166323,0.1799920391241856,0.09261079437874886,0.1059258630031303,0.09267040951893267,0.08516913592372978,0.09460145778722613,0.06753828106823526,0.06690027037548954,0.08990397028058116,0.07767592379136914,0.08102679817914772,0.06735619683102227,0.08459465605832153,0.07002784834114936,0.07472805002425155,0.07211187977980085,0.08853154889172642,0.08450779563858976,0.07184025282065934,0.04804641325897957,0.06981665096788715,0.056709489494267545,0.05722709492091651,0.07066657370782611,0.10594852966239501,0.09804649498330895,0.10728414430373234,0.06878197476140928,0.12305742700815252,0.10745580234259636,0.09280602295113168,0.0658704721137056,0.1157174277313884,0.0936893996305986,0.08720641554277282,0.09151687341594661,0.10941816201898703
adithya,1,370,0.09063511219147947,0.011639897791431757,0.14726451039480717,0.17560603852925957,4.399697769086899,0.042801157332566946,0.36886919956318265,0.18371805339017377,0.19610932321696264,0.10674931821713796,0.07842488626893249,0.06977469267168047,0.11069877540252944,0.08834597882964838,0.08638361059502926,0.054016242864874255,0.06750221879244685,0.09329460820244072,0.08943448630469561,0.11114838954414849,0.07222248814217255,0.05926582656907607,0.07645600408726094,0.09694365581236489,0.09179405982676256,0.08084187654779894,0.08846202008879159,0.07223873305826624,0.06900308718448184,0.07528453338124268,0.07673219088463272,0.07208114264649168,0.10916611332822866,0.08332662474878788,0.09194372819579592,0.0802909100771092,0.09307761219113628,0.10401842445235777,0.10982119932441763,0.07227654924153261,0.06277610922418542,0.09489101217694132,0.08020699748012107,0.0806781584696382,0.0743765913622933
adithya,1,371,0.07840053450927159,0.01257752155378307,0.11902835673506597,0.14015948732971273,5.224542793525153,0.06535778260087775,0.39229583692970954,0.19975737151558795,0.19350309858531953,0.13763403907496535,0.07970928667907033,0.08950265407918719,0.09628898110239044,0.08438109137474392,0.08506151585990405,0.06438281338237442,0.06117697078158525,0.10991546246693164,0.07799633618786611,0.06954648417978485,0.06915564061439379,0.07957155644325171,0.0882879903370438,0.07489993782969738,0.07542987714458149,0.07553856958604534,0.09862737736160675,0.06996326994069459,0.07762989146560931,0.08027813248548528,0.06946068814689944,0.08939151670493424,0.0619989099318268,0.06192972782841895,0.07807902316205002,0.060456645244757044,0.08947029728222292,0.08912547164276413,0.0718055111816853,0.059183519979665214,0.08913031523792513,0.08847691270080081,0.07202178450169165,0.08443472654850176,0.06673835461569627
adithya,1,372,0.08467910530864754,0.01521785372422416,0.10818776667393434,0.1715741652393255,5.448720334323945,0.07277146356062139,0.3827635974967497,0.18934944142083343,0.19104657082051235,0.15768167206208525,0.07143050472834787,0.10383269205860164,0.08121807994365554,0.08377616803567008,0.07981921260104127,0.0687142592551154,0.092477080150968,0.10369726119767249,0.08314431090640469,0.10836202687031307,0.07940283722596371,0.08272752615558322,0.1092594927467371,0.08121326436307338,0.07778948233684091,0.0794118229804825,0.09191931425299553,0.059922361260025876,0.06742932235922842,0.08055711088598907,0.0547472932108173,0.09346794594504156,0.09209174360463641,0.05834844663269671,0.1054205792640779,0.07022272039039916,0.10725634284140385,0.093820556795818,0.09810503589871002,0.052952892681812,0.07759605739795496,0.08451694928220888,0.08183294968557421,0.08457258967111424,0.07523232188758629
adithya,1,373,0.09076605759589444,0.01773735775949083,0.10637164628612748,0.16055465636630678,5.21371501790768,0.07992149866519896,0.3873919618366264,0.1837276578579382,0.20375198619321355,0.07217146917206244,0.04355375912398138,0.09807235012831478,0.09615505147158916,0.09156811540609369,0.09773338378432757,0.07026410654751349,0.08510067167157648,0.09031661221544643,0.08176961446134304,0.04112088769140154,0.07604123843031918,0.07475089823102514,0.06044335259145671,0.09724129543950587,0.08494083789478724,0.08158125373286489,0.07266852954995698,0.09024049126599056,0.06805072468253734,0.08029929264230509,0.09438357203988457,0.09440446649767303,0.1056327764261933,0.10126636029533513,0.0801114476300521,0.08140744160527806,0.0687226449238359,0.0898786876244712,0.08998814366819824,0.06833557889764214,0.072265364331237,0.09816418889869145,0.08153979761608732,0.09487003985193118,0.05580014128476732
adithya,1,374,0.085389780380089,0.01569326182690517,0.1029412892358944,0.10054878473008722,4.872253363588258,0.057299768417257084,0.38763698566080934,0.19335366377404437,0.1857520739157248,0.12142452593615966,0.09791287473221874,0.07586169610916609,0.12095837493580402,0.08397691407405085,0.09026916194558435,0.07585891617207721,0.06972881534962729,0.07948197760829194,0.0832317837817918,0.04715910489311437,0.07923169593588084,0.07249784181751946,0.06917581608843144,0.09976841182686644,0.07730059670469547,0.07981962326598994,0.07304320075298884,0.07389392939254155,0.07124531991154419,0.07601040453180041,0.07418863174354703,0.09210553701440843,0.08924876255446781,0.07528108189449795,0.09034145100484776,0.0573512432071797,0.1280906600220849,0.09672028971176963,0.09557954579896007,0.06423055238996264,0.07601964712821985,0.08370108996131101,0.0767822358781013,0.08371468922265542,0.057174260291010054
adithya,1,375,0.08096713321272692,0.01602957509090787,0.11163585089619207,0.12186323913999861,5.3666265109961575,0.07396418423403557,0.37497442784267937,0.18247632653672474,0.17968447919774017,0.10165817189625838,0.08116556190514496,0.10999189020247804,0.10423511586773909,0.0789989688911823,0.08772342121824109,0.07050689788269836,0.08417526483009015,0.08129910071874646,0.0860268749913524,0.10036135975559295,0.07642964406779348,0.06619157454688172,0.06333007656703141,0.09295638281961187,0.08537664849877423,0.08218330276572304,0.09427430139807108,0.06724863083126728,0.06952497669602893,0.08169693650171679,0.06023804688349108,0.08556031259339211,0.08899741129535692,0.06433181885633604,0.11176032916676507,0.08382342755111266,0.09148406199489066,0.08139756903555452,0.09861072962553107,0.10131741502492443,0.09886140540216963,0.0973424660554151,0.11928049622838184,0.08876017920150207,0.1014567703570774
adithya,1,376,0.07224609454956862,0.01349211243053997,0.11646773443942292,0.1180609157244332,4.620024688481516,0.06408955212220287,0.39843246240787605,0.20702449713294055,0.19400515938158647,0.10629785514800032,0.08807280282696427,0.12334760871831467,0.08102696149642515,0.08921355228543927,0.10520052751989281,0.07554883115984885,0.07886430421895403,0.09986707418948237,0.07943377208931579,0.08474506741274637,0.07700960098891771,0.0694079329301698,0.0577617377333938,0.07151899837626842,0.10847910786997512,0.0889230640379478,0.08849060599173747,0.06127520526819276,0.08045780102325893,0.0882337647939258,0.10217171874485306,0.08679408538977704,0.09063205396685801,0.09271526572934463,0.0875833270141039,0.08620733295232391,0.14012589320418734,0.10651360306070025,0.08384303539446498,0.10412057666851722,0.11144161683517581,0.08040936635964892,0.06157704785311141,0.08451512124588495,0.09092118752938307
adithya,1,377,0.08961623890953586,0.015460487631023779,0.13191063105590833,0.13042767217891169,5.160181511294596,0.067626256492512,0.40318111264731915,0.20340730733414822,0.21143475532646067,0.14075052592360845,0.09433299530334363,0.09436782898823781,0.08471169373733925,0.07757763091073767,0.07071958815087268,0.06285112144002833,0.07260737464098535,0.08053181644853905,0.08272977507349336,0.10109295778448676,0.08168639179476883,0.08333690488177883,0.10604257112631502,0.09618861986105376,0.07415294705261842,0.06438541417557143,0.06529984348184256,0.0693089874683999,0.07372916909782258,0.06622845245233631,0.060422224304280625,0.07805996184031523,0.10262032860821782,0.08996166238203386,0.11531662931354647,0.08125030528176012,0.050884536887846075,0.10053275014257265,0.09614461921917591,0.07430830246293027,0.1197166747041159,0.07626225185025151,0.07531719172267096,0.07361542757847309,0.07511918040811266
adithya,1,378,0.08311709085774584,0.015134827486017044,0.09799336027475403,0.11198516226588269,5.241835843468816,0.051694012244003856,0.39127511450987523,0.1832797801984209,0.2121376438315544,0.1325702923042258,0.10102154830413454,0.09165454884065564,0.08744856599891533,0.07768908734877045,0.082650674695895,0.06418167152116148,0.07223211841295486,0.10843244896931484,0.08954050960591989,0.10672009828360854,0.08032080507308109,0.0903092186893782,0.08858622452077636,0.08761592773713633,0.09420725222306663,0.0768062648827054,0.08612972252907886,0.07080002642762011,0.0650798218341454,0.07425106766450089,0.08499651707181374,0.06852235933064538,0.07801517048212248,0.07719761905634293,0.09896470590912539,0.08737498854389691,0.07801722166292996,0.0964542710374701,0.07586454381354948,0.06899535720384473,0.07801697695113873,0.0970107503303031,0.07060779523189244,0.09822083249537694,0.0711790453179885
adithya,1,379,0.0953962276578773,0.015769188432677952,0.11059993404512695,0.057371282944743265,4.956193370974697,0.07134227443271232,0.3836230243479906,0.2106788304057633,0.18068827292500883,0.11292155017431346,0.11984676053111433,0.09216790076786875,0.0785056875102323,0.07947435093571285,0.0790875935567715,0.0663586529392907,0.08300622054820982,0.10453216469368454,0.06975277240609216,0.05583473517218358,0.07591455250817493,0.06474661586878977,0.1277431246661565,0.08843596685703431,0.0876245848407892,0.08455175682606549,0.07994490526964647,0.08041837547323845,0.06846320572865451,0.08880943662128192,0.07901728787589352,0.0883364961321747,0.08051557897428417,0.0840894333034936,0.09130738471824669,0.0817496695524383,0.08344208527617293,0.08751164571634659,0.08701654664131592,0.04042231869993532,0.0744402830838996,0.10580143324022405,0.06462280344672011,0.0908287651093638,0.09097351891646062
adithya,1,380,0.08696700041438676,0.021069694055206548,0.12173346133952667,0.12348839820513795,5.703883331964682,0.06703331953807447,0.39978541443125887,0.19847069140776188,0.19704413195802095,0.08077012997107416,0.11593122529845137,0.06963995480991594,0.0832242275708162,0.08741369974082323,0.07400684398781276,0.07421021672986465,0.07469384161900226,0.09827460073497768,0.07565187478749678,0.09467975997944172,0.08271109207307174,0.08589169904561635,0.07929172928342514,0.08878160700379126,0.07641506887053022,0.07990940886156628,0.10059074943453872,0.06949483470715784,0.06618936809863628,0.06749845443900726,0.06341836956906811,0.08357734071417465,0.10258480281033151,0.06875122414931306,0.10635678171602803,0.07816144633229131,0.08169951960913065,0.07513921183958228,0.10118793475459753,0.09461793659186757,0.12427469583452351,0.10482374081128278,0.07496614037340514,0.09435283928294262,0.09287897875119089
adithya,1,381,0.08287342704304522,0.01598299431084439,0.13150513069489023,0.1476196985125619,5.5990989298875276,0.044179502308996005,0.4256265750118967,0.1863136178768979,0.20357327865136937,0.1250845784805985,0.09654962342021425,0.07372018164797027,0.08931554946684836,0.0840445886665168,0.09805898573954563,0.06461155023833366,0.07035859545231977,0.12624615003391187,0.0802645160766341,0.044255608945943645,0.08130057854465128,0.07644182847045879,0.09043664716856907,0.09419063434858407,0.07101855203458968,0.08055780126529309,0.07774036971891476,0.07328039006589204,0.06690689016169997,0.07357854892203716,0.06084386093034719,0.07365376483972229,0.10178218414298171,0.07953409177090608,0.11592488391533692,0.07977992290446528,0.09082432140924983,0.08321318248411716,0.08987294471412731,0.06317633115966532,0.0901644814532868,0.10944037950986135,0.05515426223636658,0.07311962016713988,0.07902458556186537
adithya,1,382,0.08354805119552765,0.013988993835022317,0.10615463987089385,0.11818922374444657,4.897799071170447,0.052145332226309266,0.3813135748747532,0.19246342958610435,0.21369054454045294,0.12749539137791882,0.09912769909423758,0.08805332044207997,0.07781081040972725,0.08399158102695822,0.05772549503229502,0.07534850274914118,0.07882802658174047,0.10172411971615788,0.08593977755219546,0.06907353997462486,0.07817080105265742,0.08390252312363256,0.10426688480310432,0.1039874888564624,0.08215127021112378,0.07732253963276844,0.07324366801766265,0.07732546063926546,0.06479494382692405,0.07488126309885541,0.06079044440410008,0.08652240306358688,0.11568798496234169,0.06788524219890298,0.08742623236754962,0.07328598140910743,0.08475595530262288,0.07691366144354066,0.07088713883436662,0.08253043242593827,0.08572598249085518,0.09478178587951593,0.06695588596447015,0.10543593941058872,0.07451002900055324
adithya,1,383,0.07785834492969813,0.011485210755877474,0.10443445345455146,0.15301774519931988,4.826769839087514,0.03573017310297581,0.40858425337484305,0.19981304852228124,0.1757384511868182,0.09478688727162374,0.08799464364027443,0.07348111395703867,0.08590508024649879,0.08299733855938601,0.07407295361964568,0.05417068163074855,0.09147627334055172,0.09012595876466638,0.0850506574307324,0.08451451283614396,0.0769164924060091,0.09131886640971158,0.03292491169928745,0.09042429350503207,0.08709329274662182,0.08449705160619082,0.0828054064018328,0.0655083136432554,0.06682921805050675,0.07946634192256413,0.06516483613889856,0.08626058991064153,0.10507917955656197,0.08716227141195922,0.1044918071362004,0.08397529235632781,0.01983843749787341,0.09305599865603555,0.10606610199153878,0.08384537845563506,0.10238529414805721,0.1143873424697208,0.08144348817910156,0.09355015580296455,0.07896923653470979
adithya,1,384,0.08479996683678354,0.015711124403587143,0.12755793296394827,0.1496087166286908,5.126334523029731,0.051901676677593094,0.4147856366766993,0.19248438474224713,0.18830584847707765,0.1010023206655837,0.10090364633015064,0.08757088923268698,0.08330277541405307,0.08046873206683344,0.0919661717150273,0.06294017936643238,0.07007546358610496,0.08277997941712044,0.08476806830729533,0.06032760115861497,0.08444176557760504,0.08101254550535303,0.09136101982596806,0.10608728591164207,0.07819761949250104,0.07302064726552067,0.07368240172987384,0.08344565592488168,0.06750504822618875,0.0738998419828464,0.08913535611123344,0.09108174911097948,0.06996365053587923,0.08807702427658537,0.09416226258098366,0.08891485281927516,0.0964982651039349,0.09642243498363583,0.09607446270744609,0.07335349932072859,0.06603556974737589,0.07391011175087438,0.0768740896887675,0.09380386280490831,0.08287625647613353
adithya,1,385,0.08602184846255384,0.018916306157429213,0.1159687159710863,0.09413804242557952,5.134939966165579,0.06144974897826828,0.40304650796697844,0.18616101595118115,0.20137538498456145,0.11059055275425547,0.0970882893997453,0.0971584533271046,0.09310932328705923,0.08665379127255435,0.059584877357125345,0.06932030819132909,0.0801129513145896,0.08458678732051501,0.07798988176053187,0.06823028135677883,0.06771527907186864,0.07312417139478039,0.06503046247133201,0.06890802375691661,0.10399376813082163,0.08266722082116688,0.0799025860150838,0.04984352723610327,0.06669976043953206,0.062462865860938785,0.09156122425703547,0.0984047030452278,0.05587716474814845,0.06709247103021512,0.09058395254566402,0.06676206723358563,0.11359626083760407,0.07512112425635584,0.08419012258685635,0.0672308269270046,0.09887827933403935,0.08685814751957763,0.07621439926169571,0.09134784873971104,0.06481059107194703
adithya,1,386,0.08383286611218328,0.014231389131172245,0.14001193198761294,0.10688237170486713,4.978140722589953,0.06884645375279097,0.34118878623640103,0.20218015087795277,0.1985202350403502,0.14184017266080168,0.10264295853071485,0.057988183732193214,0.0800014509240774,0.0909288239532453,0.07570047633017701,0.07948383371218447,0.0823634730047945,0.10750892132956433,0.08751701957609916,0.12335828830599177,0.06848263345880946,0.07802452013580269,0.10879390159895595,0.07257550119124223,0.07532678378183441,0.07906175337600581,0.10767571605402049,0.08060253716814847,0.07276913003151864,0.07205275319754856,0.05576768139249379,0.08681837840305846,0.08971335047055623,0.0664857905750403,0.07958302707015491,0.060851829276620084,0.09671035009581129,0.05454529366370143,0.08118304667585541,0.07612550974807351,0.04906093524300846,0.0823568670326323,0.08200485923382902,0.08910208663244452,0.07493246334465417
adithya,1,387,0.08150716764154799,0.016033481882096516,0.09126345901197001,0.12257150473071601,4.977079307921031,0.06195728015452022,0.37160611257144227,0.19484465872628465,0.19072083204816048,0.1190081181630793,0.07586586272026098,0.08460159534789274,0.09519335985966476,0.08816067019926102,0.06698683262512387,0.06509696739683873,0.0717714139191515,0.09226291644927696,0.08216584107026395,0.09634005350434047,0.07957493964738085,0.08035059200361735,0.06739642638944338,0.09103437916544464,0.0965519493356629,0.0840835527987861,0.0652275608570069,0.09560948009057481,0.0647845767314016,0.08713650550192431,0.057989235224010165,0.10474906456489108,0.09527082625653469,0.07441816056567457,0.08161595478808124,0.06911163993652077,0.08250065527678728,0.07193676799646585,0.0986695242410493,0.06697094307421916,0.10720463269970458,0.08095108204851403,0.1269079832568366,0.09414793165017953,0.0753118358853723
adithya,1,388,0.08840860287372644,0.017054718680021466,0.12044004811676826,0.12769381022540172,5.543253336390247,0.0624140781597827,0.3856456538987061,0.21227146988912202,0.18447804533156612,0.1314324964233614,0.09202148515442943,0.11410850641309939,0.09678105466253206,0.08595981697348026,0.05197109970001624,0.0578185866899001,0.06520308913343714,0.12114087878169941,0.07201488967046653,0.06365811995063975,0.07476843184571544,0.07895715149429502,0.07660616187877042,0.1107264513648686,0.0883377111076718,0.09197294442821802,0.08216512131628924,0.07174936631921235,0.07798506244217034,0.07377315067221482,0.07523494090533925,0.08278024938105154,0.09723451211047524,0.11316446806847685,0.09142161743380632,0.0842617930271769,0.11849171712571956,0.07360022607480053,0.09561761965126081,0.08261250602892431,0.07416730843831265,0.09395198282783448,0.08947834601991841,0.08176334466947986,0.08627087459707915
adithya,1,389,0.08584565124871774,0.017599699716684885,0.09769049624953575,0.16883202371334322,5.058962742362305,0.07080487274206225,0.38811319122228394,0.18704225082684278,0.20707448157289607,0.099855325855591,0.09513687431506998,0.07820117723738712,0.109658995669369,0.08757581942865021,0.07597061124305292,0.06835196891304757,0.07655690101530807,0.10274608811478075,0.08419256794912669,0.028522634077519184,0.08628217942673327,0.08464394476474985,0.06567073345630808,0.09080885167287998,0.10234004782481353,0.0723039652233138,0.0542240557123439,0.06400868107223132,0.056282138493983225,0.0802935703728952,0.08512426765312019,0.08861196974333763,0.08471385690270984,0.10196620552488667,0.09001369604789719,0.06797674551379121,0.07980361318108667,0.08356385582751216,0.08127752129529912,0.08573311581052974,0.10202643080669291,0.09109588902507279,0.06258119809785026,0.08731255181523648,0.10337095379369765
adithya,1,390,0.08745246299203473,0.013642323344878195,0.10399831387717003,0.10961289981555761,5.189696813836961,0.05867571811582543,0.43031243561775645,0.19787512894542822,0.19046579531075264,0.12371175001482057,0.10445696409299034,0.07077827241176594,0.06400183908298138,0.08342968358036709,0.07920650334854613,0.0813937795853554,0.07411244538287626,0.11486623602059017,0.08114203170308386,0.021560799453955302,0.06907181797215446,0.08190261781670692,0.08007879541069815,0.09440515248398602,0.08144880335992145,0.08329027045204501,0.06633817819916235,0.09160655165938184,0.0707909656326841,0.075819129126867,0.07947031631875139,0.09380722112433275,0.09331095078569451,0.08144804982396,0.08512894278032064,0.07534381946155395,0.03995412011257224,0.0851462385570501,0.09641095407039445,0.07305466286989631,0.07034294006862211,0.07959830523771616,0.08856619359366624,0.08688463447718438,0.07771668865745053
adithya,1,391,0.08868575563471445,0.020543975280294616,0.09304707942927393,0.10551256030844991,5.102892291329554,0.05264502414370847,0.372247138881139,0.19754940941808002,0.1851850482547422,0.08733869880801981,0.09258535451334436,0.10161998143343023,0.09586723479561712,0.08461604559121295,0.09604950003897719,0.06954255394980229,0.07248318040027991,0.11137543199502552,0.08149232835813496,0.04911566357680848,0.07128244401793105,0.0794960753384278,0.0778729124465225,0.08977692156965555,0.10061011902120445,0.08149489643018387,0.07054997341782476,0.08068522034199442,0.06759989782682073,0.08252327964905982,0.098683208988497,0.08798790123249992,0.10508163524889133,0.07966236636115108,0.1082332515731155,0.04909934633010568,0.07573858466256295,0.09942202496996846,0.07784391522177718,0.06797279243536784,0.06910886431178816,0.1113722422901913,0.07495030837552918,0.08201259922836708,0.06708163763565476
adithya,1,392,0.08225574997038687,0.019490117927563517,0.09355254829897029,0.10610168394450063,5.700677054911443,0.06078396334640811,0.3586376496974936,0.2044407814759269,0.1925589179995667,0.14364196839346058,0.10262659753278523,0.08239543560525692,0.08325933233204837,0.09173359044456147,0.11168374256342942,0.07710469434439238,0.08922605892642545,0.10552442355080495,0.08106289781887362,0.12946190909865796,0.08377090963870917,0.0980578001191574,0.06009478400389838,0.08300472729290882,0.07717357061145312,0.07765707510342273,0.08617649395836816,0.08161691115983817,0.08135353686457603,0.07339716726753343,0.08485180458786089,0.07391791867213604,0.0818393543836013,0.05460326227084208,0.10792157149045555,0.06658073712151912,0.10255874259259966,0.09035771670514348,0.08445551145001229,0.08536772781953153,0.06948432758259843,0.09026895726450813,0.06863454519755052,0.09157879445108402,0.06692119319745993
adithya,1,393,0.08227039037395699,0.021837819149033544,0.12609605926101672,0.12319925068986799,4.8409983204677305,0.06477862607109469,0.35545728079137434,0.19459279446026015,0.19615251827949803,0.10984177990130231,0.10159061618187101,0.08256422857601722,0.0922008420864168,0.09541594937785762,0.06794780093037675,0.06845517339410807,0.07818422088586494,0.1093585104634986,0.07977737284108256,0.07298858343411396,0.08686384179086518,0.08368674101263042,0.07017991913750368,0.09333743604682292,0.09020370289833933,0.08796308082949314,0.09063545242569246,0.07435271421720625,0.07133107118630544,0.062206476555099206,0.08163810385081091,0.08314318559839236,0.10994840619061597,0.08052575304548559,0.10561926114247895,0.07370752263362598,0.14614306009292405,0.08810813273716754,0.08043289389211973,0.08455044533328238,0.07872578321252152,0.09489745384943718,0.09778641406023268,0.09164090865860565,0.09918501876263847
adithya,1,394,0.08470391247151182,0.012320232005699238,0.08637915163446819,0.051141417217185986,5.288499032567402,0.060509266340469,0.3916130500823732,0.19983465368038295,0.20106335645144924,0.11057835948201578,0.07422637402334999,0.07366972296061705,0.09216335640027788,0.074522165341335,0.07242013984722064,0.06593250653731185,0.04849052095621383,0.09878813518815768,0.07746628726466255,0.0663490494635393,0.0701340310960487,0.0781544835126879,0.08322006314318325,0.09376144516795083,0.10106195546234706,0.0648821526857105,0.09572793651260512,0.09426502661563554,0.07358417962577088,0.07100417994585234,0.05335784213803963,0.09373515426808521,0.06634233354585452,0.06618179824522627,0.10697262042904046,0.05464042002032713,0.11987606828961425,0.09277060841013851,0.0829727289595807,0.08573375225452949,0.09405284370048529,0.0966170848816028,0.07688731759747285,0.09518775541003124,0.09648172676174638
adithya,1,395,0.07601247648370654,0.021813671237065183,0.11385652878543209,0.10866392903195733,4.559695479180377,0.0729075139129832,0.3873738246229218,0.2051671149467164,0.21201088533191256,0.10640953260085881,0.11307425614013078,0.078104959525107,0.048479052706708735,0.08874566566313762,0.0741056002306216,0.061801110026293606,0.08298961384070798,0.10666614566034771,0.0842008252920409,0.0523989137345028,0.07807298567084452,0.06880925031442725,0.06712179732176288,0.08796996389631333,0.09349546223929373,0.07777554877510323,0.0782522670332954,0.05815199661151805,0.07339763612763611,0.07380237128113201,0.059555167740074376,0.08569648521337538,0.10002238793778252,0.06133982778699689,0.10667183911648559,0.08015092726805,0.08780247510746238,0.08812478464167346,0.08107196677242544,0.0666256550549566,0.06867351085277415,0.11596210585031316,0.07642189710669628,0.08877982204888578,0.07866661314835084
adithya,1,396,0.09059326911775353,0.017733329978976548,0.13264170882804094,0.05931264695743946,5.040325186300402,0.04645678354677951,0.4025716677450649,0.19505473942684728,0.20558651616487345,0.1267832841664439,0.10488814916988132,0.06983449112421834,0.09691987421642628,0.0828021233724798,0.06818977983382038,0.0682574857513756,0.07466091936514184,0.10121437983846875,0.07996106982214346,0.05408076144282421,0.08731553847130075,0.09095333970807086,0.09663216568145859,0.0904116605945577,0.07366305100437645,0.07832687385570995,0.1050560899576785,0.06806254000277316,0.0717916434268246,0.07802659525191352,0.0710186803130029,0.09815529238702571,0.06889201436088344,0.07722267703289451,0.10154121971532702,0.049313906049011376,0.024982022396564746,0.08182540645426668,0.10049077458372466,0.0955716849817367,0.07196335912314916,0.0997429621996078,0.11250474139936562,0.08557034553951706,0.0816413110005371
adithya,1,397,0.09117072112560917,0.016469108312474907,0.10499151350660645,0.13609942895943378,5.118887756378205,0.05809214377151216,0.3797361745699336,0.18601493866911237,0.20775181082177632,0.10662579657290171,0.0860342809412893,0.06971067005173229,0.105172906273173,0.08559057524938969,0.07180090679270368,0.07646567539958708,0.10788769300932355,0.09876213663563661,0.08573690416917111,0.05491691868655191,0.0873907856493689,0.08402932592421058,0.09228604324597925,0.08350584119761795,0.08618256824785134,0.09231184855575851,0.10501439746236615,0.07382924192626494,0.07318313463710334,0.07069895274139901,0.04350093453436109,0.07806589766069028,0.0824073494344212,0.09557481087334102,0.10376213725598571,0.0891535351775859,0.10458229175039452,0.08784259764194272,0.0924502180607847,0.08632720121871851,0.07641031831010252,0.07712450999516707,0.09019224803510528,0.10926211115719972,0.06680727448482202
adithya,1,398,0.08548426901676132,0.020505347901567963,0.11644274710702272,0.16215013721303007,4.696566614571675,0.06515203755185177,0.38474020735212966,0.18973528294275419,0.1950180856852964,0.1390072860942385,0.09171330868729591,0.06504144295640168,0.10650248328783309,0.08473041085197665,0.04733562692540948,0.07256373436117797,0.07659263553057981,0.08776295302644996,0.0906250808818753,0.07282881249230518,0.07659972082595196,0.08232584777955906,0.0784877260713466,0.08792645090774583,0.07368676250005907,0.0911660104117994,0.08296052102664964,0.06138434787573992,0.08334352394418099,0.06403192999170988,0.05911767868910206,0.06943968350677064,0.10066143279438554,0.10358516563160156,0.11378983926377417,0.0854370291857463,0.14021821281630056,0.08807120475375026,0.08224790583949756,0.07476055863551612,0.1168933193769534,0.09815551334223035,0.07127447657171175,0.08601903661180646,0.08940507008747045
adithya,1,399,0.0904656254349322,0.011842036306211418,0.10687119070606776,0.1545635799574188,5.2231911283242365,0.06726058718936243,0.378158005535954,0.20112970896871282,0.20180296392670424,0.12899780231965657,0.1073085415656166,0.08559208414987737,0.07691096945992407,0.08488720818944337,0.06506526706123807,0.0585385081211561,0.06819484586215549,0.11952345642520813,0.08766416771750093,0.04530444351268314,0.06908033675661167,0.07891676515089469,0.05655207673190423,0.08056386049078487,0.09480451511150104,0.09136021975228946,0.08405298473520957,0.06719121638970532,0.07301992755705487,0.06997026475679619,0.09364361477334807,0.07370539573553271,0.09140899655695942,0.07927911062748663,0.10280333307217976,0.08955870574078593,0.07840764162109894,0.08219219658344526,0.09783628564397406,0.05948551366934387,0.07880283944141564,0.0877072223398057,0.08058627018657258,0.07889970433106973,0.1124256103173895
adithya,1,400,0.08340395976867114,0.015801540751825657,0.12009752793429,0.05192757542449332,5.544240563662486,0.054023446556873155,0.41542504611977354,0.200063204031899,0.1860506399545871,0.07907289998255186,0.07330582243408235,0.08269027814821044,0.08462803378794408,0.08925948577177803,0.08964659945051659,0.06403445129904412,0.08015919133320838,0.07596475016759811,0.07998655458575175,0.07880218769570804,0.07315254420776042,0.07927286008522862,0.0873547656449935,0.08216330954374902,0.0962627588219681,0.07311130016461476,0.08861696079446253,0.07063645710907747,0.07057816944960602,0.07702425695570107,0.08024017703787996,0.0731227705685956,0.10934236318203427,0.07278945879363194,0.09684200425586663,0.07740798251877454,0.08121968656321134,0.0792809197248096,0.07877806549257041,0.0880551713073469,0.10953605460260732,0.11006296737133509,0.10620046735877021,0.10448800533748637,0.08330289356003667
adithya,1,401,0.08374589754206066,0.012771807044874517,0.12020602366428929,0.05885994262397465,5.404903578349663,0.05119350168115031,0.42604229047647485,0.19076290976231414,0.1949616496470349,0.14419457278303385,0.07906919965236307,0.08152162268229413,0.10520923514624493,0.08202365725954645,0.059619694950403646,0.0720027076358021,0.079869836673068,0.11200259906669024,0.09660249473155702,0.07441366167988783,0.09307834713071039,0.07387110292607252,0.02855275780614336,0.08819436909810904,0.10870725095876599,0.07792257408532505,0.08128971674078639,0.07261739516082044,0.07159711749804538,0.0736464120204943,0.05585810392618637,0.08941937083935424,0.1187888042093308,0.07809701598728698,0.11023023200306786,0.0947143680971476,0.10204173002563949,0.07361533276452394,0.073415582926745,0.08130092983900175,0.10346793214252997,0.08186367491771457,0.1191562236904074,0.08617201792494748,0.10110513548918251
adithya,1,402,0.08623798531073185,0.015464525430093853,0.10498448214472632,0.15649230892985194,4.966535485827801,0.05883405902560176,0.4398512504153901,0.19407682867946455,0.1990018590987106,0.11530926866205476,0.07362218106826504,0.08921950791548411,0.05884001391294473,0.08391132924813037,0.08162866002171243,0.07558107824136227,0.07542671700187573,0.1130807858493658,0.06643423578499956,0.09409884641648529,0.07416950945549969,0.06363516944697283,0.05017752969549013,0.08604668037462075,0.09236202271179121,0.07306903284764654,0.08568516401508036,0.08242964139651406,0.07126746454165549,0.07118717313211403,0.07002050316967999,0.08370889700408005,0.09196818330707683,0.07207481541268498,0.08843869263150916,0.06551276882385272,0.1022460564465465,0.07813634394338903,0.09014257950970818,0.08267111710406959,0.0886168731421102,0.07229344157988736,0.06363357692076148,0.07897390419421159,0.09188302884002333
adithya,1,403,0.08247889883248076,0.01645453362396985,0.12000628138259586,0.08038415484858716,5.061313778967323,0.05523830807824984,0.41706107239846757,0.19712507802414309,0.18593022431266212,0.11247455466540428,0.08740925076201617,0.08089785927335141,0.08010369608894773,0.0863732960985985,0.11671558198286949,0.07384950884134127,0.08486395613792974,0.0977803041107328,0.08167114018259895,0.10215718940311945,0.07669185174825045,0.08543873732546842,0.0905206354471071,0.08726397967637874,0.09743828019554403,0.08482994045352978,0.0858121303412489,0.08650070190399266,0.07811347258433093,0.07652913388204569,0.06596575205864132,0.08778456383180899,0.10220482522055249,0.06773366895690713,0.08643441789368275,0.06553793271980736,0.11110513254323394,0.1102993803433005,0.08945930373648461,0.06980234935839452,0.08327807215459924,0.09181597535987811,0.06039013660434939,0.08961889447083335,0.0595950176526812
adithya,1,404,0.08338691853333893,0.021582740528524047,0.10697934902171682,0.13631754174355312,5.517384341261054,0.07174500871181838,0.4052219129140202,0.2114372753940413,0.21111936462415337,0.08750711124147506,0.08740943748416416,0.07178623702486915,0.06564496869814165,0.08424221383160364,0.06485629158933899,0.0745815031508074,0.08988646474519948,0.11228415038873123,0.08417878824669894,0.04789919327428423,0.0744023378086164,0.0865293150205684,0.08838152739994491,0.09619455331671779,0.10246182274440944,0.07827424807233269,0.08713932205307873,0.07482922061921721,0.06603664915079664,0.07897633383554199,0.06398818518070043,0.0647881478776635,0.07844270797022529,0.08399482867687749,0.07635744342257893,0.07805406184138766,0.06799935857352377,0.09988728628426827,0.10057851826193975,0.08091809443257936,0.10095615401033964,0.09291538470463387,0.10900573557397641,0.11083473170961325,0.08129584613651093
adithya,1,405,0.0832850135138056,0.020507273687144337,0.09824719242200063,0.15049066336563077,4.930907893498489,0.04453735216283447,0.3997654375481729,0.194025888169289,0.20229336244010276,0.08810686256910145,0.12207701408888824,0.06952404444722504,0.11064467960635854,0.0833909611637026,0.10133168360261328,0.08353155090673571,0.08735210981751175,0.10067102910083224,0.0775422686793907,0.07088316947179012,0.0654202793171686,0.08225064400892465,0.08541081375546414,0.09047372071989675,0.08194983325441958,0.07937801372931176,0.07602080017294655,0.05994868235381933,0.0809070577218671,0.0663635617562576,0.057290304195827535,0.08497964581680557,0.09718876551034225,0.04978895860709527,0.10484855869589323,0.0811847104590292,0.03950992825119651,0.07528112906889227,0.08972434131155536,0.05375148115190494,0.048374577598471434,0.09400059888066206,0.09096462304815241,0.09091832079367047,0.09673384030278977
adithya,1,406,0.08986396331170718,0.019488551157992366,0.09799459708865818,0.18029987774416653,5.136493548310382,0.07515505599128129,0.40446288640128597,0.1968738986125652,0.19221066552278337,0.14273381137955393,0.08625913972528187,0.0957777572901539,0.11668627342795514,0.08411359514164063,0.09396995350554369,0.06897620586655404,0.08994095384510264,0.09268645542464818,0.07876769539921273,0.06675998032994443,0.07235780188090402,0.07542784925048539,0.06912876762613013,0.09355758513076916,0.08870119351806857,0.08986872295090527,0.08168222080682037,0.06531314318414372,0.0733718424995475,0.0728654531956215,0.08379434467432036,0.09301355248621225,0.08374443984846769,0.06399069004013852,0.10183632219414109,0.04995726615126926,0.12128872944791944,0.07566909091789834,0.10389188467569527,0.06698968179413928,0.11639191687375264,0.09942504637509036,0.08330221167269193,0.10272879825881619,0.08884945855517526
adithya,1,407,0.0794644053148575,0.015805884038001608,0.13326867232861436,0.12686098099722515,4.972228070827,0.08390117868328942,0.40574094958787865,0.19836650792960933,0.1704367593963583,0.14111069171517046,0.1086974122505316,0.10345514621858926,0.0911357392168922,0.09017482775253305,0.0840762156638538,0.0646089447772582,0.08984264544574973,0.10083419104331774,0.07959946333407898,0.08666197872379204,0.08184594356912625,0.07327995182200057,0.11963082831363803,0.08936010191818569,0.07840692297381964,0.08666979420547473,0.08459188531765185,0.07775893117202012,0.06987622206659909,0.07457736673208747,0.06428105005330596,0.08282239983627407,0.10336667463773716,0.07246562771876516,0.08820937437935596,0.07322858040432915,0.06609806553530605,0.07407832429395791,0.0967243917437084,0.07706415515444334,0.074183264989988,0.09431168749522564,0.08349620190024826,0.096552756295684,0.09508447683842983
adithya,1,408,0.08625122923310469,0.014142345745423454,0.136041421028758,0.12120566625232597,4.911746638549991,0.04205043680638185,0.39775121243910444,0.19966171791897896,0.1805704604681641,0.11177774970981272,0.10854042248609466,0.07661562478520918,0.09261443031785933,0.08437078988082289,0.05857286096887018,0.06879573239446381,0.0816814275166475,0.09492753980630952,0.07259688776938687,0.06927271384403502,0.07643876704381768,0.06850631285072212,0.07903591827080941,0.09476275447431991,0.1023071075681176,0.08739583495404497,0.09588058242196418,0.08389716678927492,0.07858120018946034,0.07190911944664986,0.07605420065067822,0.0854771064422811,0.09229150349267452,0.06032418741564568,0.10610274307164692,0.08081375132471241,0.08424553001249534,0.11340003215199854,0.07069914949626546,0.08649685598480487,0.10094360899213257,0.09119553432836049,0.07067112734244789,0.08999695306226174,0.06375775541492862
adithya,1,409,0.08749013267791877,0.016383724066873693,0.11727235071963688,0.13047906236594864,5.0094447162490034,0.05125511333679072,0.4027248006470804,0.18450306650865467,0.18566625119471822,0.1020013009091774,0.09876660523741851,0.06787634891921165,0.09847165685117137,0.08156513417317297,0.07685494409638172,0.06581675053913875,0.09685185306226489,0.09416429770992832,0.0804197573465693,0.045600496141109066,0.07275060135971419,0.08561624641170532,0.06764936070664483,0.0952441374391671,0.09824413044894886,0.08070742647044306,0.07182094526081528,0.06800783577408444,0.07366852523031872,0.07670176061965352,0.07949692403961088,0.0682042306210101,0.07441078529786299,0.09962727936134111,0.09288855493091486,0.07302801765192801,0.06921936144394465,0.07415359319986035,0.08110858185241114,0.0771341683193669,0.07174623719976839,0.10337572677635651,0.09090685883598665,0.09272015221871925,0.07894680493934314
adithya,1,410,0.0801135685175696,0.016167824401108262,0.11878780260213047,0.161028106550558,5.330910498864513,0.052042004212356704,0.40476300162905204,0.21190179877258353,0.1899586121255259,0.09760810744308271,0.07574341176182117,0.119673503545432,0.08791926718500642,0.09071782672131104,0.11191012086550853,0.06845650174731922,0.07450232336922356,0.11235329585506704,0.07900780969809111,0.072837317936856,0.07839946113561255,0.04796343700702607,0.05064495504002631,0.10714759394409919,0.07843517265887126,0.08555597105075581,0.08915931712097842,0.057353117782463936,0.07229427048020488,0.07828942883739323,0.06758637989847437,0.09508959124954076,0.10053424820143882,0.07815596839650554,0.09706293908307116,0.08556347519955998,0.06050774067304732,0.08996316459869935,0.08698553879631539,0.08562683720743212,0.11159833756759889,0.1002402252718764,0.0953224263655832,0.08921767742194409,0.09695609000386901
adithya,1,411,0.08001738420135317,0.016466811565602632,0.11749883301355168,0.1258781595711279,5.110712217028593,0.0643837371559623,0.3508320498820438,0.20840407584444326,0.21389504949042684,0.1275345127176555,0.0970126392660723,0.0870616185093081,0.07322743028037872,0.08517353234750223,0.0817644271528898,0.07105877395951479,0.10175526283308867,0.1034407765542524,0.08658604741167111,0.07517741591224131,0.08114919712242603,0.08166281772120057,0.08118121646155355,0.09496398757132107,0.08188072563379592,0.08208692512684822,0.09592758554821615,0.05614587917324439,0.07165215465854306,0.07557260039347093,0.04985313962298875,0.08116979363116081,0.09626514793641733,0.09191784048827657,0.0769873425921451,0.0710155887260306,0.11911569434924665,0.09771685542086564,0.08069910712176574,0.07072130747643891,0.07200054493815891,0.092772665735266,0.08325727269747084,0.09591060324419802,0.08073642398223763
adithya,1,412,0.08827400821991056,0.016088394618486636,0.12637414702150504,0.1435199487943492,5.122019673521721,0.057469450717770654,0.41625309022166285,0.21151003728464773,0.2222623559048197,0.08222561577532592,0.07528377414993459,0.06677148298751769,0.07672564455653604,0.08990998991140516,0.07530886554103661,0.05876935011327155,0.09020847594451692,0.0867180870034454,0.07909287687362432,0.08469886392283381,0.09586093017052832,0.06974763555418101,0.09326906315426854,0.09306400066374891,0.08562213643258693,0.06003137723865773,0.09060625331854583,0.09588782029884874,0.06569315270222863,0.07068575939398224,0.07387357518508456,0.09299752754838776,0.10534815023383055,0.08494076785836842,0.08545695145506756,0.054421542612480875,0.1238615723857515,0.07714986726298972,0.100892121425901,0.07350850809512896,0.07797859573149318,0.09941417819527022,0.07551174663938934,0.0856945423145272,0.11311515196333316
adithya,1,413,0.09478968241351472,0.011360752185773721,0.101238112667978,0.12257885224274095,5.52177536144681,0.05311918575888038,0.39435255283693227,0.19717103029966007,0.19648310174878192,0.12370272473444265,0.07263185625032192,0.09032562065276449,0.0985907450656102,0.08791597938551082,0.06758018956488977,0.07678818020007917,0.07507314998154128,0.10162992150313424,0.07636955852332372,0.049098033415282336,0.06865818129861122,0.059047816226627046,0.12119382744600055,0.08023981672004378,0.08896319553700902,0.07853175054203487,0.08925437206213827,0.07515801695095917,0.0701421140420062,0.07854941986884145,0.08992176888664455,0.0669573676745487,0.09109370064534265,0.07558079435116918,0.11124222973995485,0.08914378414564786,0.09754501445449512,0.07369566314673283,0.08832377504925232,0.07172070545362262,0.08900792241560576,0.0716086204011801,0.0723223534085604,0.10296311452019236,0.08711616396349438
adithya,1,414,0.08543514505744941,0.010732177345302955,0.10657755296854929,0.06688958142597129,5.258593390633245,0.05476469374308076,0.38140341954329854,0.19019453739329048,0.1917887153373654,0.1440370484770448,0.10349117114366677,0.07490826133040368,0.09642960671400229,0.08508707978506254,0.06293428687871273,0.07441888750166527,0.08143274712811673,0.09511669082822505,0.08532762226106383,0.012978371298544726,0.08360745944116296,0.07412015942378468,0.08307972592127448,0.09703254308301307,0.07871642219936702,0.08464893212102502,0.0879513493984958,0.05061896041835476,0.07152796806305488,0.07385261988771281,0.09327923736043452,0.07368278257217425,0.06764223565812318,0.09121200260143195,0.09597661166658793,0.083263895556213,0.09260455031122776,0.06779784238994198,0.09155889774109158,0.0831566571202567,0.06629944824336495,0.09103142207786233,0.10296843481432791,0.08724382664378767,0.11454230692702702
adithya,1,415,0.08111144392428668,0.014676214242950675,0.11738364756862227,0.1117694144097035,5.220034951782376,0.04700651097715151,0.4062666320259146,0.204194433087598,0.19715004228419314,0.13602589953418953,0.10828619522731288,0.08366243722840208,0.13119462728389442,0.07993492905844843,0.06350058922554691,0.05919284981999982,0.09546303585541263,0.09416509097211634,0.07632664874833983,0.07913038534681259,0.06648355259147423,0.09279170980877749,0.09446493139788058,0.0837666055257148,0.0934604746864372,0.08372990800937832,0.09504173220489451,0.09002086330818508,0.07539179206295932,0.08469012421541797,0.0690051183789742,0.11325141924995444,0.06601535148202528,0.07406716725146924,0.11160323089063987,0.0750173325502252,0.09559130705497029,0.0741155472690212,0.08840762914656514,0.10361465162675186,0.09799266606892951,0.06558029383525701,0.07234748614229905,0.08714856480426744,0.0956279268181041
adithya,1,416,0.08142070632314014,0.017824651306693782,0.12207375044214104,0.14203859281233785,5.385081287489083,0.06901953809145582,0.42138496752709276,0.19605140047857586,0.18432084277899852,0.08951332060505245,0.10859288077303587,0.06798726048916429,0.08830789621358326,0.08644756594916518,0.09853777501107763,0.05888004118149476,0.0734714293247864,0.10051248189875266,0.08584934461591995,0.05279740956780309,0.07447369636066144,0.0870723758604427,0.07239780989965197,0.09681551434320418,0.08579709672090856,0.0790164385281946,0.09283078942328091,0.06283900495842024,0.06955746920564633,0.07134663436388712,0.06963077213120852,0.07053510335403479,0.1338556105495049,0.0771443037020993,0.09490667343531237,0.06826662112053848,0.04551202020267036,0.08314832848650992,0.08047128662769379,0.07542661432461897,0.08891946193246969,0.11538057512797144,0.06945737932761875,0.0968537758657877,0.1006430826271774
adithya,1,417,0.09138903018402086,0.014761497407601567,0.11643215641567556,0.11388800259330452,4.74070165798319,0.06259702707742552,0.4186431022828568,0.18982048387608147,0.19824095739956366,0.09713493203827252,0.10075168433588069,0.09582418879173417,0.06933701217443589,0.08613802442758976,0.06590921279481779,0.06313820485368471,0.09912743413075216,0.11799009336773064,0.07634101895309532,0.06630664902466606,0.07844499232383448,0.09659127252838562,0.04416095559526968,0.06887472233453698,0.0917180040259875,0.08036571177391338,0.08799858880916614,0.06451104906285116,0.0713049237203931,0.07100287486218662,0.09755248665502743,0.09418513109628544,0.08123372786306728,0.08758373925058482,0.07691735095174823,0.09374026951485609,0.04994795123702563,0.07888222900584513,0.10537785184307075,0.07343856712235709,0.1184769847137648,0.13181643789618874,0.0779215272997932,0.097000431887882,0.0727142766303242
adithya,1,418,0.0835432575599088,0.013939048071333417,0.11420305637481153,0.13861557613671652,5.58167357244778,0.07347989940561303,0.353344531193833,0.19211433385335952,0.21772552976277829,0.16092421062400555,0.07903205603715152,0.09093106074192911,0.08951921020069313,0.08509576532198836,0.06983188245336289,0.06543808910517307,0.08432540050176962,0.10579313382870091,0.0955613841030289,0.052016986018384906,0.08942236535558797,0.07596644654931195,0.09177532745476796,0.09540583121659114,0.0954723127654981,0.0810383798908971,0.08420077930602235,0.0808946047399088,0.06542741343531247,0.07961132986038873,0.07545878786616367,0.09069110663410944,0.10129263431528968,0.09659059477998186,0.09873673955382208,0.06310834770106387,0.04630087347587448,0.09438515836730296,0.10564106061209365,0.09248470385309009,0.0817579130128089,0.09135436810390442,0.08083894551321828,0.09021961792306524,0.08199094614949
adithya,1,419,0.07672112753535033,0.023095936114668585,0.11986959195628241,0.154724907851419,5.169130450445241,0.05246201527876021,0.41912179236190306,0.1936701208027156,0.20601056805325457,0.10268440161161094,0.09657573698784218,0.08956129246505207,0.1179133211148894,0.07887269552443954,0.06749226445474821,0.05981894082638248,0.08079884992440287,0.10589404570191491,0.08227866401087368,0.08130261288477808,0.07071054057607573,0.05960884966551906,0.026030716193829087,0.07783598434203833,0.0902384782694003,0.09230327165897256,0.08496668674402227,0.05656610075812138,0.07080092226466998,0.06956948890464189,0.08638641075771632,0.0715816036019952,0.11469582210810939,0.08350194177701332,0.08623838620704195,0.07395937857504045,0.08593257205508374,0.09431276909939115,0.10378252447175028,0.10388113483924107,0.06987503690413807,0.09075467372710588,0.09286085340376088,0.08552459250333634,0.08378759707073047
adithya,1,420,0.08928605295966353,0.016821231793468894,0.130242010419973,0.18174332864865253,5.246600113219178,0.05918091525485901,0.408545711633628,0.18447263624962248,0.19494081018230042,0.09394942159582294,0.07807095782396845,0.11033694030519947,0.09507162158465748,0.09288385040866762,0.06881961486409166,0.06867353462660337,0.0903505519318461,0.10635610105972541,0.08506663031925792,0.026434076788745507,0.0771478666196384,0.0741202317216297,0.10117981724854375,0.10695695433217417,0.08837045351724283,0.08874821872049479,0.09391328954621213,0.054394443469831494,0.07491737097155186,0.07151174367197671,0.0699388095034753,0.07050801923141323,0.08327553081098026,0.08884335951328559,0.09887399649121918,0.08839484147373504,0.0782879086404329,0.08776390739753527,0.1082066328527622,0.08156891173227299,0.07716895620560515,0.07854506744945414,0.09288307949220867,0.07859481029760086,0.09733246364727473
adithya,1,421,0.08076972176085727,0.015931554288516607,0.10851147597341843,0.07344356920496431,5.045162142719527,0.07200954827047575,0.3660899362907793,0.18391752381141796,0.18223616460683412,0.1612853073009629,0.08120830661471283,0.07883430111791709,0.06694580335666467,0.08296452176093315,0.09686499808933112,0.07082772671257653,0.07503598132076095,0.10205396072396071,0.08851229816468635,0.06666844897180063,0.09246617438615354,0.07152057265318418,0.0996621541246516,0.076914183310623,0.08904126725510086,0.07714684695963839,0.08714736352831114,0.07358183170688223,0.07858409951190269,0.07117808723795983,0.06963561521008887,0.07431306978444527,0.09199128232276466,0.07585239008283204,0.08964741209546898,0.07185193187591196,0.08797917357576476,0.07427032238591384,0.09235586802000385,0.06465226979851202,0.11420527703720967,0.1050830068564897,0.05548735711588162,0.09173904868055764,0.1110898704624049
adithya,1,422,0.0841084831527641,0.014401785241370969,0.1126351067792356,0.09909729714142704,5.408609183374104,0.06270085448783963,0.3905486075739115,0.20186346433744068,0.2020815730941349,0.1358776780778014,0.13877233586127197,0.08732374599303191,0.09276746263275581,0.08051371568901769,0.0645726684444112,0.05413996618828983,0.07239857095766276,0.10609121029799655,0.08102890300884974,0.09335116398108939,0.07481030153151584,0.08398336921742877,0.08343110578439723,0.10715782600161823,0.08615346092046561,0.0886066491804229,0.07997147154367977,0.06840950476406701,0.07787493061434694,0.07731197222702821,0.07403908718567614,0.07102457043564234,0.08052140271610206,0.07567996745808216,0.08534930812074079,0.04522365896500742,0.07038862421854282,0.0737496118122419,0.09137635945029594,0.08519078968901317,0.09169990039317996,0.08111197908574903,0.08533312715175043,0.09725358364128364,0.09156079346234282
adithya,1,423,0.07494655095311163,0.013958824547060876,0.11873539160487365,0.16379458305871725,5.36933767888695,0.06543446852827492,0.37367958529273987,0.18824327867147225,0.22899632097764663,0.08130114475918304,0.10798078898765014,0.07000279893270163,0.06526378897322677,0.08183096707000784,0.0883358592374722,0.07664120023570019,0.09156548242897802,0.10109448681606949,0.08156657892238352,0.06562641498919536,0.1041028438491966,0.07638876936940962,0.05251222497950345,0.09721362980953062,0.08285627141407391,0.08258216615923959,0.09479008013749782,0.08615657621788461,0.06416179418616152,0.07336583188645836,0.10589782636266833,0.07961798084212529,0.06205930110980356,0.07822274881874783,0.08961580065527114,0.07808635272723582,0.0917902040294963,0.06908769057749257,0.07711343853652831,0.07966592563589261,0.10434163184548308,0.096483199163433,0.10047676516256274,0.08838436150205209,0.05553623023516347
adithya,1,424,0.08048106827682804,0.01564105238878685,0.10403624324160664,0.14850099694272,4.598917037771712,0.07487909485750265,0.39134098026400777,0.18407196776702828,0.18939013575720415,0.12380894644209578,0.11672250585011325,0.08048497956869481,0.08665066313678241,0.0848378785065314,0.08435195012244541,0.0700751726913257,0.06494423798239288,0.12685164343863478,0.07922939983080567,0.02491095897376975,0.07511349607309808,0.08625319917391149,0.07492994919891713,0.07866647149859828,0.08236345155419111,0.07723059023117321,0.08307332640867797,0.0738133966996703,0.0754093142749003,0.07707407697632908,0.0749716667197349,0.07815371434889991,0.09684807715962507,0.07201746491955083,0.11829661019582229,0.06030776659283034,0.11544001787144018,0.07734133309815251,0.08607784344982045,0.0768829737792674,0.08116737813902379,0.08758265555990666,0.0921494582169618,0.09201368183751041,0.08217318089817297
adithya,1,425,0.08292402857093505,0.016238860636861023,0.10896182969600793,0.07618609940984011,5.935623032917437,0.06329287882235382,0.3822204116972254,0.1722724330931875,0.18233362458808983,0.09719111272643069,0.09567492537163463,0.10668908541935826,0.1052604324154511,0.08144746035373455,0.0897024466327656,0.05884669900397953,0.08794146579061164,0.10538154884821489,0.08268804886950527,0.10980922602985935,0.09564891733165448,0.06703727422557018,0.07273580710346916,0.08936411460511354,0.08316688191478265,0.07118588898866438,0.09525845033000609,0.07264318913459203,0.07400090262788274,0.08143886086031418,0.07738251397588716,0.06870491740553605,0.11195507498942137,0.07569037235530904,0.10929441678640246,0.05676036297841427,0.1423987907591492,0.08516558813369339,0.0800329920748209,0.08506870573976254,0.0926582031548652,0.08378131194493381,0.11588377345316175,0.0864157041218075,0.06679242957228747
adithya,1,426,0.08875702077331309,0.01775463618948337,0.10967022322214477,0.1406149490941767,5.395188552311957,0.04778384582506045,0.4135742438917372,0.18950453896371472,0.17656786179399264,0.12890887771737972,0.10511008359039221,0.06825485737745031,0.11048704186357251,0.08193086074556674,0.060875368273409225,0.06388195585524858,0.07256759912327396,0.09929448113635277,0.08016971741971485,0.08229285897572097,0.06782106772616682,0.08647795583924106,0.09092473155589167,0.07345060372398374,0.07998665561827885,0.08091442167883829,0.08356379205883474,0.07301342943327198,0.06628703747104932,0.0780342673498001,0.06510210964360917,0.07539137063927527,0.06611773923651867,0.08502460011671852,0.0839963834372047,0.0681667114027372,0.09689761757099491,0.0900473918998479,0.09791658776180477,0.05033392657851032,0.07788849897711758,0.09562759100805449,0.07475945248406603,0.10477883948895256,0.09812072458671116
adithya,1,427,0.08044910774403216,0.0117517372883729,0.12628303272758884,0.15688302347778546,4.753142816149306,0.060479587205113525,0.33200396247816283,0.1922517672622234,0.20704626661049352,0.10258067895994787,0.10101084830463176,0.10639045893723029,0.09036286801140446,0.08514514918314904,0.08107122494956688,0.06141575539931202,0.07661284342361799,0.1183636205259268,0.07763439074094866,0.09169699184663721,0.08575509843539102,0.0723857902462379,0.10730330349909681,0.08857607919542825,0.07219238882920878,0.08497586688810041,0.09132974086318443,0.06185491744156557,0.07302350533704596,0.0710258446332983,0.07048261092917435,0.07189310807806058,0.08801948602872756,0.10167498291813896,0.1025725001384118,0.06236423798022995,0.07061635738884386,0.1211362761111025,0.1188710008642439,0.06055865517248391,0.09081082765464372,0.07335535995008663,0.05015953178231974,0.09707424640291545,0.07195246167806561
adithya,1,428,0.08122183111595763,0.014672810630199595,0.0946960642412653,0.07602058543647085,5.516696947186974,0.06639270664808643,0.4350443112910251,0.208291787093421,0.20164127718655153,0.11064944537111379,0.09442006037959907,0.08784797946163352,0.10426987756004162,0.08016360669357596,0.11907065898982114,0.062240916612627935,0.08809663850810966,0.1014068604938436,0.08171823393547926,0.03860956766205161,0.08410124423090473,0.08110153366687876,0.08749675579055413,0.10081715061523411,0.10035717150196195,0.07911121561321545,0.07783097455712938,0.07995269285519006,0.07829662299698172,0.07180314705320656,0.077428483060275,0.07932620274946806,0.08209117462932972,0.055664283527047546,0.08922843220572618,0.06591583704143761,0.10222245789467038,0.0870177524137754,0.08880536137710375,0.08198238603218318,0.10011417501017657,0.08984323041992573,0.1108678163945237,0.09165704298860881,0.10104758279372428
adithya,1,429,0.0870066972528532,0.02410400519378649,0.10592703714646305,0.1696349016774877,5.4078920621966144,0.06938117426757585,0.37468330727149207,0.20256433424925757,0.20274200323423905,0.1184089922444924,0.09110561570366402,0.06650222423277366,0.0676706290200233,0.08883627414870317,0.0850074340540048,0.06257193718093113,0.06975656921657987,0.116007596633746,0.08099742841140695,0.06354450327296854,0.08936977746422459,0.09709015011246395,0.08452610810502602,0.09791204215726863,0.07880612332560116,0.08430347598523143,0.08021218153382713,0.08777708627603213,0.06992245554491983,0.07461651931100292,0.06700775917507142,0.0839633694890506,0.07367247781637185,0.08501722670632075,0.1288840015030277,0.06311601859427815,0.07671473476746589,0.11210101417812084,0.09723315016865598,0.0895102606943008,0.07911150529158248,0.0685203057270404,0.1044961836655972,0.08837534998740607,0.09970467733456276
adithya,1,430,0.08255372655859793,0.017368887100702,0.10749688320009629,0.1288008875227879,5.322250824762862,0.07158103907494869,0.39001496787472206,0.18662288226104512,0.20900575598686455,0.12670723639470377,0.11077766459568081,0.07341818417466453,0.08394919484908538,0.08356178730888014,0.0819065704265716,0.0702224734765768,0.08948535550553315,0.09665847877975105,0.08126733382105483,0.1261891005605532,0.06423270677705802,0.08266877520106465,0.09027886393724519,0.09203083821947143,0.09080721016397246,0.08942700437879472,0.09409740858803146,0.07496909422222517,0.07910591188647896,0.06764802851117942,0.09969778153771446,0.0682800219845102,0.09668919599739582,0.08438294512419676,0.08966146246160336,0.06170827433533117,0.10752125893538583,0.10402994991827441,0.09355485183724782,0.0853564289579219,0.05959446742138566,0.09529749785043372,0.07643586592805383,0.09065116521519931,0.09031008608562809
adithya,1,431,0.08797265520763242,0.020427942144953262,0.11490321158028337,0.15512405002781357,5.062422283029211,0.050618322516653956,0.39014669096681315,0.1842819364695012,0.2077039645223418,0.12398886268000937,0.12021807155906916,0.10101369605536252,0.07927590366278886,0.08523918776912157,0.08555654530381494,0.06552663644526721,0.08458879086446434,0.10996663564107143,0.08058222451335915,0.03335022710744693,0.0774964678484184,0.08758185978630735,0.10527138725844193,0.11143768364986971,0.09105488916782559,0.08442419993072774,0.08657334354896505,0.06411715407722687,0.07734897169468172,0.07825231287364415,0.06808422453932603,0.09210333951023184,0.049794037920226505,0.08360192252701659,0.09552506149138834,0.0733277694256525,0.10130961192642868,0.08085646684294792,0.06508779522642524,0.06384525114368844,0.06325273258839037,0.09612534065732681,0.10440386143729204,0.0974556149764896,0.0950139005751773
adithya,1,432,0.08394481982702952,0.014960460317351619,0.137160989867565,0.025125554445885073,5.921731733654777,0.056986389950073754,0.3472536940743926,0.19025204617549565,0.19685450882951508,0.19559512037567978,0.10899792044295535,0.08519966955303333,0.06995966883383223,0.08765840246024445,0.05898421182446645,0.07636307420469994,0.06174277010803525,0.10338181750494946,0.08127974620448251,0.1329573066832069,0.0862392190217477,0.08361607420320884,0.07163912513450343,0.07835242950898644,0.08736787605293914,0.08088692073225039,0.0798011709849067,0.0758637478445603,0.07689895632836219,0.0731847630505673,0.06803233894777819,0.09434777462673657,0.10727544416886002,0.08873037186239235,0.08877988477952295,0.07032885508722601,0.15681945253881346,0.07694206700364392,0.07974149144684363,0.08560655316169842,0.08467957316890726,0.09360080758167678,0.06304969577632033,0.09894822004720663,0.0930717322327411
adithya,1,433,0.09075671290955956,0.011452141262484505,0.10531424661194497,0.18724646417035298,4.635749320467339,0.07667336647784968,0.3795136239960775,0.18817563343250093,0.22172820018541572,0.09257044228086296,0.14179989527600026,0.07967064562712849,0.10167681895746643,0.08642287531589458,0.05881474067158583,0.06625196125131359,0.07900927775926093,0.10114559501238495,0.07720983177986084,0.052741860180439054,0.07744685574284235,0.07723007269276978,0.06710511403440947,0.09227789447088171,0.07414763173815403,0.07819443209917039,0.0875584229801022,0.06052541414500989,0.07256239029811426,0.06775606237847,0.052610268447983104,0.06367542558318055,0.09740164402086915,0.07781648519968667,0.08232092043557145,0.07499354090575956,0.11096620575277724,0.08881512547598272,0.08906945452211032,0.09136553821969601,0.05933993932383824,0.110568839943885,0.07711657242495627,0.08945104167128373,0.08169046080739006
adithya,1,434,0.08539970146331766,0.015471434912591777,0.11962697965181886,0.13335844339044184,5.162572461071625,0.055333583377603565,0.3470577302228035,0.18866921755605848,0.19150303995643952,0.14616141979309946,0.10820512030839081,0.07215518945303905,0.07807973608699666,0.08451418968210635,0.10462466651885999,0.06265453597158299,0.0670544305705727,0.10967887865416664,0.0849353564638431,0.05035102491590971,0.09457218609799942,0.0686551978401272,0.09200404210466434,0.09264458736357878,0.09364688166090906,0.07729302313032413,0.07948511268797351,0.08207772139416541,0.07737297631484366,0.06827083080030336,0.07283140187561367,0.08822326923609733,0.054763876947803956,0.08092335436467091,0.10536146346341088,0.06895390959199724,0.08039503198544072,0.09668863066537964,0.08017288880929933,0.07915072442308677,0.09937424508777984,0.10088296952842979,0.09299874979103256,0.08724451258017706,0.06387208469184119
adithya,1,435,0.08468043542226249,0.013155096640149702,0.09459120302144765,0.15212757985474995,5.153641015982138,0.054595252703658094,0.4247520052214845,0.19872740642200282,0.19799749658701205,0.07405019391005471,0.09279399672049597,0.06803884779778538,0.08361196282576595,0.08615703762637313,0.11376074414362328,0.06875823799063815,0.08144613096786547,0.10380514266499315,0.08007978442564448,0.06010422145341979,0.07128416003026321,0.0881353472710132,0.10686836934956045,0.10050491990284782,0.08994146806722446,0.08542369916481234,0.09024494707074575,0.06952887850397203,0.06785393431245432,0.08290502423441537,0.09321243608075655,0.09039488723870912,0.0830587066144479,0.07796474764053087,0.10436405166967966,0.08652695364067488,0.0947878388233549,0.06109222576334396,0.09094910378780845,0.07468583028750755,0.09964619213076886,0.08025885897324869,0.08532327208572119,0.08523740091020877,0.06616827981512566
adithya,1,436,0.08529353699335981,0.02122760489079953,0.0870172900129032,0.13216062727317499,5.580292641385796,0.060767372530956244,0.4103010209675361,0.18202310745882763,0.19482158887870693,0.11291522293024991,0.08728810431115255,0.08367315276060835,0.08661619931570393,0.08017845915896453,0.06862523915658728,0.06632815282102278,0.09623390975285753,0.1125869701792169,0.08172176209158993,0.04910109775705604,0.08074097116857022,0.08486190252843423,0.09225563914257769,0.08319623331093415,0.09715412714331004,0.0864536288391085,0.08997869258935652,0.07620486372246431,0.06982827341045644,0.07686689002496702,0.09236545555250775,0.08866018930960315,0.06062590662894839,0.06290641388117096,0.11385259245778143,0.0608157563687847,0.0998747366213731,0.09963094269563678,0.10610571071235408,0.08322620008782781,0.09924780250280273,0.10060263231567645,0.09385858298130229,0.07955807247577655,0.09149228756335677
adithya,1,437,0.0847519661891015,0.015410316263543238,0.1026700720458501,0.176089261725788,5.462712234519978,0.05930222681163555,0.37472196321572204,0.2097608089806044,0.20737805564293707,0.10544755891037488,0.10551978324990646,0.08425366697418846,0.0991977465529274,0.07378347433526253,0.07065994602305739,0.07224425999227242,0.06722667126178622,0.09397839932356995,0.08030759671043299,0.05017723071744916,0.08334577399393275,0.07414897867738653,0.0900493597915056,0.1028656904822524,0.08931189535091727,0.062202576768566775,0.08336388874345119,0.08963395269617493,0.0756503328284266,0.0827541558229056,0.08290463146655924,0.07500185741368608,0.058944924232199464,0.08757570832047373,0.09097526912523655,0.07504754707918038,0.08659073022920892,0.08178701461802025,0.08098561582382897,0.05718212466331479,0.10892759034863707,0.09444684058373734,0.08860920335269748,0.08534344250120632,0.08679060698213721
adithya,1,438,0.08573409246100543,0.01810188413882564,0.11920615175585045,0.11718648574152901,5.225360698008302,0.04922629882255826,0.37702235766209613,0.20280729826209054,0.20407085571685338,0.13742876632071638,0.07313674119070881,0.10015599822915934,0.11490241593536775,0.0833893041926244,0.053147098307176496,0.07100234001181155,0.08359301854585374,0.11860419327203446,0.08142832483238825,0.04554271609733476,0.08328142622345398,0.07834470864860245,0.0901062255579441,0.09389060464854218,0.092975727703633,0.07777075570564329,0.09816803527997212,0.08523181609643261,0.07937343576186018,0.07866000883577574,0.07406633894858611,0.10145891684937308,0.08769942824423992,0.09185429008674881,0.11453226216866785,0.10202100913930842,0.10506747434962775,0.08695787852837845,0.06862728425299455,0.05935426864854289,0.082228253916467,0.09285021752061494,0.1025536519416023,0.09332228806151056,0.07092289609177825
adithya,1,439,0.08633428333037002,0.016535450640148327,0.13094213040012623,0.14301066343779872,5.646611734969273,0.06837849176308446,0.3911579589590416,0.18800035138990057,0.19850642896201856,0.09330165642569987,0.11130686387690732,0.09541458341114814,0.11510649453568556,0.08378269807595166,0.06860750547895769,0.06034204255572988,0.0702306359098192,0.09984498645654856,0.08532390649534355,0.09031654123435201,0.07295154607581619,0.08002910322223758,0.07091351853257422,0.0858267510500407,0.10118458930060742,0.08410939590052445,0.08382521527725041,0.07464238324758322,0.06790826399682676,0.07956392934788456,0.06814589894636389,0.0679256051851912,0.08808118627858365,0.06747437779958967,0.10023807265982973,0.07446370385167649,0.06324369146287598,0.10040218667353637,0.08760429385512855,0.09794575361438315,0.06977909007154523,0.10120224275500087,0.07503455693170046,0.08788373279003038,0.09924551239076822
adithya,1,440,0.0753818386584893,0.017112811544646667,0.13079446509535958,0.05787594499690636,5.692984978333234,0.05937017497548118,0.35746008323644185,0.19917134827927638,0.1986924158415354,0.1202518374025831,0.09255504637138641,0.08598585634234583,0.08718220852164538,0.0867366320704639,0.08301600899999133,0.0679650374919485,0.09555146776443797,0.13412347183080087,0.07832722330768685,0.062153629148767556,0.07324472625135592,0.08867623752688245,0.0463035164525561,0.09166505644190506,0.08372688797037962,0.0841247479137338,0.06759686144492102,0.09086396885790747,0.07381630286651199,0.07080054594372918,0.07938681356726567,0.08123674071532162,0.0830220287066987,0.08031696887679257,0.0982083155190254,0.06496522758261696,0.10002344533627673,0.04924712509445492,0.10968662548323967,0.07904782144873727,0.11932619866846202,0.10414258548912762,0.06630398246131984,0.08540243412973084,0.0698431320454866
adithya,1,441,0.07820252964766997,0.018505667161146856,0.12043903577654291,0.11078549358515655,4.733807951849591,0.0518535164239619,0.4188475684512989,0.19146806298778724,0.21121708507318027,0.14657590957913996,0.08349954832900455,0.06573047456218714,0.10387796298591523,0.09096137826475753,0.0821644409486606,0.06634658999858786,0.09234124550148728,0.10663553258762502,0.07983925704788979,0.026821248886290748,0.07839505942263389,0.08030300567445077,0.06800481695978448,0.08785626309452477,0.07973279512253519,0.08146592831960979,0.08477283715364964,0.05955497148127893,0.0694325887168767,0.07809210379153525,0.05300991068795651,0.08217020071614342,0.08010315355461801,0.07463669768212158,0.10779267622135379,0.07715208642575633,0.11975761951245084,0.09339058136293844,0.08440863204185542,0.10442230740004875,0.10696762174026633,0.10185279842301467,0.08313614417139065,0.08204112437131071,0.10422274324773113
adithya,1,442,0.08593845500857991,0.018315450720298304,0.09787506072751395,0.13834728898695864,5.0038081646560855,0.0523363353187019,0.38396424012046754,0.19423745866451214,0.2009819605220187,0.12608709206491525,0.0984898629084282,0.06972962213891978,0.10739446877276235,0.08776154335773008,0.06885815607474526,0.06397581890249385,0.08684027158250213,0.1206549481561108,0.08586506379998943,0.09656890155243354,0.07260552155554577,0.07880922989498405,0.0991972654580486,0.09195007670839794,0.09771975540852801,0.07972570554486777,0.10203959491850752,0.05452477097403196,0.06559495452473432,0.07043440482874999,0.10673901229231472,0.09437557495272672,0.09405120356459835,0.08664271290238972,0.09623249891899098,0.045278128385050784,0.0628599171404567,0.08317482303291247,0.06702206052668602,0.07540046529372729,0.10985019848736371,0.07507712395633097,0.0727518877058211,0.11114059051727114,0.06871671018371445
adithya,1,443,0.08257917029314829,0.015831439439370987,0.119527138488241,0.1585634702605189,4.9479077754300445,0.0660081040918559,0.3884597182790259,0.18766222489356899,0.19001991461595158,0.15288775806279217,0.08412367400433284,0.09083632016903748,0.0917127957138023,0.08407706308996385,0.08475772798828207,0.07054097325274794,0.06836889180772789,0.10014646146731711,0.08129911310594438,0.0832390782997926,0.07445435891784427,0.08273461213974526,0.11481993733838627,0.09658327275341162,0.08049248889858283,0.0815789418386102,0.08610168870748051,0.07366745138189275,0.06455405212700076,0.07603342176537747,0.08643099910468621,0.11781879208207219,0.07124500959419366,0.05664778840448313,0.11524559433966479,0.08610999505074095,0.03519143903168402,0.07079270788855717,0.0818709626182797,0.10223335990084775,0.0579803328113115,0.10257787691804583,0.07029769047885105,0.10184160074430483,0.09270016994954751
adithya,1,444,0.08387287720871864,0.01580063670846321,0.10478301807737553,0.0911305949796976,5.173909429924264,0.06735469039338565,0.3710126258159438,0.20419328525699543,0.19485049787803602,0.1122450198166582,0.10645303796844142,0.09503010030387654,0.083752437142063,0.08735961907274109,0.07148323258450935,0.07109841972629108,0.09741236501360447,0.11505898564719542,0.08756613398394242,0.07172617798017053,0.08203936981698615,0.05697997480822725,0.06072143061326567,0.0942283233597545,0.08748989251851795,0.09389240165989095,0.07119145507395362,0.0764607901763021,0.07068734724996124,0.07296986815715725,0.0834949704343306,0.07130045920070112,0.07723331983856295,0.06878751091943505,0.11491469006917912,0.07403485617659529,0.10346657193607359,0.05802565955110385,0.08060855765503219,0.05095589846116118,0.08738363384650066,0.08917914892849581,0.07558155864294612,0.10354539411339517,0.09521964348048663
adithya,1,445,0.07909135913494422,0.016421327548717363,0.13022493409455374,0.09059887912603862,5.060713874097927,0.06840457063940242,0.39263436325676115,0.1968722160463677,0.17432493975835248,0.10020760174362603,0.09699911390044605,0.08257216552192394,0.07016536342634416,0.08372034256214281,0.07919469187241428,0.0663385462159632,0.10152761770203458,0.11277017409360476,0.08841447848339525,0.09274856613508457,0.09219727753549284,0.0760476301467532,0.10029043598335628,0.0804079832191631,0.07341784764432976,0.07657825782692118,0.08167631857036442,0.06576081653896743,0.06815757822399283,0.07821745970092446,0.08399421119023381,0.07554358902814491,0.07561491282234678,0.06635985252540462,0.09815114006477645,0.07198568529872852,0.07570328913500272,0.0818606155939462,0.08949646630619765,0.05460829967635715,0.08966468725541585,0.04605523990301603,0.08946835850640088,0.09136972557887639,0.08942367009607378
adithya,1,446,0.07832117177335143,0.01835638613723378,0.09764716033271098,0.10720202825193073,5.237070052127348,0.07758538907952818,0.3795465173546721,0.20138161019018863,0.17720944811164674,0.11908547389825781,0.08968645661359745,0.0868201584106808,0.07424826942296994,0.09224641282260639,0.08747203612514438,0.05830476197995441,0.10017690508747769,0.10086978208935236,0.08554022703638586,0.0429547186238232,0.0835817454828923,0.07455569683426881,0.08128314003270108,0.09993158328798801,0.08308086548114146,0.07343862476694339,0.09218853993833101,0.08036352540424196,0.06540924797872712,0.08344754852001915,0.06746387258046464,0.07046932532415645,0.09388566101064097,0.07770930778719584,0.07629797862072865,0.07586967599581797,0.08794003303169821,0.11413194272874502,0.08710883842076617,0.0938488899503369,0.08435082156222184,0.08821816140988271,0.08153776408531262,0.08716734791456465,0.08777106402435392
adithya,1,447,0.08291358351315477,0.01575855840320451,0.12457929993583887,0.08962371968916233,5.6633643920941115,0.06192444959922614,0.39097204433016236,0.19625038466391587,0.19687791860331555,0.09705706538683552,0.09429632783293385,0.07181893904830554,0.0899335880800048,0.08019222478756251,0.10068592431817568,0.06656328449587308,0.09598013429468827,0.11115812219190695,0.08704004517767142,0.1397162619335394,0.08521431253608752,0.08367344291500695,0.08498179915325002,0.09127176577668487,0.07293315212196576,0.08663833532874936,0.07918581221547936,0.07162544590430307,0.06826729359760028,0.07098885645566194,0.0721111772756895,0.07566904910035442,0.06801077215804593,0.07089669597833968,0.0985521577582994,0.0787940797270427,0.11052950231735277,0.10269194644874864,0.06980069815460974,0.06863369573506008,0.0922620137320364,0.09157854912585806,0.07417388055971659,0.09331831987195043,0.07713111376033913
adithya,1,448,0.0851617929124149,0.01514419563293398,0.13142642596210943,0.15942894859435336,4.951175508217509,0.05768534474671375,0.37551450642114337,0.18158214406802348,0.17481823916419506,0.12547664065475833,0.0885189013942814,0.0925033873097298,0.09015195342779382,0.08426746321975918,0.10039523975627315,0.06675988164029531,0.07796999317802543,0.10067582328170975,0.08324089706980371,0.051359727397764815,0.08637677727616361,0.09950456680185565,0.07666757442555441,0.08560043548634826,0.09198306480738237,0.08219088206662234,0.07654899571462558,0.06952406634302502,0.07987694085146903,0.08156041002154578,0.08259998799603797,0.09201674117415665,0.07941109110314067,0.08010195213524796,0.09814157944104726,0.0653842104724794,0.11303649030282813,0.09632442124196003,0.09871245114985513,0.08831235794263378,0.11403396404888652,0.06807461236661554,0.08058435980993604,0.08586866139139446,0.08950785888777665
adithya,1,449,0.07710934018152461,0.018151472710054913,0.1227813828284499,0.11995446421107915,5.164526127421293,0.07543713955265413,0.4073669946634105,0.18289432597109778,0.2166101732188055,0.13910868359293144,0.11860302361024355,0.0732274870018115,0.11752127791033892,0.08880052692868723,0.07994492354689278,0.07004258584172882,0.08055127660184751,0.12599690897772506,0.08009898075063829,0.057599278057513095,0.07819926637153778,0.07430388519899929,0.048675608686184466,0.09137532520842313,0.09465326270581988,0.07986151530189511,0.09775503241769587,0.0694383320661741,0.07173973486985222,0.078361185400428,0.057368343272230386,0.07327376706084844,0.12078559855323333,0.10270985226805018,0.08144796999673762,0.06445438312096723,0.09983055655527061,0.08823654047616503,0.08417028894781575,0.071429068768883,0.08297207472160681,0.08146146329250635,0.07349252173268825,0.1013569117356488,0.09894437133711603
adithya,1,450,0.08084297201897032,0.016465825084518795,0.09180958308227002,0.1589783698179463,4.849720194472174,0.07667588037968352,0.43082590172194196,0.1826276880733577,0.16955572386400025,0.09927111544126951,0.09518732042651476,0.09154013021347882,0.07511591543489651,0.08599822575607774,0.082697133754142,0.07903172874301227,0.0816564253294156,0.10458270946522673,0.08879233426690214,0.05524678852055911,0.08667917632365789,0.0834130074741862,0.09253565214966472,0.07820990649185243,0.10953002982071278,0.07131240896902931,0.08158718347913414,0.07133427676871015,0.06974274520659986,0.06390253674290303,0.06382321221916325,0.0998847234036127,0.11423238441967483,0.06951363752954297,0.10510645276142623,0.06770704595818677,0.05161158339159466,0.08493286440463586,0.09442586011539755,0.08367088043490048,0.11349584519112639,0.09873541010273486,0.0523407118798474,0.08938305574882759,0.1065868891411095
adithya,1,451,0.08368820064914635,0.01175997941369377,0.13934731675802026,0.13842215278523964,4.444203697528846,0.039590452578739097,0.37184496579552095,0.20404969215662433,0.19273381927024186,0.1156758876713895,0.09156383610919505,0.07701479528550023,0.059829723034549115,0.08151043984411821,0.0911131642659146,0.06694890535995807,0.0765473555059611,0.10965682339048873,0.08473373125516898,0.09385032658763884,0.0930219703432447,0.0798641295662342,0.07569471746090844,0.10592134915203916,0.10009018221330239,0.08200071030233144,0.09982320202113269,0.052018680819472495,0.071997851091899,0.0641119703760632,0.06549427466544433,0.09136843124090561,0.0854953658371371,0.07548523603569036,0.11190171634286607,0.08309653632896406,0.09866384732772798,0.06499243726558955,0.10004946250858997,0.05928038596288532,0.1070951036091333,0.07413064650981499,0.07565391498964656,0.0762598018516433,0.10252001156641702
adithya,1,452,0.08638559405398974,0.01695916516953291,0.07726372448430593,0.18474692169440543,5.250438565594309,0.06044089348497119,0.3964467500520378,0.19470410301554655,0.1736433481739833,0.11473057637340568,0.09326118871147328,0.08269069273749075,0.05802266316155537,0.08035109136469014,0.08477729045298084,0.0678912646535073,0.10158646626628749,0.09942300816960135,0.0797560167563967,0.0689380320479908,0.07951374969067382,0.06266774342000168,0.07034727214417055,0.07654694108284427,0.07993908944082512,0.08062968776835666,0.09415429921078153,0.08014566684566624,0.07280447085514988,0.08011518907394276,0.0602230685215285,0.08343185369186527,0.09086078418908351,0.07527852884600383,0.09789649894626364,0.07858354928203813,0.08968628248983142,0.054243363439480115,0.08091319808090798,0.08584125101594717,0.05354718040816759,0.10761233151130353,0.10028990511855786,0.08833585000650797,0.10365124364228313
adithya,1,453,0.0820523367835766,0.01569780406794304,0.11460712158779006,0.09613613828919204,5.1787298772956,0.05578687562071857,0.38884731928277927,0.21612022108338283,0.19501111725646972,0.13545814231834472,0.12225190475165701,0.07582282136102389,0.09101390750005388,0.0839632808462389,0.07670620254654083,0.06534544898642795,0.07760554055850462,0.09139449386939953,0.0864696567392657,0.0803905060055584,0.096242844787597,0.08256936660551903,0.06387329744847085,0.08928652143442699,0.09175017914202672,0.07207180930410688,0.07260025409136035,0.06748150013629345,0.05858282479679533,0.07536595450404862,0.052362179965701715,0.09433521034462375,0.08275990207251507,0.08456237893061203,0.12156967189535256,0.07310912572946639,0.06921657369307413,0.11166381481544868,0.09813653637914203,0.06998739737233181,0.10294442479878858,0.08832139332083275,0.09033262920827742,0.08107408547996427,0.08712936729263042
adithya,1,454,0.08197967355121906,0.014187089340801637,0.12983299513103083,0.10312195418211767,5.359815232892855,0.07490136315458785,0.4176729620327672,0.19955224179374495,0.21667643279149157,0.0997550810987143,0.08780235060715648,0.08949379964715291,0.09569090728698564,0.08568708287005748,0.0879179934473634,0.07218000220791804,0.07975055106614443,0.09619460135926607,0.0763116766422042,0.10491300291480603,0.09158116273685568,0.08955843180554753,0.09684974576685083,0.08453500192934052,0.08622096544529978,0.09286766845694953,0.10880569931026234,0.06807585942359066,0.06301788189012858,0.07735322953518924,0.08203200403991771,0.08951551814950784,0.10212773798637473,0.07980348239752975,0.11028737880468267,0.06385229939735286,0.0629624177121586,0.07652192974570127,0.07914452537628855,0.08685145014482808,0.08831060849456827,0.08149220780265143,0.09312775226822934,0.0935548032501836,0.11544460609053042
adithya,1,455,0.09161670505533698,0.019357536778094635,0.09325258537301825,0.1608782601351852,5.496248348963416,0.08445100650340004,0.3848919171700834,0.1855474402939003,0.20130858285669317,0.1644817160018861,0.10720710479091107,0.08374859318041783,0.11108091822384109,0.08605001305530927,0.05743490862341561,0.06620168876051204,0.08821441535454164,0.10042466741580008,0.08061386497207533,0.005510912310584898,0.07061957331537096,0.07134176103583822,0.05805774693539856,0.09684240558737017,0.08488049487252765,0.08434438826336155,0.08093421854075142,0.056973876566419196,0.07375988743433666,0.06764585496358375,0.06680033196902135,0.09415546787968201,0.08113228878541816,0.07953328751918105,0.08762773320245344,0.07745315587080114,0.09312172037317175,0.08737862759650061,0.09473405631138333,0.07485368978652732,0.10691246129674425,0.09919983820829448,0.10530264088935536,0.0810365424019671,0.08908126718793034
adithya,1,456,0.08148199822618983,0.014899937550108043,0.10543227270315154,0.08022542575267147,5.510639521742319,0.0425653626994207,0.39388089180377317,0.18799388834607617,0.22131137290867078,0.10466316537915712,0.1081472582087276,0.09868128803329321,0.10477249514036634,0.08174432734141888,0.12170622434441544,0.06009312380244039,0.08958079822903625,0.0939293062980212,0.07326148950501964,0.09434610393387703,0.06932680288572737,0.08115799062283238,0.10105565870461655,0.07235725880149632,0.09329015103332032,0.08555686733704601,0.1122942094865465,0.057224648261750444,0.0725045675054631,0.0700084784900745,0.05702969741613907,0.09332725229330784,0.0677183931080399,0.07100846964153437,0.11040052998843466,0.07521387380305035,0.08431440177838007,0.06064054738173141,0.11309871792616483,0.0707257285382148,0.08680718735427917,0.09269530732071316,0.10179650053559175,0.09287586649573885,0.06916014902399575
adithya,1,457,0.08589293884110995,0.017823970572062923,0.1029060906138649,0.133816080760758,5.599591461395042,0.060007774536684065,0.42325267667031335,0.20090017959360212,0.1841376246060901,0.1170962026528685,0.10838034311345662,0.07437461623790076,0.09044616597918646,0.07906766841726315,0.08838886341083597,0.06569031983103067,0.09373642005931226,0.09751901425466432,0.08528970517452289,0.056618227389425464,0.08069002154986804,0.08725258571924394,0.052900007804230806,0.07564238671014299,0.08960873241780824,0.08203667048214215,0.09193580828819703,0.08622504914205535,0.07351586628275734,0.07037979225280451,0.0565153116649969,0.08823323187869418,0.08535260382386,0.09144038223418978,0.09397349433610742,0.06442683699362507,0.12356297125905291,0.06621767787219232,0.09592394851840066,0.09162226176583442,0.08445590714411305,0.0713246981359511,0.08137989003456984,0.08578744614268786,0.0993396704566831
adithya,1,458,0.09008218081351303,0.01565647469612202,0.10473065133796688,0.11087970178834092,5.195641033195754,0.06984742030469163,0.4067379566671967,0.20378604691724586,0.20255194786751166,0.12037986072969839,0.06656934939322634,0.09600321850183388,0.08604412660174933,0.09451016425668156,0.0625042579854913,0.06861759849845261,0.08460406160042452,0.0959489851635178,0.09234692103240934,0.05448811909754202,0.062248921637996,0.09704545214624732,0.08765133544678883,0.09710134598384651,0.09166762191430737,0.08767491587273275,0.06765400345549667,0.08288125389191119,0.07757583406356429,0.06974910234317604,0.055829951919965336,0.07622893249515203,0.0857886017459286,0.07419907583347454,0.09233468040301496,0.07076946553131418,0.0795117536108392,0.08511170699125321,0.0941029746053743,0.08268411340453796,0.07248615052928628,0.08512939368892289,0.06698100653087823,0.09677028101543465,0.08941369821796513
adithya,1,459,0.07880569631094375,0.013607440275557138,0.08964554045561474,0.07977276764295127,5.262655685523822,0.05510059807377963,0.32949240674194274,0.19860990390111527,0.19089144287663146,0.13120751124688101,0.08844212948413752,0.07987291642608396,0.0667577776038421,0.07987643081893633,0.059725454988280864,0.06517431156422768,0.07853624776134396,0.08493886518972261,0.07920744182036199,0.0741291566200414,0.07852349409246086,0.0700011161428043,0.08822278800219796,0.0909010897145391,0.06650356557199348,0.07464877293195134,0.06806319916807482,0.09729073910163545,0.07387412822933713,0.07796859532641782,0.06166730089277754,0.07506485298047003,0.08619907123614197,0.07051831032353943,0.08126061433249959,0.05781907130159442,0.13892407356726155,0.08459186833419852,0.0877167043415527,0.07145637331727923,0.10303947054988305,0.09125572996248295,0.06367484671021692,0.07794046249695205,0.07328673988547957
adithya,1,460,0.09518628916195213,0.017215629564751887,0.11835978215078644,0.0923245755177392,5.276457565617289,0.06605906763231781,0.40389859971977077,0.2044927812758336,0.21825307876906871,0.13277712465513603,0.08625335314149926,0.09018467656041482,0.09554959368586034,0.08826133455192904,0.0536030106179069,0.06750965632460759,0.08847866133930903,0.07316273015568352,0.07969812326713648,0.07979218547872408,0.10926431606251583,0.1045755863379191,0.06796354151208951,0.07946417954255089,0.07444227037981109,0.0719499625596312,0.08758151983867614,0.06464309900582045,0.07259053897087855,0.0701750429552426,0.07795912744933366,0.09777261715239143,0.08552257505777382,0.07992430217728992,0.07780931011681141,0.08436212070789546,0.06679606365585297,0.09040873223251243,0.09467851360735677,0.07690847836098191,0.04603621815032619,0.10813842273019195,0.08831988632150081,0.10214290950481156,0.07341787240409377
adithya,1,461,0.08167578795411358,0.01306278953229085,0.11126566476360251,0.10748973100845433,5.026787005182108,0.056761150843926834,0.3722347794613484,0.19616657197809967,0.1797999296411351,0.08965280668832776,0.0755295639414233,0.08788885167208454,0.07551088546554757,0.08457283073709591,0.07783480257244835,0.06378833716732574,0.08656734581866932,0.10452885455888364,0.08112163782176852,0.09998749972695385,0.08012376951706933,0.08427138509866172,0.06820425471722967,0.08392728917144435,0.0808477530463509,0.09419426271543321,0.09698279371774139,0.06261931628047944,0.0787874493968088,0.0770011759861662,0.07221700572477265,0.09329858573089787,0.061960804922549344,0.10258780572316016,0.09899472013219275,0.10453547922025207,0.13843957297078413,0.07296820523155695,0.098413198235677,0.0653867647395988,0.08296469223644748,0.07377726273589413,0.07510173829790726,0.07338583440752637,0.07118943892067121
adithya,1,462,0.08258648565835128,0.014170178098462206,0.10112091639404854,0.1371272084365222,5.61365298344759,0.056210176693725515,0.4426059750758911,0.20209501754650266,0.20810391495044295,0.1243125958863949,0.10451959235376518,0.08933340148075153,0.10989753307265786,0.07507645725074114,0.07911177422273093,0.06668720552708549,0.09094833306858963,0.11367225606139915,0.07488637752305755,0.0865270218490079,0.08679929984606863,0.08473774020735005,0.08695931768409602,0.08961204412756849,0.09664738872672987,0.07697248868189362,0.10055846555508305,0.07821345499285605,0.07888918435838481,0.07309896723271975,0.06756499500230215,0.07626760829073477,0.0768768784062964,0.07737001020862747,0.10163042584871401,0.09849761427388753,0.11878446330509346,0.07234937033690846,0.09571345318231983,0.07708404326291429,0.06782712527326629,0.08406407595699145,0.07881668247822592,0.08512502181016436,0.07043755850273178
adithya,1,463,0.08208040088046188,0.0177225955048772,0.08755380725233095,0.12401092563370726,5.4915987586375286,0.0540407511696888,0.39738461485367405,0.18521690362274068,0.19893596057745996,0.11529280428220168,0.06810780912894611,0.07460590192471855,0.09405791730023969,0.08477125714270647,0.051539117427323915,0.0702791251288021,0.08323550288547037,0.11417605134662638,0.08043822615975318,0.08679979188132521,0.072646423894391,0.07324851183168642,0.06809674832969467,0.08402451966594394,0.07879044463742439,0.08123339101077919,0.07275486406218445,0.07087121490449634,0.0785420519693806,0.0697522096729212,0.08462421571594941,0.10212702474294094,0.09244184729630472,0.07916532518811348,0.0861197049285237,0.06736976967413144,0.09427717424451806,0.09505717923368719,0.1091628659338668,0.0801871866444864,0.08532488229852564,0.10534502723744626,0.07452150388088119,0.08068095783937329,0.09462682474246227
adithya,1,464,0.08576159585963815,0.012908706922464057,0.10740816243597685,0.17035126915532325,5.264100975479116,0.08363890619079525,0.39416930211445583,0.19942516265313914,0.2055882801169287,0.09968428195587486,0.10118317840380792,0.061895812714441334,0.11318264663619428,0.08596737332173088,0.0748650178123807,0.07162557143069255,0.08135743712927124,0.09903900802309477,0.08674848667662499,0.10290945368472844,0.06889753771583129,0.06416463698024565,0.09277005173665581,0.11224335969226247,0.09259388271708412,0.09149384007823476,0.08346103755504417,0.06104461843953196,0.08320976001311724,0.06901611901633048,0.08242590136922454,0.09773672804640193,0.1123138585286596,0.08284383245116848,0.1150765554544676,0.08015248430522623,0.12238369260182048,0.10129625972999162,0.09315078115626516,0.0834310987697105,0.07893849382933518,0.09633605887075296,0.062309498197883215,0.08358922885616132,0.09905986896578602
adithya,1,465,0.0882078307346476,0.007865067508297527,0.10140495310026765,0.10452188238643775,5.009620985653637,0.04614016862414371,0.40952391737674093,0.18634145163117438,0.20442250426999836,0.15571868819069978,0.08914664668361899,0.08731637461420223,0.08928510061928259,0.08068766757413702,0.07905536291550601,0.07637399347730686,0.08257093333617503,0.08205601798005102,0.07558613410457335,0.08160477818911228,0.08640393877520008,0.0784322975143087,0.09721395141383514,0.08945887509857195,0.10171457144677701,0.07968395358607605,0.0702798864332744,0.04726077727980812,0.0667990261256601,0.07984885653921361,0.08086595392225916,0.08135174169377873,0.07084803470695628,0.06663364185865363,0.08199124182715921,0.0693577379238604,0.030032632857108117,0.09527432789089299,0.10387369851710418,0.07814766384508241,0.07890404349073316,0.08627985789342422,0.06291850617262076,0.0943877226294947,0.06949771463008829
adithya,1,466,0.08118131760501564,0.014624409396506985,0.09995529786459731,0.14369118006470963,4.911554853937264,0.06136626175630222,0.434222049297251,0.17728769417907148,0.19892828971130452,0.11869107267439835,0.11273304622520539,0.0894076423164815,0.06644443589909288,0.09212927330279265,0.09177639212905597,0.07777122957099494,0.07622452836168553,0.09402752081594513,0.08211918712191345,0.08860932271998383,0.08822810803449722,0.06965467035391637,0.08944216916297187,0.08011967852098359,0.08427125935582261,0.0809697340981299,0.09383692523737118,0.055636954327503194,0.06356856621319831,0.058310014760487874,0.05970975135392083,0.08391716706131855,0.08436967758820386,0.09091718649627326,0.0932356078201936,0.05890538993828417,0.12060846527339363,0.08859063499149256,0.10417737106195957,0.0718215888351453,0.1020387297829661,0.07662607656348987,0.0670526190379652,0.09488011736182406,0.10036224418455335
adithya,1,467,0.08366964795922051,0.019256870443725798,0.10843679731072087,0.11043041729237879,4.928172113504215,0.05495867128163519,0.39842883672313406,0.18440352453305472,0.18333212120341144,0.08588902485910342,0.0814885836631034,0.09610547522840927,0.11774715622224728,0.07871768801191938,0.07988462494126165,0.07040268354985495,0.0857049494850873,0.0969201288450241,0.0785801780383078,0.052968960281937455,0.08347271289439481,0.06433232498717764,0.08095249686369708,0.09322482518841327,0.08071620535000083,0.0731940113489907,0.07348229688858483,0.07162188091622695,0.07368551188903787,0.06750761262761909,0.08045970583796117,0.08283468901025035,0.07708607205265611,0.06549847340790162,0.08635155992827918,0.054585761804141736,0.09969033089043432,0.08152370754689954,0.1110374231104578,0.07433029997454206,0.10565079548889347,0.08629053679423898,0.10203441374609923,0.0983542616863926,0.0757834874012691
adithya,1,468,0.09038595949552859,0.018125711372819753,0.15700253288144422,0.08824890468397714,4.559245572922315,0.06158229121377346,0.3880113825911942,0.19124362921829274,0.1854606808384061,0.12859307165375933,0.08324417115210969,0.10487713189864482,0.09752284204541156,0.0908864947232507,0.08832947571769031,0.061194314822039485,0.0769860464820618,0.10038682814233114,0.08058044765660839,0.03450684609050535,0.07892343563775321,0.07536879810435296,0.07146570574502902,0.08683267788564417,0.0816166833864316,0.08378079501401156,0.08653133739791995,0.03800617802788868,0.07446123601829774,0.06344081463132487,0.0819382574954174,0.0684890768110069,0.07660213559863906,0.06531557814572615,0.07532086036818737,0.059792855348107854,0.09731418131288083,0.07270614386270716,0.08187760602930122,0.09131572133284495,0.11214719572267895,0.09634269150303701,0.08002131993516717,0.07853559895515075,0.09343548214316595
adithya,1,469,0.08801269964294217,0.01923735956712254,0.0828728168119648,0.09407382310380016,5.119259324781543,0.06315531850810874,0.3946511605078833,0.19951872195838566,0.20299650839632544,0.1047799616546325,0.09365219305479053,0.09049129593750961,0.09716360032097643,0.09455933890167217,0.0828986815950711,0.06304490362579843,0.08909822166299139,0.10780190524655123,0.08843520692153772,0.12234106694871824,0.08447049037425802,0.07482192084385253,0.05867501837433982,0.07565636371636242,0.07118895555063612,0.06806346497007663,0.0870909711694167,0.06955871739905488,0.07300823767979717,0.0829659205000858,0.07627920069503807,0.07880469599748859,0.09744206330427946,0.08021009871111627,0.10498808732816045,0.050728562757162206,0.1593054918949257,0.10141712807965969,0.0733091481886356,0.09095717951709532,0.08724939930582362,0.09819162868694714,0.09911733113812242,0.08469318314557935,0.09637452459268506
adithya,1,470,0.08308359610779355,0.009843434659489093,0.11737392340821376,0.11896481399195516,5.510971996966479,0.06219706650189481,0.3718335705123492,0.19098733735346907,0.18989111282932197,0.09251684690362179,0.0817114721290605,0.09444651148870338,0.0933344876615401,0.09232157334842638,0.08919886393536151,0.06199813214838047,0.08435328869409449,0.09106366128701897,0.08779679510310329,0.07415147038615916,0.07490846122175407,0.07885383207089929,0.09490998294735867,0.09235282194644098,0.08094890264680071,0.08004861710754392,0.07224177913077716,0.10593827316809429,0.07561489400731998,0.07711640907211895,0.11036890515780332,0.09726679078656217,0.09548878041422194,0.07615211840273758,0.06690454367928088,0.09380388846283212,0.11960356630308888,0.0872804378466767,0.07099929256768012,0.06615838268604803,0.1018567757907564,0.07953605323907656,0.11113502066879792,0.10474694506863136,0.06930928071393085
adithya,1,471,0.07874645192796374,0.01788911575499698,0.10657851180644425,0.10906399902096586,4.904292118990418,0.07598123309851396,0.38714941594698654,0.1897835733306505,0.1907371617065634,0.08391938887451109,0.11909143479191955,0.06930121244038341,0.09671875209199354,0.07910215687591815,0.061722939326341875,0.06626182749448802,0.09576317874925734,0.1157178514581601,0.08548924975418097,0.07542941287925169,0.07825894184600152,0.0554912611547949,0.068970498262341,0.08866179796527422,0.07399638631272017,0.08108451250030506,0.09398799986944657,0.059061350916057805,0.08731440407066647,0.0799633494279601,0.07087268766766264,0.09057570139469649,0.0723497489893636,0.07862771909689946,0.09701602509500322,0.053193317579202495,0.05906258045038562,0.08159805585936955,0.09149135716940641,0.06758493356458342,0.08699541979060872,0.09640748885898186,0.07041701958426488,0.07883534219322563,0.08557711447238898
adithya,1,472,0.07940845153207009,0.014514557620838293,0.11760930778210156,0.16082208406460213,4.663587101098162,0.05595658586810311,0.4322092325651431,0.20935119751144782,0.19995579352566345,0.12947385014759874,0.0921863154023511,0.08263831922952089,0.061139735170967185,0.07398518321156364,0.07160098964215666,0.05777776837960624,0.08983221298360886,0.07915145570487353,0.09206851464588976,0.038329927079091025,0.08261590489921036,0.06088003146067288,0.10409308112292615,0.1004022172452661,0.09551999772336785,0.08262766600788539,0.07479282487198827,0.06924350272309537,0.07355173811016623,0.06698608964921669,0.07867709446844814,0.0709608142492331,0.07903794995627714,0.06305152787558936,0.1161267825418919,0.08057365401408043,0.11402111102032333,0.10635469749951194,0.07825103677416667,0.09343889833652526,0.06780830610725322,0.08192428866798791,0.08697415198535142,0.07577793970336723,0.08317335221889252
adithya,1,473,0.07813089161118275,0.014484022878051023,0.11389028400389627,0.20943740629651184,5.526274483199469,0.06409549241434326,0.38804403548393435,0.19934823023874285,0.1876736317176648,0.16715849323910925,0.08100719575665995,0.07412520865263647,0.07687358079461612,0.08828093706511966,0.07123366445022675,0.07014096786342293,0.08172274996637077,0.10257819795913857,0.07839830513431201,0.06959476781814508,0.0753447328204422,0.08751409385921409,0.08203838715198654,0.08436584858432164,0.0942955856369082,0.07166558043856502,0.08522334462202912,0.06564632829014866,0.07754409598088388,0.0690224445239682,0.07500904373328517,0.06599573230496372,0.08373550280666411,0.07981893925584371,0.09738713516505866,0.09503164181427684,0.04621656607636592,0.061814145340787406,0.0937236829621872,0.08396784436451905,0.06999168841215898,0.07647083884375402,0.07979960048353897,0.08230606059691219,0.08585232649814496
adithya,1,474,0.08206864041883458,0.015220039636704768,0.08501892679777626,0.11530177726079704,4.918196544105459,0.04799169522100601,0.41495701618390507,0.19476883514930796,0.20176926522817334,0.10438219718087688,0.12386695668270654,0.08076281002962024,0.1096474087730874,0.0766080319570266,0.0744623725245763,0.07331225102700804,0.0836995869121162,0.08900548162197212,0.08391013170071092,0.06143049945548202,0.08938160405647835,0.05941830915063871,0.05605498779101599,0.09135302875336693,0.0872294100372559,0.08444717881244264,0.06842269961422925,0.08890250856719942,0.07804090234078873,0.07425914369146117,0.07382895928295953,0.07278388710107571,0.108812429807931,0.07472422639777081,0.08881035249219428,0.08184612733279062,0.10646156530302826,0.07277819939745153,0.09471706366013244,0.09351980472871105,0.08807126663252929,0.1028252873508944,0.10090718944777369,0.09000456708748185,0.08788486271250019
adithya,1,475,0.08332412082539531,0.018911464038222886,0.10667869656866694,0.10920619851207035,4.995957264271409,0.0544849341068569,0.35258850482555626,0.1930113012579949,0.1863440245242826,0.0853974241744225,0.0865312109126622,0.06835059418995441,0.1066782156153095,0.08549268662059531,0.0934026388356762,0.06445191082504864,0.0990348336787817,0.10772031400362929,0.08613830445222394,0.07728693182543772,0.07749174664228428,0.10115665926826589,0.0923465399058773,0.08034991947555184,0.08164174795005212,0.09089847366547729,0.08659831510870687,0.06911755880003141,0.06246151339588789,0.0777107904868106,0.09093152329058278,0.09387700932521063,0.06600244349218759,0.07528556266393298,0.1051481567391719,0.09058720326615165,0.09520719437823483,0.08437733860717199,0.06954286680694678,0.06871279505869944,0.07126504959032899,0.08450762289614835,0.07917691160456738,0.09087835577917454,0.11784792953519713
adithya,1,476,0.08461513516509252,0.010778348596791975,0.12389049440160321,0.09044722355380919,5.298065809136205,0.07053874159318939,0.42370519630647,0.18391999386455557,0.1884917451383034,0.09338659820033691,0.11538024409361838,0.08418427633060477,0.07075756540792798,0.07909722244582822,0.09105719937643834,0.06758423955292256,0.08126327850964324,0.09596506365196168,0.08077158120748443,0.06836282625691532,0.06840083509483921,0.07078402187686599,0.0821606194339605,0.09972542826724864,0.08040083495546527,0.08117198762165813,0.10002111237826933,0.07936562764362373,0.08473802589833959,0.06245497483549657,0.09510413384563056,0.07978866188478304,0.07880368811328664,0.06181717951031421,0.10053590699256358,0.07782106181996759,0.0894051208810045,0.10890315427147206,0.08082459832008466,0.06221781253807949,0.06063081931747391,0.10279390500345381,0.06266333801687406,0.09533709466922803,0.09804540594154379
adithya,1,477,0.0820317799167271,0.014059917326438177,0.10611971536413417,0.07387565026761533,4.97404154793593,0.05825656909173707,0.41069341001994464,0.18628493555134876,0.21181879243811666,0.13793118417147895,0.10104794925701095,0.08891962851545372,0.09264447179963273,0.07811024426120619,0.0933809047135411,0.06468219261728281,0.07575609494895015,0.11818724667497447,0.0844702273017271,0.0979439048875386,0.08991897924607997,0.09385883111001107,0.09481428884593003,0.08803304682618925,0.08557245058145814,0.07827872730371775,0.09302017817223762,0.06984262269608488,0.0728444872921916,0.0736609130701464,0.06787821939627316,0.059854718748058075,0.08465118232706308,0.08378490748146364,0.09406398483671274,0.07109168196785379,0.04272415133184106,0.07954778979334715,0.08463586685591332,0.088394544792053,0.06677833517264974,0.09811839717965327,0.11308959371199967,0.0843112915423961,0.08527198751230144
adithya,1,478,0.08574183999794316,0.013173151470872056,0.11903822893311394,0.15372911885566976,5.383738515907356,0.06754199379975133,0.4051587116981078,0.20133735295162683,0.20021001245062647,0.1425282104602696,0.10733920880788911,0.06707354347209879,0.05745879859932017,0.09356512106692727,0.07366287731576994,0.0662245383005554,0.06904461961029051,0.11471419519084017,0.08098853399272472,0.08756075127683796,0.08712399643185156,0.063195412218738,0.09390872997702239,0.09507899296902385,0.09557347567915596,0.08072642771935148,0.08668337662369092,0.0623814509855471,0.07481871000661977,0.06937019181246444,0.08671378561644524,0.10650088970956902,0.06648787784761728,0.0672909448003904,0.09636766159395974,0.06081212926085537,0.05422109105705272,0.09080745955826088,0.10072237111968356,0.08135989752335111,0.08919393049484947,0.06300690614386974,0.08772904148672148,0.08180000425720312,0.11670718132652932
adithya,1,479,0.07234032194824164,0.017880156339771493,0.09136925964620833,0.14726199980418242,5.221104206006789,0.06252473021778758,0.3569486120857726,0.18800475547753054,0.21754524628160377,0.1379149296377541,0.09739398338719121,0.10238022024202513,0.10104492979106808,0.0885270875203449,0.05429452127492313,0.055581546520696065,0.08660848052644841,0.10521356383106177,0.07692742887587439,0.10487440595790407,0.08313369010950312,0.07613292651931078,0.10981750500030907,0.09601912666210606,0.0835081645130429,0.0919280242964785,0.09693703704521243,0.07931637804898081,0.07827893796107006,0.07075337157820828,0.06196310009075875,0.06366251226214553,0.10354263312041855,0.09073526481652212,0.09220147989085212,0.06725145376838063,0.09134052948911957,0.08927621596398068,0.09028613186250388,0.08105834227112177,0.07668999524662294,0.07225872203076086,0.09483239990594919,0.09887793300315934,0.08613633602782345
adithya,1,480,0.08324596257482393,0.012981824641602793,0.08530819986172611,0.18279003401939428,5.4158016778217375,0.050014029455670045,0.3800595411331376,0.20678135335066883,0.2034713006738702,0.10824526957633221,0.0765281982448251,0.09668132201298085,0.10720027960699281,0.0915459011361537,0.09781837206273289,0.0681882234573759,0.07886478778379377,0.10516069031571032,0.09255127236699273,0.08977402206264708,0.08339982270994924,0.044045823052128376,0.07799227603672793,0.09905067525213727,0.08787924932667487,0.09309967862377913,0.0746975351627744,0.07327816762225003,0.07410045149301987,0.07673947760187873,0.07156048241198373,0.08189740898270666,0.11966076014912683,0.0755172479872305,0.10962311343632264,0.08876172520384414,0.09607879802216918,0.06700689616536434,0.10585964902803194,0.07362742012650245,0.11288724721820484,0.08571998575426776,0.07585429233947696,0.09482359065850302,0.08964792923461494
adithya,1,481,0.08529365052685789,0.01650636040263361,0.12734515311941963,0.12060763326972378,4.946356368167089,0.07384941767698222,0.38825416620285647,0.1983472047044129,0.21787658422984965,0.15168047618708203,0.10080307502291115,0.06752752277883403,0.09861567633564378,0.09449309099498124,0.06423152494539845,0.06966378053161114,0.09119900114454293,0.11348356211985364,0.08613019751183575,0.07228842231525529,0.09176377159248436,0.08579143971108914,0.10479673506785167,0.08202026878084223,0.095762055795503,0.09966257271719542,0.09864173717711786,0.06541073528504619,0.07251169073250914,0.07364852204735162,0.061838830328604495,0.09056050058149755,0.09867082301865022,0.06497391893016304,0.10415862370915989,0.060133670260096556,0.14959164465191302,0.08687024293061793,0.08227296269356729,0.08993355968804244,0.10027064088982625,0.09242465783299804,0.059749683091775585,0.07574248793057747,0.09008865692574793
adithya,1,482,0.07943675360925657,0.014178672025305393,0.11733072662690039,0.12737030743246805,5.442588570041531,0.06305794801107784,0.33564592863512027,0.2050748236808965,0.1995478506913919,0.14952616140971545,0.10191145521563602,0.09278511219674565,0.0948264558510756,0.08344844154405859,0.05858652846399211,0.07544949591326991,0.0646967943002116,0.12008106915358256,0.0787265118613156,0.10574783033344645,0.08343995128906449,0.07742340094037821,0.09340018972123164,0.09021689202850337,0.08352309836887528,0.08589970757057665,0.07195382776878734,0.05627365994085398,0.06528638365022973,0.0754289749590762,0.07887505953368228,0.08712650134743753,0.08621313617184233,0.0655964765030686,0.10212459159907852,0.07064080119779569,0.05466062838787877,0.0838092933320406,0.06679226028626363,0.09218545897740918,0.0701183430447497,0.07379830977475041,0.10869536925506912,0.09112656454637431,0.07482707116519015
adithya,1,483,0.08145835078442211,0.015301574286389511,0.1013511245524563,0.15182487293696556,5.0708978984438104,0.06288808453390585,0.4103668548399377,0.20040879294870076,0.182391968286811,0.12293311154009781,0.07963396736259964,0.05953963131067937,0.08345990924963463,0.09000316009225809,0.06195373855687302,0.06022750789558995,0.10492852901714253,0.10866774117284399,0.07982668793832208,0.04317322786711117,0.08282923544260615,0.07231600686241928,0.06592096863474302,0.10173071509897999,0.08983355131422763,0.0726010889707106,0.08500399810229131,0.08640493778803131,0.07064686953794275,0.07653032321685467,0.06838707554019112,0.08265619054164555,0.1073401723823724,0.0845439138198615,0.10872713554206757,0.06934483427514088,0.03860864864605959,0.10349651752690534,0.11321231923523067,0.06382196675454407,0.09362670256846799,0.10170875956445928,0.07637709630245698,0.09600605816760109,0.06731489336465582
adithya,1,484,0.07408354113347794,0.014096827683091503,0.10657342374071047,0.17157174491246285,4.916558627466728,0.04140651703491567,0.3901941093771935,0.2091603644919665,0.20790847427640774,0.12132413365569167,0.10576704880299183,0.06743668486295326,0.04034160985665016,0.08463440253948111,0.06688649932446658,0.07199256697730667,0.07650742699454564,0.09101586970139591,0.08875355058516728,0.06595627772376685,0.07422291179965758,0.08057304304689071,0.04556731709917881,0.0980472192315484,0.09899295634301294,0.07508515820097711,0.08532540527748986,0.06447648351581832,0.07534674946764311,0.074146213964529,0.08680958041175077,0.08085537743608426,0.10264194084576718,0.07381114124346347,0.08118043784376391,0.08131198804250146,0.0983546252980051,0.10365064752037098,0.08491804516860135,0.0747087521555173,0.07163589625911196,0.08616368496142811,0.07975299682510796,0.08755701384016357,0.08933734795340469
adithya,1,485,0.08088377950215321,0.015080390977985633,0.10723451976226926,0.06944595528410358,5.198775438405184,0.05236005845880057,0.4077866586653853,0.1923984300692739,0.19684084786414197,0.09729358427630519,0.08422125285210255,0.07764586902291079,0.08419644682602524,0.08417610120399777,0.06759541454621067,0.0659775940113576,0.09138665443205103,0.0997270375905895,0.08913826317987422,0.034149810768944806,0.07522522506302805,0.07695518985566234,0.06794049874538989,0.08834328359812216,0.08585902714994093,0.06997822195100083,0.07188284543729244,0.07032710361476636,0.06742847478507143,0.0651590885597335,0.08087886461938723,0.09298305777859055,0.0690126322789821,0.09608749236446032,0.09372519342100662,0.08842463749933073,0.09964628156259779,0.07548275603952109,0.08925077042132451,0.03795082140068748,0.09867581234627439,0.11779860372481019,0.09249883992695757,0.09259650835124882,0.08153442796673117
adithya,1,486,0.08306349288054364,0.016240124209569738,0.08607732824923593,0.15664564143500506,5.103968150040571,0.06259886924492554,0.3591980640616661,0.18437168792907155,0.19637815459434013,0.1775547044940595,0.07065417853685346,0.08726068658300208,0.10171731018255549,0.08331750019711005,0.0917950750236234,0.05403179538057064,0.08514854792636352,0.1033694258986445,0.07294531682092088,0.07685593601562024,0.10271905921722788,0.08234975254849591,0.09732975072852276,0.1027249934813075,0.09462690125676383,0.09069097258218117,0.0662897934118158,0.07026530778200481,0.07571758622069723,0.06910479610166781,0.06814236600415734,0.057055712642919754,0.07695692639649977,0.09455965160924272,0.09151967318766592,0.07080577381000532,0.038223281037988596,0.08164506749016993,0.08914776686879834,0.0897651997523343,0.0867875563733024,0.09880478102809108,0.09499533756886994,0.10307245559876166,0.0775809944708518
adithya,1,487,0.08588073806572603,0.0148272062814118,0.10915784891433322,0.15345899921736897,4.845654088145549,0.055746671074511936,0.3478497829036107,0.19145382958604673,0.18714922639884946,0.13003498223059942,0.09044183860441117,0.07733891271751984,0.08054599462101385,0.08483037779540303,0.0834103652394236,0.06281544955214721,0.09512518366354135,0.09625384344556849,0.08138500441424255,0.11070504767692947,0.0914214293868571,0.06851254178904594,0.04952225723902166,0.09374401149535415,0.07820185718292212,0.08369679797161818,0.07453224090566556,0.08279121529355456,0.06918005289335305,0.06525805280176852,0.08478017153877608,0.0890196197224292,0.08930142493881411,0.0844802766609569,0.09381866642843623,0.07972989664463387,0.0851873776335959,0.08956396441513773,0.10350167906306108,0.06832925876357689,0.08070477250231323,0.07047817364411596,0.052919229371837566,0.1069647106989419,0.09824226821481692
adithya,1,488,0.07867646172354537,0.014170083484037144,0.1060322757683847,0.06933531201367174,4.959131853577047,0.06010676739569672,0.34737976348190636,0.1989510798649848,0.22055294030322278,0.12979183976999842,0.08233357993392955,0.10145276924969651,0.10410996058430984,0.0786509376862389,0.06599225976401743,0.0660950067609748,0.06612469354309736,0.0947995757106085,0.07834671515721925,0.06213790875398188,0.07683750812007514,0.06371837887744797,0.07262035557419552,0.089318211452134,0.09617498138119876,0.08339064851443768,0.09112205962974922,0.05539899717033625,0.07045193418812158,0.07434612299784087,0.058032532866057036,0.08044588756997777,0.10995270839238319,0.06095096298536301,0.09725938693415415,0.06741685633680838,0.09286162911658008,0.10806409083188245,0.08472958998174769,0.1068199706918271,0.11136598712592319,0.10181831000852098,0.10116018963584851,0.09176379946664594,0.08008109251999104
adithya,1,489,0.07951348640812858,0.015909841969720277,0.09535518617989744,0.13080783791550554,4.489731696954425,0.07013625715162486,0.4323061141979201,0.18242742491583067,0.2200897957789647,0.11344631850542089,0.11283095883930273,0.07942447501481958,0.1273344462231673,0.09122405893363617,0.08819404778277215,0.07279173088672351,0.08052046770634372,0.09422800342383861,0.08082604560627116,0.07014920201515092,0.07950631435333515,0.08555902445514521,0.06923610869422003,0.09015048507465086,0.07242472743353941,0.07274500588061504,0.08662821660426548,0.07889050947499134,0.07920745962294201,0.07205937983982277,0.07143624592444292,0.08833028334864225,0.06279222052216306,0.07957153593642546,0.09605570146104421,0.0730682645134204,0.057307982580676556,0.07374075607913436,0.10077890229989576,0.07923501041667042,0.1121842291131694,0.08737566004961149,0.07094720100962004,0.09764768143417296,0.06660726762126466
adithya,1,490,0.07340510117983401,0.013526446251817682,0.12325228166901618,0.1316780976134853,5.330188174148779,0.050714836849229054,0.38014540535868657,0.19710989447537974,0.1690230550788911,0.11499782589781897,0.11379531486136295,0.09656372885171277,0.09946850183988352,0.09073343312752637,0.0700300011478695,0.06996139035378784,0.08518061601909664,0.11082287712724133,0.08517773797559731,0.07642729397868493,0.0728443676713174,0.09985998140217098,0.055765524100262254,0.10245740675856893,0.08491009392314453,0.07991317223977147,0.07654827572346207,0.10146665633577089,0.0694020002306284,0.0784670736858806,0.06867218393587919,0.07701147244089024,0.07450568695213698,0.07148521593329904,0.0943873040743685,0.06110151954547896,0.0860843066395456,0.08580936022410686,0.06972395122043303,0.07490008073397697,0.09290739785735486,0.08354792241261522,0.06193673910543107,0.09572869727043497,0.10599843765149493
adithya,1,491,0.09045339007393297,0.018850546694786544,0.1035641834501111,0.09217541138687627,5.420973743224218,0.06306893482028997,0.40073113136849403,0.19731026681699365,0.20507814592614826,0.1237186423236289,0.09637759435541875,0.08530955854021614,0.09966465564530677,0.08459815954978948,0.10304169003302857,0.0726643281945059,0.09261729609624825,0.10787895808760954,0.0800142436373821,0.025669338722445728,0.07824340299219686,0.05563819158317754,0.08113719551198426,0.08728110270419094,0.08441438318647085,0.07966148459602447,0.08812241909312325,0.07384516325959282,0.07539823735924014,0.08401636133291734,0.07530070333533485,0.07296766140931708,0.09702141858606975,0.07364874446387838,0.08661919407171653,0.05694468606881549,0.06569899846237809,0.06835672493241879,0.09158449051745272,0.08529959857560072,0.07632491450643347,0.10325655898853588,0.10159748378592928,0.07967457014309882,0.08027488453855845
adithya,1,492,0.08416683602113034,0.012565183205045526,0.1176016219914369,0.049855387073555926,4.552411584831157,0.07115419961877775,0.4090995499733575,0.20696262937955698,0.2188267662644042,0.13598977017267386,0.08659514009911656,0.07390384070531104,0.104633707097091,0.09800973171518877,0.07162546689447528,0.06564163738565613,0.07588629622654418,0.08364786075386825,0.0801221053764086,0.002064450165117429,0.07077224314528247,0.10248412525867477,0.08026213410264385,0.09294128429497396,0.09065656378001956,0.08485255887373318,0.06805056932993704,0.06731074742863695,0.07331941387850416,0.06776982564120422,0.07978125211914786,0.08164569326612828,0.09420223079522687,0.09045571799539215,0.09784406459641676,0.08025039681590536,0.06941797422758034,0.08924211410169582,0.07730960046553571,0.11625027223850877,0.09112904940872879,0.08613060961923133,0.06801105679981136,0.06522998223001933,0.08771169568241949
adithya,1,493,0.0870013653477713,0.013509117803143456,0.10617329606543591,0.08189431515006558,5.294572438612912,0.07038904652462255,0.4468817842995776,0.20009111021105852,0.2330218736446648,0.09987522782702166,0.07462904856209772,0.1085706655385453,0.07269885502518031,0.08711346022795155,0.06585150605210209,0.07007755455815458,0.07886622736230856,0.09860865637542869,0.08480782200352066,0.0783300587948294,0.07927788361029436,0.08397379873686887,0.07230442112525569,0.08925947758475256,0.09484286145962667,0.07283951539404698,0.08468893092169832,0.059849981454239656,0.0804568010382787,0.07293113378675499,0.06397951585864517,0.08666989886205795,0.10327190830810445,0.08035673200694222,0.08433745402114042,0.08266473603989509,0.10356194727204472,0.0925177150555961,0.09709646298092832,0.07411690214125058,0.11249343391207223,0.07770405693044082,0.07236379337264702,0.07589444541123594,0.062360801834008064
adithya,1,494,0.08210902189642665,0.01627774143218212,0.12183694291101173,0.07294752393792125,4.828491199241045,0.06641599747454555,0.4060267968062642,0.18605321312683012,0.21845231086907574,0.08290236954495851,0.10797607881405825,0.07710270168690661,0.0821694006736002,0.07429133975708357,0.08651567470897434,0.06825260657937927,0.08279827138239147,0.09473749187520096,0.07840466193898958,0.052029052528385314,0.07818560562984815,0.07212555414594762,0.09682567797337195,0.08662545752340577,0.10368023072987693,0.0877759087546724,0.07525489729217952,0.06106581559408246,0.06986343865265199,0.06799115155450425,0.07133331731303061,0.09440858992914988,0.08582796900701721,0.0730491256024237,0.09347083979694631,0.06337695713298665,0.08119415953303766,0.07141914983460247,0.0995993852711945,0.0820243575251796,0.13675939392806186,0.09659753987230922,0.07420215074375558,0.0862623919624668,0.09462356917315241
adithya,1,495,0.08927941815954404,0.017355957505493926,0.11376415678720733,0.07591094476795404,5.440921298245704,0.04504188280641082,0.38885824285577075,0.1968226628075125,0.186165872213689,0.10596935702416521,0.08306518333063341,0.0811848227874431,0.06888682592615597,0.0803907964882417,0.06729656282715156,0.07550711810503269,0.08276465257112148,0.09026976487628367,0.07494357725925271,0.05420337733794883,0.09100780089399024,0.0629218048585423,0.07060947639657249,0.093671473570649,0.07565179329735726,0.07381688718795698,0.08278719879382032,0.06583561285626348,0.07121076597544425,0.06709106103217699,0.06766296231658014,0.0820451711354407,0.08082373416038906,0.067642722463751,0.10511754118937025,0.07433256159353933,0.09635514226030695,0.08192343431987237,0.08599095621323091,0.10406267490720236,0.1092782981257377,0.08944401901412169,0.06148489570390685,0.08710482887471167,0.07029312007422805
adithya,1,496,0.08122993480557006,0.013442504698425136,0.12809588602811617,0.1124352681939086,4.691330736465187,0.05494465443599337,0.40811071347424094,0.19575315497430343,0.22462909133144834,0.12672622945990206,0.11390653242203834,0.09183629530973332,0.04910144459077298,0.08069807645646691,0.07929453104955811,0.07029099695532813,0.08483739320399246,0.11300025428917448,0.08377477888885941,0.04818759741570628,0.09150068111907965,0.07446500214488277,0.0712945697282731,0.07856081951605748,0.10456869461573985,0.08049590472038823,0.09857471032950689,0.08494186248541817,0.07720303540766386,0.061284931326059625,0.07553729448481045,0.07456598355442799,0.0916618393274786,0.08204635198439023,0.09857694445750409,0.07479964229151223,0.08229172429913678,0.09633085327252525,0.07987442943814503,0.08393080013255343,0.047876687591292356,0.08639586683008242,0.06623053524631571,0.0884345964666986,0.0972414018384666
adithya,1,497,0.0816375432531961,0.01945246758714585,0.11639612596669707,0.1192140594897319,4.934572335580491,0.051392347090298385,0.3877140066459597,0.19727895393062597,0.1827565821818609,0.12676247960648923,0.10063598640057846,0.0806811350406293,0.09858643127498327,0.07601946241337655,0.06087030964977694,0.06343651404762521,0.09101082800625056,0.08148340356623714,0.08539684826253001,0.09137888454973325,0.0898998774229342,0.06751839986031813,0.14336851156515745,0.08130047355717575,0.09665100230322037,0.08625973484539651,0.10601160040102642,0.07932045433578856,0.07611883645428046,0.08776828471717911,0.06259337415986974,0.09878114164227433,0.10351335311367332,0.06376064898282899,0.11381009150245261,0.07312659019880068,0.10231849516357029,0.0863411996122465,0.09078457556022665,0.07060352905376736,0.08669676428535461,0.10676405854326054,0.07298206635790512,0.09749321523306623,0.08466621194729897
adithya,1,498,0.08051616035787326,0.018136843157003833,0.10832596977524124,0.12221681291479196,5.159431513399695,0.06418614223211104,0.36882963005806757,0.20084882205629304,0.17416681116353638,0.12246623397929933,0.09334108700419035,0.09382935804563461,0.11045968157429822,0.08438616523270998,0.07241943133559152,0.0615233829518651,0.09070266485066379,0.08566851982166042,0.08296008403120099,0.1110437785581633,0.0771836652590912,0.08079740240159328,0.09037049924129681,0.09996400420449694,0.10349087579358417,0.06495778632382751,0.06670659604859372,0.07060200822085591,0.07448165886970814,0.09175987112984287,0.08545009774659837,0.09495926903606132,0.10211464006515232,0.07991194976420049,0.12341203230304218,0.09503863528472703,0.11038440291275065,0.09284715836663081,0.07364253081638644,0.06399850245205883,0.10107552287221092,0.10072909694200265,0.08513958888813825,0.0877067542147801,0.0868315436582489
adithya,1,499,0.09024764220834,0.017501211388851756,0.12204091253540054,0.1467537388950006,5.314303216412875,0.04741751712812435,0.3404980290141183,0.19213753355616453,0.20532903864583127,0.10151520035071152,0.08963731828035644,0.0854441476268943,0.09218414291904688,0.07744805256984276,0.05797617576468814,0.07932601989616077,0.09661416096234453,0.09399718825666413,0.0810987482583125,0.07578130881295049,0.08842236113170407,0.0980510188439663,0.08065415584974911,0.08947934162855568,0.09147726881157071,0.08321885582819952,0.08620403452067264,0.07221614153665651,0.07691894358959037,0.07933022185160636,0.03983299038595602,0.08892451174082215,0.09502362472445681,0.09084864423875931,0.09642253494748794,0.08322394091246192,0.07666370231416773,0.07478156145737964,0.09618675566997031,0.08371938250323467,0.08014416548532753,0.10193337403065758,0.084713295118616,0.09497073182769383,0.07839923745671892
adithya,1,500,0.08383806848308849,0.016285100707764323,0.10892840377968956,0.11924130721234882,5.425000068258135,0.05550715959906606,0.40098248280437787,0.18436645132181234,0.18964159673991848,0.11001644504039383,0.13464829889398103,0.08231383029459695,0.09592087213794735,0.08344234596620981,0.08192991883135509,0.07577944742115102,0.07675045236259824,0.10526263439994432,0.07966745828985469,0.05957383665839409,0.08260774514007982,0.06235092971499494,0.0434070707982467,0.09236286225673881,0.06776335701850647,0.07039184454013056,0.07232142646512274,0.07640764640001699,0.0651715961513555,0.07706522944303101,0.07024037170543695,0.09453994282527908,0.0692737991012295,0.075966604878242,0.11708596446669262,0.07904760597257528,0.08591736209914916,0.08174813261311964,0.09316617761779288,0.09213391276219376,0.09201899979339032,0.07258591374304274,0.1286673155376859,0.08740422815544256,0.10251118150875593
adithya,1,501,0.08470817654773768,0.014879802958414866,0.12112856710027567,0.09280532970066696,5.3239347522455205,0.06546986048152759,0.4209473422940409,0.20372965919277422,0.21103796850417147,0.10976048623250731,0.09620283682676534,0.06729372349295769,0.09932587799670149,0.087254483004106,0.05344556835002255,0.0726728959806099,0.07827465685523752,0.09639866982084956,0.08698903903336863,0.08649638220760472,0.07364084308376086,0.07789736973085842,0.10485302775670985,0.08547645305970239,0.07878278683904186,0.09590993464053274,0.08710189150926657,0.06236726741218316,0.07851472141429462,0.06600934831912672,0.07937435419728277,0.08876512237365851,0.09005098272292544,0.07789662989433742,0.10532525846964788,0.07650732635057728,0.05268825334710245,0.06726441864858296,0.10220916216871462,0.09304343030654494,0.11434644340970088,0.083052699990278,0.09692832711754445,0.09203207048368597,0.07871335936141374
adithya,1,502,0.08985627368695086,0.01038774979734479,0.09731602023004236,0.13150315371751684,5.722910370690428,0.06391942873863896,0.3790620059953848,0.19398451736483238,0.2088926332333081,0.11781985067037667,0.08793309756679227,0.09653438551174724,0.118952634336096,0.08180997526135791,0.07657959849325895,0.07245975484202727,0.09669219279366228,0.11392273574917819,0.07899771589650985,0.05937363565004328,0.08387944672409774,0.07062651200477489,0.10793303650757173,0.09744186723237132,0.08543479839000784,0.07967514684145176,0.08632398624377832,0.0835840822525482,0.07802338258319472,0.06627576870826508,0.05900398061653234,0.08813422012439943,0.0827029694187617,0.0733462813308237,0.10156333517132077,0.08879260652369574,0.10111418500851643,0.08380928945610502,0.0991406825142744,0.06844235979637654,0.10327392772661079,0.09270272743850716,0.06587561727337239,0.10244997979982631,0.08960426173617887
adithya,1,503,0.0913395978753451,0.01388794664810539,0.11130237773326829,0.15080596099265045,5.284527064152874,0.053284692518795605,0.41711796942439494,0.19434768107807618,0.19305376949574185,0.127258321549305,0.10779496974918519,0.08474856627919031,0.08025605032674367,0.09101840733643199,0.1053293426580593,0.06682765322516294,0.08561599774012864,0.09051898849491291,0.08453774308098833,0.07802764114019065,0.10376411114637196,0.08001051766736691,0.11026366600973211,0.07271602924776147,0.08123102276114084,0.08449328073217241,0.10070713580227054,0.08459482428162099,0.08905368890570721,0.07062408948796425,0.06105974317665873,0.09821427851953203,0.09964944549995336,0.07325754736006662,0.08107322320666385,0.0738660026288953,0.029277396202246328,0.08027266697939271,0.07644830140204555,0.04653450469081949,0.07978095059395651,0.08249052927095155,0.08944478446029308,0.08245545891948038,0.08051582412719062
adithya,1,504,0.08677955586194738,0.017042865747121397,0.12999704225713984,0.11254766272602504,5.079910147542669,0.06654679558692247,0.37650506857993304,0.18837861466950298,0.18962547263182356,0.11930964665362677,0.11596979683075472,0.07749957520321442,0.0796459954938609,0.08958360974177998,0.08154580380665158,0.0719355993557789,0.06408636012025581,0.10432428878681313,0.08069293691522003,0.05029844911393076,0.08006683857356664,0.04683412365140685,0.09732371510834514,0.10286238563244189,0.0721786629556796,0.08338796045112598,0.07492449217880129,0.07703846681443001,0.07248258553875701,0.07495498855076195,0.06773484868836299,0.10092141238794985,0.0744543092092975,0.06681712362065728,0.08665604367441523,0.08744620201291609,0.0660915687778909,0.09849697001085854,0.083835117868319,0.07550709188155111,0.08902741541377537,0.09454852798313339,0.07538171318113937,0.08038174661530641,0.1126307029423502
adithya,1,505,0.09013890487391915,0.012953535633352832,0.10162592052513436,0.1474996120695107,4.848309876671537,0.04946053633460827,0.4094467671864868,0.2095729431139401,0.18978685490806663,0.11831229798697976,0.07376106114657524,0.08984537138668328,0.06196237946954935,0.08836691190395803,0.07203149572272012,0.07633569554903394,0.08468857753628276,0.10849857089809112,0.07878757691658003,0.10906699989446036,0.08507420153285211,0.0690796417856641,0.04431572477889891,0.09005517580360842,0.0862629155846455,0.08534026448737761,0.10262411068766324,0.06929897572673682,0.07037012707668952,0.0815232563391344,0.0880459406546357,0.07667541641278683,0.09303754706183931,0.0905883584611366,0.08755155892217249,0.0727551167583066,0.08640119625005625,0.07012172079509467,0.08259262349305746,0.059466151065463504,0.1072258294437757,0.07202515753612357,0.04674564648889657,0.08874608760681277,0.09774346011234909
adithya,1,506,0.08379679608979296,0.016658329000232914,0.08245475222129792,0.14828325463045708,5.21341734647312,0.07094986984464771,0.4223220781066614,0.1806285880286963,0.1959376094146863,0.1592228103170163,0.0762979759892834,0.07442274772530863,0.09036089482553607,0.08726797941748085,0.09742069430202797,0.07388357143338582,0.07958928709532917,0.09045365256239886,0.07608326063544729,0.09796566217941921,0.07088074523427516,0.08241349543077146,0.1030826583055002,0.08872624080810311,0.1010294669566672,0.07390343096854479,0.07872555602104045,0.07775059425679949,0.07619326601044271,0.08087605031291108,0.05528194241334041,0.08390088649065944,0.08392387373250225,0.07447979458546361,0.12144520272629367,0.05537935475300711,0.10429094489430321,0.07735844359212955,0.08928697364781589,0.055155307891870245,0.10933565207186667,0.08909619987469976,0.059607741258641024,0.09136711534830237,0.09856947566193637
adithya,1,507,0.0870962494828037,0.016298526552549264,0.10332534042215669,0.18265212760556154,5.298254518412494,0.06558257162075853,0.38716647222758016,0.20296645621200482,0.19559005300435164,0.11796809571306445,0.12161183848187847,0.09032334987697754,0.08977086918751127,0.08007687726969202,0.07873410805586525,0.06866363934800064,0.07291347796494067,0.10301377035240344,0.07882631918650948,0.11430515923776681,0.09635117050263169,0.08464532302460476,0.05976144399340322,0.0931865132429055,0.10476035972141352,0.07611623095505891,0.07860892274239417,0.07137292629230102,0.07423236804785245,0.07373010995312815,0.07199583051973261,0.08472331628663836,0.0998408072713262,0.06458174803474895,0.09178022958835573,0.06815728698189677,0.09862819183670143,0.09897333915781052,0.08555546657093284,0.07761970679893199,0.12283729599415263,0.09762795679816447,0.10394424443288464,0.08352155768512441,0.08300240947092026
adithya,1,508,0.08289885751385175,0.019158409835511966,0.1101916993208976,0.12038665129780268,4.8427389185354865,0.05681770416965227,0.39031582138745363,0.20151997925454365,0.2025280674924591,0.10662218148668663,0.09566196271286188,0.09784591735545828,0.08011473186049377,0.08361507339096932,0.040433482515493474,0.07956371303820896,0.07517631477429908,0.10175255230969589,0.08941708641449288,0.05857594434651153,0.091964546288111,0.06733725626703431,0.08219089755311804,0.08581927813368476,0.08424098850652646,0.069267631036935,0.09148780989797124,0.04937476726669898,0.06461588457587014,0.0728772208352569,0.06529852981107905,0.09065087233156803,0.07945259985629276,0.06699214847127857,0.09314212460930844,0.06285484067828523,0.036495490813366144,0.09388086499127019,0.08333691330399166,0.07209722791165406,0.10453913202624326,0.10005325957067206,0.074875471182334,0.08716392389907744,0.0994967125236509
adithya,1,509,0.08485765374095819,0.01870379923865814,0.1075165640021053,0.13671096961865986,5.542946779550741,0.05895222901804442,0.4084553553813578,0.20620143720182788,0.19659714353767094,0.10292077001997199,0.09056343939832735,0.1085770548828641,0.08912688240198124,0.0818025719808821,0.0733149305370519,0.0572366255294011,0.10272000473269671,0.0880598048652781,0.08075555415277923,0.045353878465285956,0.0836615592133396,0.08096079038342542,0.08521683745492026,0.08971259860579124,0.06190002537648391,0.08654546097892676,0.07815690030008343,0.07872082357431517,0.06401058111203536,0.08316878900724536,0.05663160003046029,0.07672102845268976,0.09713518382424483,0.08882784335903667,0.11119703150187066,0.06436762652298936,0.09630521746690338,0.07371185040062135,0.0904284292006513,0.08630437808098171,0.11637486473288308,0.10174477540536865,0.07701449984553936,0.10392712827085547,0.09551849965353248
adithya,1,510,0.08623230372341359,0.015340719769637521,0.11058626772996065,0.11257118682713413,4.767179889204963,0.0617310865026941,0.4326601981626224,0.20022713677684892,0.2202076636962781,0.10237984927132263,0.08709750237645936,0.09662642990645856,0.09097019200107029,0.08712789621602404,0.09110612926961568,0.0714596256724582,0.09433375434974027,0.08311075132801538,0.07124689826562282,0.06640116300288208,0.08442684796556785,0.07979837714859186,0.08612840164123889,0.09846815524223652,0.09607168069168652,0.07720808692236324,0.08060526042462365,0.05927883931084715,0.06987668919447024,0.07396374544559566,0.058982539856619914,0.0812264070267581,0.1309282426562554,0.08422659715512226,0.0860169327796358,0.0852214470627046,0.09284012682699468,0.10409029710158528,0.07966229513925573,0.07685237281703758,0.0825652075606754,0.12329145948412489,0.09657081788556958,0.08444964372940195,0.11280509843783819
adithya,1,511,0.08411155227757643,0.019736548868532763,0.10933019204448063,0.11763304698315369,4.750488485540414,0.055711706818224606,0.4059797628992553,0.19038092931739523,0.18910417323206483,0.11219354529126574,0.11103756557272543,0.09626841244223097,0.0935227260893667,0.08957093456738038,0.07804264710871815,0.0683150580813332,0.08859512460460595,0.09592790286852906,0.08403044010297318,0.10039358740726771,0.08573542110415669,0.08242223564594514,0.06500077097807137,0.08586823897262506,0.08950139906020109,0.0854706300265023,0.08488390641424208,0.060941856421695174,0.0694890216387554,0.07201161905069255,0.07426403261728398,0.08697022540224467,0.07434678237794984,0.08060445207336836,0.10284531444550177,0.08367854517270969,0.13188541969315615,0.0960746333417644,0.08267486819879276,0.06958407832459776,0.10812119680276622,0.05776487036965774,0.08895884890482103,0.09696611503777916,0.08771242454543043
adithya,1,512,0.08435490700681264,0.01507479465375503,0.1057671657193553,0.18433429714642158,5.47189516879049,0.06790010478718175,0.3761254758799919,0.2019230675378868,0.2128085307216837,0.11574441470288534,0.09869807525847564,0.07860790734964136,0.09487566796843738,0.0835517472197342,0.07467568029610158,0.08610540262499324,0.09092200798712027,0.07832980686602098,0.07872481197784813,0.04058846033927592,0.09948977182707343,0.09008132334976719,0.04232025916981551,0.08012628209852157,0.08555262831728418,0.0779863592088281,0.0736350205884259,0.05788882324775779,0.07698377904983147,0.07594708216126975,0.07239243892136063,0.05432570099810469,0.09387959030381952,0.08356686972817128,0.10473880530559117,0.06601596779263802,0.06634951106818987,0.08440998977451698,0.11670113104462607,0.060804500053001045,0.08738045897963012,0.10634301542679125,0.08707700992396294,0.09339902238423067,0.08705474146873834
adithya,1,513,0.089834244498828,0.01516189194211224,0.1063835372722958,0.1414753139547263,5.220514731221602,0.048622805279473054,0.40275846511752994,0.19762741293731997,0.1866213334711623,0.12866985178157092,0.09103702337317714,0.0931442321192141,0.10598825183549675,0.08788675304982856,0.07678396582710993,0.07344960263354762,0.08635548520770922,0.10728060010544845,0.08318803999339316,0.08994170989616368,0.08286123772108105,0.082945764501262,0.05022895848977847,0.09213582838576347,0.0774404215391343,0.07558731710794046,0.10252799214146163,0.05729540030941466,0.06746201669457816,0.08202974998971309,0.08813483642336448,0.0734352393832972,0.06417573421353043,0.06518342810499674,0.10428279930324569,0.07940469080718275,0.06303098902457913,0.10616594076436295,0.10569879664941438,0.07352615874532176,0.08606447025231931,0.07808453336800292,0.08485497505180577,0.10021299080285634,0.07069004843336918
adithya,1,514,0.08520726026235764,0.01619268065884427,0.10655609955009987,0.11129128565769672,5.286676496134338,0.06704473424272135,0.3914482438678806,0.19434021453652062,0.19685798681557704,0.10558168383358423,0.10113740996919171,0.06897160476691772,0.07150826571293517,0.08156910434132492,0.05875572865493203,0.05599530266666948,0.08692295503514363,0.08494570017466871,0.08424686377463797,0.07478864770490322,0.08278407712539423,0.08576077612498136,0.07271099952834796,0.08178486908615845,0.08078798831492369,0.09066891057931899,0.08152096823867082,0.06956130361937098,0.07819635829576013,0.07184400538865532,0.059833168162365905,0.08976448047808355,0.1068341363427435,0.07093250930334127,0.09699082209296779,0.07897589970092474,0.1002847868567889,0.09180324037930525,0.10660016267882585,0.08087769224831835,0.07140589271635807,0.0902939941219087,0.10148020589960269,0.08016138494259104,0.08348694136809129
adithya,1,515,0.09232597961120798,0.009288007489411526,0.10635557381830889,0.1735502523647307,5.57379830918539,0.06636064220172903,0.4268613413914004,0.19676268392622898,0.18796577106694887,0.1353861941278179,0.0810643289863016,0.06724481090853324,0.10103907210214016,0.0869726022797867,0.06635293691265577,0.06190158129235295,0.07743170885552013,0.12357083150171483,0.08125382687321751,0.044641215582424884,0.06789386310323692,0.07732549722227827,0.05516002539607145,0.06650128537335184,0.07694603769340831,0.08649984290284998,0.08515212784521867,0.06933624383249067,0.07419725359119371,0.0780946834889669,0.07261497174034358,0.10565370164728519,0.0849907995168225,0.0861358091155037,0.11075778633024135,0.07795424018678151,0.1103015340312278,0.06570580958218364,0.08251605746309154,0.08341497211901046,0.10309476414526415,0.0764879674595608,0.09623983544361478,0.08434979011269247,0.07973216950912587
adithya,1,516,0.08490808988129217,0.01596197534650339,0.1203208691627891,0.08740483916291945,5.539129405848756,0.05613980279622572,0.4352455633816242,0.21083698314458227,0.1993592443009943,0.12943494886807175,0.08828464721129202,0.08591469456597585,0.06838306469793085,0.0820157759435561,0.09947448699655928,0.07018504560271616,0.0688363632964388,0.09771753131736488,0.07815711162745573,0.06454914727038341,0.08901291013622918,0.08883531304314668,0.047525275065552784,0.09397019058200466,0.09712660580680496,0.0865080344217683,0.09200016015330581,0.06228166766741169,0.07997146740735053,0.06659312327715518,0.06419222897115195,0.10063207063069927,0.07805062616278781,0.07875578602260748,0.09806438129115243,0.027980453597656357,0.12173720032132726,0.08879523016608108,0.11871408892087065,0.06479013218312041,0.07881612569836768,0.1177456741852275,0.07664908833016856,0.10213346748349424,0.10435624271754838
adithya,1,517,0.08191191355701534,0.01864904035326124,0.12496376550039763,0.12457567426504985,5.35220857839708,0.0673674571868122,0.35832003208685204,0.18091482478696053,0.21644783756884498,0.1295558595358785,0.09475453628482448,0.06278060519215509,0.08825975431400827,0.08334611660744998,0.0759234331966579,0.0654633351269694,0.08257892920433331,0.08733056636635249,0.08053573542234975,0.0667654992090776,0.07382949799609663,0.09647017335698291,0.07332528537998428,0.08607640220931868,0.09459964389318828,0.07581037632507205,0.08991668664176754,0.08241654474037971,0.07169131291810849,0.07919143030107326,0.07760341942459252,0.06588979251234131,0.0750464533536506,0.06674243636139661,0.09304935262524441,0.07990621373432234,0.08382881377634124,0.06873773281676504,0.07630575262024339,0.08828349234574452,0.09118680877668499,0.07055412182227179,0.08490020178230188,0.07879255429317503,0.07077078775950499
adithya,1,518,0.07836712468104196,0.01307920482409505,0.12500153402074693,0.15649981137484278,5.090697054609524,0.05428083270347299,0.39590127206396475,0.19112069220607034,0.20538567295518945,0.11687938044587819,0.10186604361644934,0.0766416789017846,0.08254193391642987,0.0806312162566994,0.06014634979567454,0.06729035929355781,0.07443331898496448,0.10647227889993631,0.08306225366316118,0.012904045165376216,0.0907696504164936,0.05804222648683033,0.12183070520735581,0.09047071445636737,0.07411418383170097,0.07972106707779315,0.07751832253860083,0.065227363161035,0.07704247269830874,0.07494171715988805,0.08481749172302679,0.10137863980418071,0.07570957556140859,0.0809138192981925,0.08271274483915313,0.08926856869638111,0.11381650109391916,0.0924151732426641,0.09565266515195267,0.09871884159837056,0.08215500352945089,0.0713996210906537,0.08509235126717159,0.10084787949125439,0.08845675689716866
adithya,1,519,0.08233416368900506,0.011207803931880318,0.10668669083202452,0.15818822234209762,5.176700137205208,0.0558885310737245,0.3797769631027551,0.19372961716667855,0.1902260015081006,0.10686817011631862,0.10146954552768997,0.09467528362345813,0.07660367515577096,0.08162993045845082,0.0630199047672162,0.08340332770992781,0.08351411841261097,0.1048771683170535,0.0791838918740383,0.09733176185455324,0.07178300418406575,0.07073073912960487,0.084976654460013,0.09546648662152961,0.09174242362017163,0.07317929906661683,0.08093754882626626,0.07037389045158822,0.07250680175259455,0.07109633428872782,0.09440012910512875,0.08692298939242575,0.06339547115518893,0.06883722895368864,0.1013557405730834,0.07812361261893623,0.14739604124099553,0.07618971097442039,0.08155308322357055,0.048617830166735494,0.05751349439995505,0.09991361223910662,0.08211930884417348,0.08603682150450838,0.09671602246246182
adithya,1,520,0.0869762044412645,0.01816431392909663,0.10523007642544686,0.16016153762691865,4.755352093627956,0.07011439463453252,0.41734342670486946,0.1905380462575064,0.2019749493482653,0.14826315306702223,0.1124340840631995,0.06646158685330156,0.05530724136847866,0.0803656467658711,0.07365127343003101,0.05527566819534609,0.07840288053885547,0.09181400140317915,0.08641675673947333,0.07135199451494956,0.07164251080434862,0.0957456264512278,0.08205012933665301,0.0796414520161719,0.08816168322559599,0.08142750376504744,0.09979376433961705,0.07187429660500047,0.07288821813438259,0.06651372576557729,0.082035079678656,0.08679440256159802,0.07385738883628361,0.06752780430200693,0.10480540388935472,0.06598661824459849,0.12279302964978836,0.09140992496490602,0.059845725079214415,0.09614173326397453,0.11564685542758774,0.10379265524922396,0.045279057708874,0.08748838865677419,0.09927464498412077
adithya,1,521,0.08688434080703983,0.018040870594297667,0.10630413451245493,0.16725964227246504,5.158805954371969,0.05388655247325815,0.3701119097390024,0.18951233401131723,0.19783779055302592,0.13985848622457037,0.08889696081805333,0.08009013498059,0.09835981692215559,0.08676880823198557,0.0590528284356077,0.06822939362337685,0.09018013151668512,0.10339860752211898,0.07821189962143718,0.04741923986832683,0.08663767838944846,0.07839998886609947,0.0498931214114529,0.0803178116140693,0.09515886307721222,0.07192399347825477,0.08023053954032043,0.0727978829931231,0.07978901872114616,0.06931890975148725,0.07718975846238085,0.08497170525048602,0.11040237853891054,0.09312271526943991,0.11337661360928977,0.08667017712381733,0.08256256027204724,0.08074148053141672,0.08583443480713153,0.07551939281491174,0.10165215055459105,0.08158740562990291,0.0821372773981223,0.08909479145562571,0.0904452088862959
adithya,1,522,0.09199051611793008,0.02039249059016251,0.11856606996382457,0.15179748397981585,5.292370751995981,0.046321650394843,0.38686855207087373,0.19386438699052486,0.18920381446219867,0.10671236490665964,0.10426176907339725,0.07180414768666957,0.10974710376212995,0.07935845958243543,0.11309053822003053,0.06618648849600652,0.07780187855009109,0.07068991077932603,0.08481517759239655,0.06290894755411108,0.07195573804039429,0.08740507199058452,0.06456092255140505,0.09876610912319356,0.07575819385422766,0.07718012696024308,0.08670346933556963,0.07084254638702203,0.06421363052979254,0.06707482233537816,0.0660113980443552,0.09871958758750816,0.07775647679212404,0.07422026245026253,0.09035238921956325,0.06200651851839709,0.11264953503108277,0.08194468798610764,0.06788273844131586,0.1158511923255919,0.07230597048664346,0.09810095447019211,0.09382123647192948,0.08871676348922466,0.10059732836907229
adithya,1,523,0.08585186836107488,0.020393517306965394,0.08889814474363658,0.12457808443190982,5.068260801187257,0.0657132908128009,0.3669405007569329,0.20802806295002851,0.18634409544802258,0.12127416571644796,0.0956463616506642,0.06303849079065699,0.08079491037117904,0.0799880582121942,0.08569547116094713,0.0752844303410361,0.08790987717641965,0.10664529652811235,0.08135170241809522,0.04784980402325794,0.09102327243082571,0.08734310107162568,0.08718477956773721,0.09050080589751483,0.07872616235772667,0.0830621265507949,0.0775350146518448,0.07016580746083366,0.07177286637663369,0.07757217902527527,0.0959015106530599,0.06116618249610581,0.08905602935730851,0.08196924314849828,0.11369507787247896,0.06588703115046536,0.10727580144643696,0.1043269462046746,0.08794616372512348,0.07891764477292934,0.10491736836917974,0.0785024830657372,0.05376112247488504,0.09616424940129972,0.07060951025093874
adithya,1,524,0.07260569095733008,0.014427203610548786,0.12666982669954996,0.13495480989452877,5.240551454153668,0.03793917206352464,0.4090068940264694,0.19726721714428527,0.19815611324159518,0.12677351082925795,0.06989241975626864,0.07283952537753155,0.09102771137977064,0.08599396424495837,0.05676381289955962,0.07017480498470961,0.10003921154964646,0.09055266876639886,0.08366567116664238,0.03796402327397035,0.08061825252082791,0.07958227606362438,0.01166229627215129,0.09658224955840511,0.07289853577650746,0.07344652823700272,0.07497379045617843,0.08032336853900116,0.0713918404708692,0.07700968389692428,0.08254097151395519,0.08569026482496238,0.11713976112837585,0.06211661943104241,0.08186778551088253,0.07452471956267849,0.12653036535124862,0.07122126510624494,0.10212726623318263,0.062003460170840935,0.12579126862633758,0.06998520678698433,0.08970202912376692,0.09055385618461487,0.08377196841210127
adithya,1,525,0.0866905451913276,0.01892998716788243,0.10564250885475283,0.09154553148814092,4.42998826185439,0.061555299750428547,0.394169180167321,0.19383465157512236,0.17681183441508594,0.10029567389674798,0.09714225833626171,0.0910032476632116,0.0891113672650736,0.0866146552951009,0.09056977014770641,0.0684114980076198,0.07565685894056166,0.09518129509104196,0.08998255416082532,0.018411828756496426,0.09386888162024541,0.055194288048345114,0.08264808268217784,0.10355668807608788,0.09350759714624744,0.07820561129849946,0.08000172365427118,0.0750134405600374,0.06934772567666717,0.0716525944159515,0.0760929863927616,0.07941542215908488,0.08212640721418807,0.06757233194235371,0.07331262707860942,0.057379603760659495,0.10360488979632926,0.048891413262861304,0.08152722977548607,0.07501192992369886,0.0851329265696708,0.09027678749812151,0.06588574415866656,0.09997952806908939,0.08338047829074714
adithya,1,526,0.08005544995533578,0.011046227693271893,0.10084006957498569,0.12082736899023774,5.031530290114753,0.06831675123114475,0.3657555254953788,0.20128335187738017,0.1997002470026404,0.12341272305586387,0.10535461357345845,0.09880869904068143,0.08136951779153485,0.08105660819637407,0.09831581519513466,0.06514750184774579,0.07194745414839097,0.09503782308661506,0.08101308579900758,0.04212336970066311,0.08924323264226248,0.0681257346052092,0.08925025741957798,0.09700656100572559,0.09276457596950781,0.07299043259898315,0.08428354677313998,0.057185397444096606,0.07326278385602329,0.08111391295461054,0.04610453572195583,0.08575648509773422,0.07481763108116453,0.07192310224108522,0.08093844298454199,0.09143826219961967,0.11573787468201406,0.09984882770083062,0.07878878233061219,0.06764279510073451,0.06981453185678729,0.09062875453970859,0.10322146778894536,0.0801418679459037,0.06049155344971004
adithya,1,527,0.08537008318973097,0.018651448942972493,0.10055714148219916,0.091484519554438,5.090764014180146,0.05725807425318033,0.3617938988523915,0.18597491583635856,0.2300748699578477,0.1069018253587402,0.08687720272741865,0.0850757100177548,0.08200703269083978,0.07492955027087621,0.06563824634758192,0.06516714490696164,0.08840950159296505,0.0938543435739403,0.0779285298320316,0.11549904803104509,0.07428000716380097,0.08847558159265506,0.08284880987268718,0.08689354571168552,0.0914299239735705,0.07866273260458441,0.07919344074415743,0.08278558736898212,0.07325883342321858,0.06402170065001242,0.09117665840219719,0.09257596547029773,0.07633231159209457,0.0779779542237635,0.11013166659059626,0.0637747956770043,0.07761848796233775,0.09320767069780649,0.11149556676398481,0.08186915415215901,0.11574059992030652,0.08220596990099832,0.09288343114487099,0.08459813696787223,0.07597316206295558
adithya,1,528,0.08518590855144945,0.010939661972896041,0.1152315083214248,0.15518975153286202,4.251687016629211,0.06512676718314209,0.35993715794008263,0.1918883542817559,0.22312907002970758,0.10933481121934416,0.09944594426504864,0.0586790840800874,0.09985517664162225,0.08613383312378887,0.07761711531694541,0.08082568409458316,0.10190180360986377,0.13898143827317563,0.08694739785897894,0.07489552683182953,0.06942838796888708,0.08932022554873943,0.09567044676576768,0.090230852637274,0.09954969307216796,0.0661498449533085,0.09023896580656497,0.05539560612379426,0.06573505497562908,0.07367155280546084,0.06607789013212836,0.08932141905784839,0.073881095397381,0.07210305835660304,0.10187617188482581,0.07642905892740957,0.02622640662353566,0.0667854617136485,0.0931333280870907,0.05093485210419953,0.10543784629607154,0.09386719235280677,0.06035123068484763,0.09401093440252942,0.10336134062679236
adithya,1,529,0.08230908816631398,0.016105126831548553,0.09396402693300444,0.16298127085868155,5.062259874112731,0.05888835362734601,0.34364887109027015,0.19737703452779926,0.18682806755713546,0.10863830998192364,0.09327780168291455,0.0871226356575901,0.0890907922812796,0.09268871525680003,0.08663215011171271,0.060862126294120036,0.09952836886786386,0.08768122656026366,0.08058637996232533,0.05363427052670279,0.10105705115950905,0.08212984994511956,0.10421820060546647,0.08620968443675332,0.08435969360062198,0.0708486789137688,0.08146514659137623,0.0747898505529941,0.07055378939832692,0.06728142794835118,0.0743580076823752,0.08337160390646393,0.08233785939600664,0.061318334169345796,0.11038526540163862,0.0705190134512943,0.10918400117415349,0.0900996006754265,0.08507012805611562,0.06919721644267823,0.09862340373138277,0.08747732413401683,0.09639866047449533,0.0857627622352531,0.09905440994632572
adithya,1,530,0.08880636599461468,0.014139564120002505,0.117531144229737,0.14885598790280757,4.8218005358411276,0.06591507248873073,0.38296940689927994,0.19353916103329416,0.20531215223142565,0.11411592536849549,0.12638957776385457,0.06166576001802651,0.11405457936928592,0.0861680377547266,0.06060719908167739,0.07667225483110761,0.09247116959208146,0.0889399395087914,0.08289575359603946,0.06558076924703898,0.08146305324582673,0.08702930484089134,0.09048023049865137,0.0870428680544481,0.09048050479102374,0.08561239550192881,0.08546791087686698,0.08072717322998495,0.07057102709695894,0.07077090730236608,0.07769528622711265,0.08151426588046803,0.08537251118853263,0.08562050345608506,0.09658986298115778,0.058171982715195844,0.08544338171217596,0.08527415277433575,0.0949365972502426,0.09376536274951015,0.09841133495886675,0.08946594534735272,0.09011892621267585,0.09991089805067165,0.10001526593211346
adithya,1,531,0.07889701740970394,0.018262283524976577,0.096557976593235,0.12135474574503939,5.218520123619098,0.060599894652357884,0.3658549085260311,0.18553209922737018,0.1843428499641204,0.12396895009305968,0.09013843198054955,0.07228863646426793,0.10407716182012444,0.08886608868915935,0.10640648560864421,0.06771560121079194,0.07117007808908907,0.09875566121833412,0.07652938081478602,0.06871220176305408,0.08345158077527662,0.08824885151571268,0.11121267017783296,0.0973699096656367,0.07486146224566126,0.06489465923688235,0.09645343592772593,0.05552308307834604,0.06504547013130803,0.0783438175798623,0.09673001700401385,0.08613787156660219,0.10425729435749348,0.08063763338337021,0.10496305067915179,0.055540971945365405,0.10749992615276827,0.07333566840209668,0.08547072558255546,0.06719834305335821,0.09092846857757118,0.08890599782415737,0.08437158485123873,0.0926508897492439,0.08211097961499468
adithya,1,532,0.08934827070662577,0.016373961340084363,0.09292692426941832,0.2012815745913305,5.676207338129718,0.06467517606411288,0.40908846366668683,0.20682432544942442,0.20398101386948966,0.11685880223846505,0.09433730309592839,0.0890254588268638,0.09830957650912558,0.07774350001030443,0.08607572708015467,0.08080912475752539,0.07962238617521226,0.09708627477956674,0.07715173412653956,0.09250400510173978,0.07197516973577198,0.06342422945079754,0.09896778234164674,0.09779478728328003,0.09585770339381706,0.07360136340023908,0.07023316076136349,0.0967444810174477,0.08234310471515059,0.07686073653136748,0.06323551872580835,0.10009558421079537,0.10644981165451822,0.08750383877856414,0.12082276329163325,0.0753094767502055,0.1013603085732695,0.0793614618732233,0.09501755531246305,0.06484544582148813,0.09862568023004822,0.08292412945805183,0.10441877630355045,0.08330291632814751,0.1014385636900367
adithya,1,533,0.07917511998563327,0.016060431729742974,0.07468314033127668,0.11950032930230635,4.926891693275354,0.08231865102766918,0.40506752514589,0.20878854774650646,0.20922948843511513,0.09690127994807525,0.11609154154487399,0.11041327905586847,0.0979267203958367,0.0862490487129816,0.0865417855913171,0.07574223369514761,0.08059799570118034,0.10562177320156171,0.07760664113202993,0.09529089930285772,0.09353631955264458,0.0928537726462264,0.08144031053752328,0.10486991625941647,0.10705551281329952,0.07438988242107072,0.08662881025000307,0.07615940195531656,0.0648240227427105,0.08001371212005981,0.08449505827341222,0.08909637912094276,0.07529831492285227,0.09121502597979186,0.12429208225766268,0.07351952413943408,0.08785887550129987,0.10091893820638866,0.09628735422170544,0.08950944881871338,0.08696592523433878,0.11724814899223573,0.08679729632128594,0.10061467005477075,0.08989720069313221
adithya,1,534,0.08192877604523753,0.017609528501074643,0.11006391104204835,0.1025807256400801,5.154455401918679,0.05704964709380775,0.41880814307511516,0.18771719650878305,0.20489280055457734,0.09928172701927909,0.08758939822472242,0.08347583177524628,0.07652438585028286,0.08452659076037639,0.06142251721315545,0.06235990151405702,0.09285310331132611,0.08985374826936966,0.0786624078312006,0.058617218473484285,0.0768714763022027,0.06572001552447848,0.10475984404605616,0.08621372216545323,0.08141428798501169,0.0922469494907738,0.06881202430037145,0.06603869529373316,0.06840451116543407,0.06760720801620579,0.06873613490235739,0.08532515046513738,0.10137306298816262,0.08795895243231894,0.10811287541582781,0.05605492675242457,0.12299641644051676,0.08602136491597558,0.11474598405773978,0.07601528743545347,0.08510164992200205,0.07433976983763607,0.07113279382394425,0.09107852687522641,0.10957053335396993
adithya,1,535,0.08875552058197,0.019585554854352035,0.08519550739588196,0.1277171802740584,4.959373528905065,0.07497253264804891,0.36318488794231735,0.1891163943082566,0.20952771524611574,0.14406741765234066,0.08636377319946636,0.0990883882815643,0.09528873451036537,0.08452013971030892,0.09299236878607287,0.0718341300149633,0.09471760283216484,0.08793320481519754,0.0847000315226632,0.054138785715859436,0.10209197979324859,0.08003511374004324,0.09715436827638287,0.08101413034802532,0.10251128759623626,0.07576461067878931,0.09735395837025002,0.08851302982156153,0.07675789573716166,0.08186057740420577,0.0640175758564154,0.10238621018849176,0.08742423810434767,0.09079226154758088,0.09757780619414153,0.07050523268966562,0.06525639892096997,0.07700728841954982,0.0833438788590282,0.052505466282036346,0.10702638982296839,0.10086348793523355,0.06203629836972894,0.09410273773013536,0.07530428279032855
adithya,1,536,0.08659439577521955,0.014618993764920499,0.10801559747622815,0.15862316479720812,5.27977820854351,0.06408313931557383,0.332266860464229,0.19505579015403324,0.19981063484461156,0.09313427333756422,0.0951314874842746,0.09045697971936274,0.09159125381643136,0.0900807523194864,0.07861373459175652,0.07264344794270652,0.09461742923729727,0.12335522580699385,0.08062847057264637,0.10410587843493768,0.07643205015694787,0.07531536132925179,0.11358099806379457,0.0891039716253376,0.08859587910134975,0.08151758918684823,0.09781194083988452,0.06867826038712686,0.0820600695004547,0.07779945490441315,0.05909028603934693,0.0783602127532123,0.06950029023166963,0.08714345563457944,0.08858341181152678,0.0648878448289725,0.10450636438483363,0.06867392076032014,0.10112542654440274,0.10772666296972669,0.06721858336511882,0.08939573972249384,0.08081950686652505,0.10482046183443346,0.07146213075879657
adithya,1,537,0.08391598903641523,0.014450002493260629,0.1194596500797394,0.12495583938742812,5.00504384572277,0.038393566977311916,0.37943750527245845,0.1969574449700949,0.22242249116865212,0.1501211457471544,0.0925351269757646,0.0816376106946115,0.09065272216732329,0.08416866493748794,0.07323371318247457,0.06402209863078505,0.07691587100423919,0.08870746031372402,0.07995475803556945,0.00115837368158897,0.08216653521870358,0.06631431147248146,0.055641848883288283,0.08431141963706507,0.10058289152479241,0.07325368399762873,0.09877456608651397,0.08329771742209037,0.08196484401355306,0.08168992015637386,0.06629305583819252,0.07543477234654242,0.0600138808825353,0.07656201611397268,0.10895979239643239,0.07255117881444886,0.10968137322838578,0.0787547233257507,0.1035591204813643,0.06639417814553404,0.1059135123172405,0.08554499438768365,0.11466415043590593,0.09012243096369542,0.10533144685898876
adithya,1,538,0.08074967547644685,0.011870227043476442,0.11452416682445862,0.08496377726774984,5.2094501524637105,0.06726574895468054,0.37492121072774726,0.1932536769190273,0.1886537715100647,0.09770734415230803,0.09547457910836755,0.07980686840410338,0.10100162218031375,0.09673552471241928,0.09770961068376112,0.0571340715255356,0.0757282682602598,0.08110060720206505,0.06654379202537954,0.04762103175240836,0.06667999618256804,0.07980187392434508,0.08777367657932902,0.09939126386302918,0.09118482465416554,0.07922318685399367,0.08481216697186526,0.0857005540526567,0.07086877836708158,0.07445519287140047,0.0605207675165681,0.09637386152959099,0.09134033835298294,0.06033812319360046,0.08964148786004747,0.0978889353943615,0.056407490750833934,0.08319731594108129,0.09449954013217811,0.07773178234803219,0.08996581959427037,0.09138835082957461,0.10493905719712104,0.09447009562904288,0.07687316503336401
adithya,1,539,0.08037782436719898,0.018136123341321163,0.11493642616890007,0.1644089309687783,5.183438725102817,0.05693635721698969,0.3991486250445765,0.1918440567523767,0.20823454229910446,0.1401725218857044,0.09756381900366763,0.08239494217793758,0.07047127977694889,0.07813384009770123,0.06512113411958267,0.06776993659065075,0.08615595657160131,0.09206119214150153,0.06894037574059084,0.11498964053281457,0.07043900301793536,0.07828103343110178,0.0868040016928144,0.09258955708765024,0.09723338289905546,0.08254189194404872,0.08682287851676675,0.08185261566372025,0.07363431838011646,0.07942319609408349,0.0773092735338831,0.08953741903584271,0.08694758419277626,0.06713149788349386,0.09144950766655502,0.07630671936824243,0.12521016483474728,0.0777796845108025,0.0915827100192076,0.07819073100619589,0.08929721327688744,0.07837748764198871,0.06541404831435617,0.07614614956854632,0.0746133383371233
adithya,1,540,0.07995362522518068,0.014467499283784189,0.10779293566553343,0.1100122205336648,5.581451757982583,0.04474130132203371,0.4112724319152643,0.19540255197913642,0.18757431234285804,0.10301037458527712,0.09544538852531645,0.08493263789996268,0.10738211426398722,0.08108994708297045,0.07630351619064982,0.04785250779814011,0.07104610184288872,0.0847675634115685,0.07695172215947427,0.06908600613877414,0.08703192288143718,0.07759037809207218,0.058491122882951385,0.09099537497510038,0.08759868344881132,0.069900108388333,0.09207884232136401,0.04960551950875252,0.06971727504460816,0.06757352745119752,0.05741361133892055,0.07407246120845759,0.07937710634058462,0.06243183638465245,0.08110135261205138,0.05963879114459375,0.06422945226735406,0.10849181013754686,0.08842349581248872,0.08215451063633421,0.07697867544561675,0.08166806277977277,0.08074276840231702,0.09622480450304093,0.08634657555640377
adithya,1,541,0.08144299984886492,0.017722475758874926,0.11610545933376525,0.12198924259991302,5.561154818911934,0.047746337893663296,0.4111120571767267,0.18068076602114358,0.20235407302491637,0.08169265015334012,0.09204114712645493,0.0938540622625059,0.08955250372174284,0.08633053905693404,0.09365855758621028,0.06589665931455586,0.08624433107908644,0.08289292193500825,0.08212069539009915,0.10129097412050096,0.09731453636267709,0.06860744017973724,0.06921144723570766,0.07899799496220432,0.09061549899528056,0.0839315586954519,0.0974016770839737,0.09258235339773635,0.06705442427166275,0.08009162795464518,0.08770579698631129,0.08937995127490032,0.0709278620360913,0.08645818301181052,0.0956815152120291,0.06779076701770803,0.05695475263314689,0.11576256448971659,0.0765903275554766,0.07800784168766112,0.09566208049493535,0.09289097216217797,0.07095592000489478,0.08266632774355097,0.0845791705662423
adithya,1,542,0.08584312381984045,0.018936990756016,0.13179538838981508,0.16457004458232904,5.761421361643232,0.056647055612419665,0.40827072851420415,0.1941739307177965,0.1918583615517932,0.12401179121797092,0.08623270580902816,0.09323891098563972,0.09467032950871467,0.09228616305654058,0.08848507024299582,0.07784087236529996,0.08358622714603114,0.08912733699481831,0.0794351928402529,0.07649204114396939,0.07853975982688705,0.06137070162510336,0.0771020590498272,0.09435637449636587,0.07614519323957511,0.08560251739281172,0.08000166141782766,0.09622106752354612,0.06112276792590951,0.07427596824054257,0.0749395491419537,0.07875665248070074,0.0746732153312409,0.06263398475054088,0.07771769012316745,0.07086384428727482,0.06615666273135683,0.07829316072720456,0.09715214469041274,0.05612414066658518,0.10895870915325627,0.08780891598225857,0.06215536179981298,0.09219640588470344,0.09574549449049019
adithya,1,543,0.08871375178530795,0.01386562903351715,0.11207371063915955,0.07545039529293493,5.308979427793053,0.05228362837112184,0.4084900112257622,0.20093409712454793,0.21520741559440712,0.09228238085160645,0.10219727786167603,0.09563458525773244,0.06433256230447296,0.08507826518682264,0.08101718815554368,0.06013498147057801,0.0877789911143631,0.11906474074484796,0.0797991734309785,0.08053118621610503,0.0693873559185493,0.0781088507855796,0.08735558142967556,0.08738167020048138,0.10149711603197978,0.06853695065296855,0.07901684203854138,0.05037897149046597,0.07147818209565801,0.07185011589839245,0.08022799075991126,0.09837413460982884,0.1089763113234437,0.058256845503873465,0.10974804868842479,0.059797164948733945,0.08915569343613015,0.0963060139197442,0.0849430224558805,0.1026866566538297,0.05370357602416421,0.09378364076244942,0.06354724732219356,0.08984333179780069,0.07967613249798638
adithya,1,544,0.09016257111037973,0.017866703476060092,0.1137650176597509,0.10064825036361649,5.145773396132182,0.0633498481500218,0.39464273478195044,0.20809386794593182,0.21052618227770797,0.08237742197541321,0.10200952533515499,0.0888075310864658,0.06064452729427689,0.07912612896017317,0.059534172195079116,0.06004165577206638,0.08539772931207136,0.1102328199533969,0.07727689620567597,0.07381729747507706,0.07516634110494347,0.07235427450313528,0.11087309816556454,0.09202096271731226,0.06599284428912071,0.07948679322760412,0.07862636112314532,0.0712331330749494,0.08477537394826497,0.07538373820539249,0.07103734479254083,0.08246106468619792,0.10505814304921651,0.0559479202274019,0.08401205273998533,0.06121217945712189,0.08749995266229252,0.08513845768586309,0.10192021363412845,0.08368396921963595,0.08814093156230296,0.0926020338638505,0.06825466935391851,0.09120404484885215,0.06982878985389153
adithya,1,545,0.07459582724824947,0.011858948838960536,0.12376338548540755,0.09190268708210358,5.203860972095559,0.04258428390050763,0.39812301718668086,0.20068765653301313,0.20156275585911468,0.13532029589033556,0.08888900196115222,0.04810617894235728,0.1036489321007388,0.09107410363475645,0.07731725690385323,0.06788378040740571,0.09645128725900041,0.10754385048436296,0.08712669178285447,0.05113627920058638,0.08479622071266499,0.07828493283324661,0.07957765590107234,0.09047305216012158,0.09425068702349586,0.06912922546680347,0.08038982385934272,0.07265945248149619,0.07289272659798837,0.07139269945463658,0.06762488462606622,0.07224024789348803,0.11232757655791827,0.09843230989417423,0.09246039827122284,0.0956071050120075,0.11342675170786484,0.07019021523416896,0.0859750814924766,0.07740564311095023,0.09574969406160581,0.08269315873333827,0.08003036119237165,0.09148346526936091,0.09862023787350963
adithya,1,546,0.09559633505630569,0.02033298186503112,0.0994971912871494,0.08778824929165754,5.178487020732555,0.06967616042301723,0.3805728085207104,0.19458539014902837,0.19058632504722164,0.10396310345403784,0.10018541589492688,0.09247205958398776,0.10447560378532346,0.09177802719445169,0.09230320882829918,0.06396425359082593,0.0894516534582694,0.0987029922635335,0.08736433774501604,0.09512503719153553,0.08083966836746677,0.07376163419610635,0.10404918583774281,0.08599638937864258,0.07834715584601347,0.08598040564356631,0.09784249688781024,0.08550253345545902,0.07441629856751195,0.0776819204077969,0.081476801954873,0.09670828195333639,0.07023110527455736,0.0728791312115803,0.09729765598487104,0.06913156749781336,0.10466100609180926,0.08274401812303604,0.06839098118204916,0.10090867532763863,0.10802414989816521,0.09368005216293115,0.10381769005065639,0.0820084074230606,0.10263674272120665
adithya,1,547,0.08252395491994631,0.01378920581531249,0.10073127177437995,0.09739221212079824,5.216230680334821,0.0443361370364892,0.41234668678523795,0.18302642365139313,0.21947099542416543,0.12057475821369233,0.08480893957515412,0.0931094096306603,0.04738928340369663,0.08711993472445427,0.07064909238184162,0.05798722178656311,0.07377539581967535,0.08399992407094352,0.07539831436399394,0.12680228437249236,0.09198710177458605,0.06863368094252749,0.06871955595925854,0.09834036874080959,0.07270343376291505,0.07593717828158832,0.06043581030090531,0.06770174600283131,0.07198245333176886,0.07810253672342517,0.08262390892723315,0.07510490642920588,0.10258355728004201,0.0680444414452274,0.08595608596178422,0.06579849385175487,0.09297204571946313,0.08486969089473534,0.08869897848171224,0.09524921537792329,0.101385878166934,0.09100952723835395,0.06656434023928624,0.08218844376927668,0.0862072422626555
adithya,1,548,0.08591914221256121,0.020616937703746743,0.10956368965367431,0.1280167633482085,5.2936066506674635,0.03725618495037593,0.38155099433960915,0.1889381865179794,0.19371032206837535,0.1409874535355893,0.09552747623735906,0.08356036496468945,0.07193747026606402,0.08046472584535592,0.09504708139221418,0.06761775402016726,0.07412823835161197,0.12805057525269178,0.07710202727596209,0.07824415418159958,0.0786482643508865,0.09574678192045372,0.07161279790307815,0.09987174104909824,0.09407965363369317,0.07270977511111411,0.09423825495180872,0.08320745348229099,0.061123290473757905,0.0749806565286359,0.08654722429582075,0.09759385099852384,0.08469237703006686,0.06799811055706881,0.08258574863890272,0.06716200721275868,0.08976424259546055,0.09683696663030134,0.08396925291106813,0.0845495903637132,0.0958230910667251,0.08385811098279017,0.09303393385077124,0.09977965704266087,0.1092097096200428
adithya,1,549,0.08495157866842,0.01665403109290215,0.1381003730489817,0.14263333137419543,5.754587561588603,0.04843682201413361,0.4028167410488728,0.20484509292183523,0.2169574737335917,0.1203124054108931,0.10093175593629884,0.0886465970569425,0.1114985550255227,0.09117389858378029,0.0724859099955872,0.0646944336581574,0.0823128739812537,0.10989716329151811,0.07944374047679978,0.036000988108800404,0.07564252468430388,0.06492902191996783,0.06973088336524297,0.07647314452113155,0.09026402110814064,0.08171092421113102,0.08319850337767457,0.0635060551089813,0.07051614098808674,0.07344298589848679,0.0625069629324933,0.08463254195674494,0.08396437074966664,0.09159825203651267,0.08053158698459134,0.07117118616562536,0.09176287222005729,0.0901580703694539,0.10908786143800078,0.06845583387651914,0.06812237237440541,0.08513546237635274,0.06917913376236377,0.07786597570281699,0.08318837659838858
adithya,1,550,0.07690490866687466,0.014845485629026564,0.08189525222646064,0.15362875769769427,5.565108551684032,0.04737323096906967,0.42726418261828036,0.19948242403152075,0.21449614376330484,0.1386680621808828,0.0936796560005633,0.08682828462006524,0.068895307665444,0.08547709825881174,0.07161507306704767,0.06541889996125556,0.08568332882976604,0.07924659416641851,0.07782481944837837,0.04514146836435177,0.07417887850374412,0.08352600632731144,0.08425898324592253,0.07992415772129667,0.08356454795854143,0.07823922628710017,0.0888402615158538,0.0725567806980402,0.06288896221423441,0.0663436089879143,0.08694697018419861,0.08544148853609566,0.06378902730102973,0.07942952360611953,0.11504246555326977,0.08518661022927669,0.08457120470420072,0.09198339476017021,0.07033622921477846,0.09394267397538958,0.04155706315250337,0.09268740075834238,0.09411434153795163,0.0910289393333373,0.07278943794826535
adithya,1,551,0.0816908897168367,0.022112465282347542,0.1340456845003527,0.1640227021092545,4.970188974316507,0.052086813899021436,0.41271748151653387,0.1822625290799499,0.1980126967682975,0.14243973427256912,0.09607211532917213,0.07672348549938636,0.10130460270479456,0.08468324376890003,0.10082983095537638,0.07188843779175016,0.07831856595855291,0.09665060181107385,0.09051005434984645,0.13835554529762875,0.07375612643712445,0.08220381324589897,0.06251856598011783,0.08753043401024838,0.07455639819528165,0.08426022683445955,0.07905582966614196,0.06449052605203534,0.06866506193908126,0.07591623763600912,0.06999101779752666,0.08532298177686241,0.09961814314061217,0.08347561833606591,0.09371958449342903,0.052189533246860126,0.12200823393942004,0.11040697439425906,0.06942196114812692,0.0968048855238184,0.08093545083399306,0.10215873454973227,0.05622770761865439,0.09179012218728255,0.1153657808401308
adithya,1,552,0.0867040426418029,0.017796053587978904,0.1081196724821487,0.10960001837167822,5.011404384048441,0.06481870695655721,0.3894722882806941,0.18305173409653647,0.21248753999186717,0.1125384388125498,0.09359515346495086,0.08493426846972807,0.1066688128049247,0.09396870323765172,0.08065719402056616,0.06541340469601419,0.09358263333700527,0.1077520124798122,0.07859332473331157,0.09215524305146294,0.09227533182640776,0.06420515598768106,0.08281218004541342,0.09009689678679766,0.06598408319962584,0.08138248467525638,0.09811885864670425,0.07035059004567257,0.07006408535995198,0.07273645645819585,0.07961228932749949,0.08671278649608716,0.05868180118439002,0.06884648227521455,0.09474043693018917,0.06607006957829763,0.004634596964347662,0.08111302743839344,0.10218392940587337,0.07899705355973564,0.08855262843148452,0.11192953232763975,0.08654841249558434,0.0938149310832863,0.08284596649441045
adithya,1,553,0.07703682849092218,0.01861606351070867,0.10301529251943926,0.0681989650622965,6.151314825519471,0.06215286321523425,0.36940212323374466,0.18926712711841823,0.1877670031935354,0.12657583139684092,0.10097115062666293,0.08754781365193733,0.10333615260415761,0.08445589159982395,0.07629241418580247,0.06882469993033054,0.07580675746025017,0.08275955724916237,0.07745103884462057,0.06262463471728877,0.09191342916269028,0.070860843723516,0.053727811133954056,0.10096428172584909,0.07425125915714577,0.07352562657716993,0.08234083774114753,0.07612988416415083,0.07575102861873682,0.06993326262347756,0.0725846447746224,0.07612264504265993,0.11730116481940374,0.08691977316821767,0.1079977956581355,0.04655490744597229,0.08021603450346865,0.08979450051926079,0.11162719113039575,0.08912857208212939,0.14060438236485334,0.1012567634929734,0.0627636793996081,0.08436063336107849,0.11557412737994106
adithya,1,554,0.08912007015667547,0.02008140827382504,0.12432350344825528,0.21118683011089684,4.7526551342267895,0.07245057674626679,0.3790064740656065,0.19385464903469055,0.21878948635713252,0.10579665387659891,0.09661496803246535,0.07214155458218775,0.08855417177101688,0.08708772764685674,0.07093708894513656,0.05254853699825124,0.0693524409683277,0.09259537422763292,0.08405526341954399,0.07419313682461985,0.08858088928375,0.07780955474261249,0.07222234208277084,0.08356131037232319,0.09890941934123332,0.07829271703768223,0.0815443403146244,0.06124410667125553,0.06795199945884478,0.0705510717871943,0.07921859336449334,0.06861051640890029,0.08040697836462785,0.08517281980041035,0.08879786406244454,0.04716211529677772,0.08877872943444824,0.07674328302419425,0.11114978948600732,0.08510002897999959,0.08763453299114357,0.09901014697744745,0.08453508321921817,0.08446286127124407,0.08845095210354324
adithya,1,555,0.08290741814738942,0.02030712120288127,0.09618427421304268,0.08726449297639913,4.575196368275685,0.07603821740664665,0.3980432178680026,0.1894851281182305,0.1746611358893606,0.13892615641486453,0.09937781628366188,0.083453286863753,0.0854290778294026,0.09347526867088182,0.06886080926107938,0.06697369058144799,0.08937329820605812,0.11765050536033742,0.07932134196617235,0.018476233513233478,0.09526803173201132,0.08088117308896915,0.06484928885826921,0.08141989050566309,0.09607206421792885,0.08283119052068584,0.08206123663628671,0.05761891100755596,0.0768670134135221,0.07829113136078333,0.07657364216427233,0.09919110770845956,0.08419397626092477,0.08011538557742419,0.07615588361589727,0.08783823500199814,0.11762170284295644,0.10112548156198131,0.08804053858891221,0.08646304107356087,0.10589828004006131,0.10250307894575554,0.11005069156633626,0.08631868959009642,0.09626668251656507
adithya,1,556,0.07823502483098703,0.017969823834192575,0.11678484773921496,0.13022862965241583,5.231573980875686,0.057554338642514045,0.38070893733737043,0.203637786630911,0.19723394495324295,0.11517426939320201,0.10676418664284638,0.09798780633362013,0.08578761525054694,0.09223014463743039,0.11182186665204952,0.0736755804990742,0.0881596416015094,0.114790875912557,0.08322423464446153,0.09607170344226497,0.06984986379058675,0.07718801757716957,0.0776407502181623,0.09618852165459615,0.07562138120351396,0.07310029866148827,0.09362911460043244,0.08049374010557146,0.06844370392608398,0.07521475379925649,0.06560816635417654,0.07555399405070633,0.07716579665044648,0.07897717929546884,0.08024092959753207,0.06983289133919637,0.06635194738846292,0.10256408157406184,0.08388473081939682,0.08755760436830087,0.09193313030139669,0.07226720488388902,0.10060093169501567,0.09505394179768309,0.08127902328034789
adithya,1,557,0.0772742310216766,0.018268447888938912,0.0949105122299822,0.13023784026360502,5.463616126534637,0.07601067993490997,0.41213377894551817,0.19989310505419233,0.1962572435266448,0.12446300222119365,0.09267667103520727,0.09466992054374448,0.08549424970589889,0.08141182224257557,0.05694050973354291,0.07022129614725643,0.08674586490284938,0.11469782143800357,0.08542137366709796,0.060680747297943684,0.0865654409640486,0.08327638520565721,0.07005674225835914,0.09394732825497791,0.07671946641384106,0.08317203800594336,0.08309460927613216,0.07203789170629099,0.07011825788192343,0.06413341198966876,0.05115740890139151,0.09069043379516507,0.08368140295769093,0.055343189645474,0.1006405983830187,0.07849730113409065,0.1148694445257816,0.09685057102961794,0.09224905895350079,0.0739580556479918,0.09513000266192612,0.07843544667240267,0.09803859198929259,0.0785468521658021,0.07971832920566195
adithya,1,558,0.09004653181915605,0.0198004907329255,0.11719360259107478,0.19297027440875852,5.2726768774036605,0.06852825486133608,0.3813143243436594,0.19307875856201623,0.19589690656079684,0.08593921094018445,0.11290837859538704,0.08795303086787297,0.08158297919932406,0.08085094218504228,0.06843980614070666,0.06851582445893553,0.07737168963866657,0.09475724919554888,0.08006870922424662,0.06159836647190245,0.07418676014688774,0.08341464171410329,0.07917615309353739,0.09177179987475936,0.08925997080181702,0.07473524017609129,0.08510965789751256,0.059314838945493525,0.08308393413816388,0.0768940840438758,0.08828684343880334,0.07143436367902861,0.0740438032419248,0.08921540484569125,0.10187191144469489,0.0726731153334628,0.06447759396589975,0.10244176881970624,0.07958302583053253,0.08311150665053788,0.07273264457615057,0.07802704995426059,0.08034031601962223,0.07965755814509368,0.06907183823092176
adithya,1,559,0.08754379357187593,0.009025227440785046,0.12104828754216353,0.1925835250344271,5.418742521623864,0.04723020999380586,0.4008922568389126,0.20655706288233733,0.19043995847563375,0.15156480376357617,0.08389565100357686,0.08034321283759477,0.09055445612846637,0.08157974321385818,0.03576085733252496,0.06457667363805923,0.08166975103729299,0.11898725139632393,0.08052023065745678,0.10178910227408483,0.07251631047475735,0.06691066828893767,0.07746800105538015,0.08365272536799233,0.07483771727473748,0.07817389632309649,0.08618993574916267,0.07571439597019616,0.07645021304594027,0.06403343625280163,0.055114571617654734,0.09749030830677544,0.10052430728457426,0.08337400123410202,0.10315286356947724,0.07137414125008909,0.11728955766015728,0.09018532932656084,0.09413536933317249,0.0910305442552748,0.059366732972378114,0.09631329689404712,0.06261981465543193,0.07282024102764992,0.06616142410202959
adithya,1,560,0.08851014240728396,0.019672235796841513,0.11733622609743544,0.17090143090402718,5.2584888746131195,0.048270636858217704,0.3928804769612256,0.19463890012072596,0.19045202943889628,0.10505754571400944,0.10019527482175462,0.07848065808345703,0.0805965635193167,0.0899036428062936,0.048438058665293306,0.06202716503539167,0.099038457310599,0.11174323104080575,0.07765868045419597,0.09383045389837248,0.08238825659465493,0.07823692889583166,0.05503167083506961,0.09918187242091508,0.07724073717575758,0.07927302534610892,0.09634153392804622,0.07025710080337029,0.07049663294231209,0.0710014414172341,0.08361152471970927,0.08232621525168561,0.06568804414376071,0.08630600224737153,0.10136768572869398,0.0658907799596175,0.10935843153246888,0.10185035238880188,0.08177206490807433,0.07231168823714959,0.08117045364249653,0.08034683054418452,0.11817782917689731,0.08139075471396542,0.07736308164410187
adithya,1,561,0.08229589735539455,0.016500756496306692,0.12661863774789522,0.09832912637378194,4.65001403109691,0.05198991137994441,0.40132950717552524,0.1977962940639177,0.18940543409900046,0.11062511241015564,0.0874007510893072,0.07209508731625212,0.07234061913395198,0.08925459460214674,0.08459718389020038,0.0651710959289949,0.08601321091830767,0.10379307017734907,0.07187333512133753,0.044281287177089054,0.07065676690211546,0.07780583487654215,0.08366080145381662,0.07720544123108605,0.06579992728897469,0.09726158223393998,0.07703766383148684,0.05986770924731359,0.07865606185649199,0.08017508697907005,0.05472466834582209,0.08630343611274814,0.07828886736953833,0.08208880666437463,0.08286802033880908,0.06824049091847396,0.10850670789522422,0.07507186542237097,0.0996753749217681,0.08109705294718698,0.10886950410908233,0.08592646070250966,0.06471083695056182,0.09824884840708388,0.10427841146667713
adithya,1,562,0.07992613796007765,0.0183851569035313,0.11629867273383693,0.13747936091447238,5.041721377188979,0.054855499861501136,0.4295922125637966,0.18617674904645404,0.19254651097815675,0.13181832603707017,0.08167300553675831,0.1026547559299247,0.0771515807393,0.09348557768179667,0.09496739630956011,0.06869412387733459,0.07926850379736103,0.09797331468899147,0.09410017244456517,0.07471266587933556,0.0700293221442082,0.07941615427108095,0.07296458488934997,0.09666833384570804,0.08341439637628673,0.08279885472415029,0.08648030468041112,0.07755644619413232,0.07498793947428696,0.07223904295052203,0.06669539176438431,0.07982504385767791,0.09558184426019002,0.07434843090271223,0.10270740032721115,0.058048028349224144,0.11157837149567999,0.09485920574292299,0.10087516674006673,0.07841264142419342,0.09743393295339235,0.0760289831289238,0.09524340631033162,0.09314069778623964,0.08701467580098839
adithya,1,563,0.08596173099055761,0.016913228045656814,0.10737596062401222,0.11393277998364154,5.483393989780452,0.0445472715897362,0.3890353036533295,0.2117183935606388,0.2015760672478205,0.1209863785486391,0.09562200489591018,0.08891003788169376,0.09604587085384635,0.08611863274401,0.08036743652852948,0.04832175346800796,0.09699198857359743,0.07725242360269824,0.07751989531069128,0.1068994248919092,0.07945120635731867,0.08522027767877718,0.07013959059611655,0.07317265676209855,0.05884583088005717,0.08552362383616241,0.08806004951610444,0.07990336108211424,0.07967846926273513,0.07278842994652204,0.0692445972444956,0.09853220571186566,0.09360876891347499,0.09494556237338363,0.10505516319298436,0.03508489237185206,0.07500559262845803,0.06963289736552433,0.10814440618293751,0.08692652536176353,0.10058749318970481,0.0780491498404642,0.06918053027711824,0.09049594331082046,0.08077194796337736
adithya,1,564,0.09167264078003415,0.014995218498026795,0.13803353850626676,0.08458613983899382,5.1826904829248726,0.07961574951748956,0.392386650805834,0.1905758343801764,0.2057429855935485,0.12554482274798,0.1011013433464405,0.07862004058146788,0.09430798654456539,0.09703422485502847,0.08464815543143182,0.05906452297901752,0.09444116347968678,0.11512136956005348,0.08314641605426296,0.05671317313847261,0.08447389183817758,0.07330355685801139,0.09302042470317697,0.08475846369925463,0.078904792792103,0.08269344090752033,0.10784076520343643,0.0820347709141418,0.06354918401927515,0.07264744813660444,0.06926083788429262,0.08077721763792702,0.08730147563846896,0.082178845073695,0.08687352496309818,0.07343763816666127,0.06965912744504572,0.053562645004659556,0.10195494667901102,0.09549319470675785,0.10362631614977834,0.09578862220588567,0.0687852635365559,0.1058864383583863,0.07196215236094303
adithya,1,565,0.08735418586992022,0.01521987419819084,0.11137409563879075,0.09365086999059988,5.043452099316249,0.06851698096285143,0.41741838553100263,0.20824627934853257,0.18773356704674032,0.12587936792760285,0.113950878861188,0.06201751531104662,0.09793325455324736,0.07610354925025165,0.08218403374345223,0.06357719924693973,0.09833760157250253,0.09931845232014523,0.07781629417892987,0.06566940737245024,0.08557879414466216,0.09711402191077899,0.09011713039105361,0.09054930467933699,0.10360803325980714,0.07622892371102225,0.05965907471909726,0.04821940698263362,0.06918694480675283,0.07387973452304834,0.07587266271585735,0.09453773818955405,0.09307173477308658,0.07659387878018914,0.09885529929899763,0.09647666897290083,0.056124063746891883,0.09249677912554843,0.08134773843943925,0.04745141579501295,0.09467598898032552,0.07840630886344674,0.04028230605181636,0.08161549136732027,0.09840365787757452
adithya,1,566,0.08802404167175175,0.0179214072805875,0.11654595643311974,0.13665973632718564,5.106199883656135,0.049857388920892434,0.40953671023074734,0.18245841444357896,0.21424859911875604,0.11362785284424544,0.07972958912540412,0.08488653961869345,0.09276803509451288,0.08474954620600465,0.10926133734599118,0.06970100907996517,0.09978492328102201,0.09655175106659038,0.08607045493282516,0.03568925196731729,0.06786689558171922,0.07873186285770259,0.0656149449248249,0.07310544374930555,0.08110665665076852,0.09099839816060844,0.08238328164061846,0.07288094526517049,0.06783196756651788,0.07226685573950198,0.058998577358146224,0.10479732040353062,0.08462589448941447,0.07096889148199963,0.0946405780780698,0.07696978809586032,0.10847773027276685,0.10861177887136148,0.07398437158390891,0.07034695344968156,0.08813858220089348,0.10289440356116993,0.05916025416913366,0.08585063663920127,0.08871128796836167
adithya,1,567,0.08534404897096434,0.013753601793403953,0.12158267579240886,0.10062422850454317,5.28620548552636,0.04580584294142544,0.4046283987751855,0.2010257748970351,0.20423717681874434,0.14214703145470622,0.09301113307442203,0.08477390363356851,0.07832528406661095,0.08548687550545489,0.07863695374388191,0.06357870083719662,0.08002647318850051,0.09777684736165716,0.08213882346580607,0.06538557273722041,0.07139615717897238,0.07901270529408835,0.08584995647594837,0.07769307044517411,0.08429479912801144,0.08495945124846037,0.0876206576446818,0.05548757478833649,0.07372638351961139,0.07543642381408058,0.07813230380308452,0.07997263743390201,0.09200399701128989,0.07620662265046077,0.11248318069801916,0.07361873561409131,0.11686174354902513,0.0783857940553099,0.08664976593560508,0.0745130131282034,0.05673145938659554,0.08474154965579198,0.12487110216379295,0.07571117351053903,0.06777764032466366
adithya,1,568,0.09273005510136766,0.016764402999063014,0.0949452778960169,0.13108099663819597,5.641640462335036,0.0641887289419377,0.36418772592706883,0.19906934748774097,0.21182042641244098,0.0926410271813243,0.10515868873258367,0.08954150367535765,0.06460443359186951,0.08290956730565285,0.08755108088673637,0.06648169579254262,0.08069268953435123,0.08671809296612192,0.07711077041388698,0.06565743296161547,0.07742718534178858,0.06507908116301019,0.09533072748960097,0.08482346660659298,0.0741094658612603,0.07984586808830305,0.07352847624137274,0.06730185373361013,0.0591383137793127,0.06331803521135264,0.05735825104051556,0.08724933695635718,0.11511119661192337,0.06542755251916801,0.09786466562343778,0.08108054885145628,0.09297069108669745,0.07325949034425758,0.08451730421686249,0.07871296111615834,0.037822930577936814,0.08985756948657198,0.06823579605321589,0.08017394493460257,0.0968093488499718
adithya,1,569,0.08874438404741723,0.012562876210970606,0.10360790062670264,0.08453960981274819,5.052331375642511,0.05519913815096129,0.4325320527530148,0.19401044128853917,0.19244544930912028,0.14181322325388163,0.08972870439666712,0.07876197740430456,0.08684455167884163,0.0775959648569032,0.08814458289792683,0.06627462171474349,0.0854477224791163,0.10362372631394803,0.08568139057680192,0.02740576350658793,0.07708831376490549,0.0935193950828147,0.08079507205397057,0.08440590004207145,0.0920554995039906,0.0809262959265749,0.09035276885433496,0.06310259571465475,0.07735621918533515,0.07765667768911887,0.07606189960485818,0.08454082500489456,0.059169317487101525,0.07899580332485363,0.11767944701523639,0.07433167437526986,0.09854639047980068,0.07937369807103513,0.09541106187858327,0.06894312653234765,0.07118657607266989,0.10662687032956389,0.08816035978211322,0.10007453847988085,0.09581613696191872
adithya,1,570,0.09915208979629196,0.014160783515037616,0.0917848954035831,0.13210107374159086,4.9935488239120245,0.06601922893371867,0.3880742226307093,0.17989050999377118,0.20740918018510845,0.11297611827345155,0.08464172183160874,0.06720596521416998,0.11584376828993836,0.08369635835174215,0.08313126458233308,0.07267285171452445,0.08701691509118509,0.11895830579736304,0.08510483846729733,0.07235744573046403,0.08021861957084364,0.06537244010531333,0.07336402757373132,0.09196456038652738,0.11178260613106612,0.06724864045867018,0.11052265951655062,0.06852282641370967,0.06412775014297313,0.08078501996031401,0.057675184748612066,0.0910589408751659,0.07413319127745858,0.07135796177903511,0.10027869344978756,0.08182613140103939,0.13270187589306062,0.09805560418211025,0.07160194555057856,0.08304659412629159,0.062498276079490975,0.10013678345484746,0.08215382251976279,0.08120894588122018,0.10280133173248386
adithya,1,571,0.09457091059700151,0.016714410180716812,0.1280595212495949,0.18394549061880558,5.4374710753126845,0.06434100815748549,0.34001634338395775,0.19340113859560518,0.21318081468374814,0.1328149389488693,0.10652646824112849,0.09548278677566041,0.08120678761588836,0.08385633927610016,0.08415880287602945,0.06854373550552205,0.07873325374983836,0.1216173412721969,0.07526163119779881,0.10957624015100934,0.08757312467756076,0.08104885399421644,0.09991467937398905,0.08384376887148087,0.07306748152887205,0.08224951204511623,0.08015515813819067,0.06930030873200603,0.07248450515163105,0.07870055080018215,0.0464656409566009,0.0820109912936535,0.05969683795878158,0.07568032346267026,0.08965712562222855,0.09022201483386608,0.06500404937893473,0.09080165622499431,0.12509169982172638,0.07870293014707935,0.05058396227155572,0.09190442025365626,0.08634196150677521,0.09131035052949978,0.09125696808781107
adithya,1,572,0.08924831341545997,0.01749202320058217,0.12438268723039059,0.15119148517282557,5.073283442833991,0.05637225837713566,0.40304186980338363,0.22554797030091223,0.18203412986636303,0.10663259980243123,0.10081111712082522,0.09728751721319555,0.1014733250036411,0.09294059635093035,0.07684794344422931,0.0639161451787827,0.07954170424285383,0.1070909644939827,0.08030409321644634,0.09325677825867586,0.07113545391219812,0.0734512358648067,0.06641657714674211,0.11081581220250458,0.09855423135289526,0.07551636279739682,0.09426726393697085,0.056828745406963345,0.07626428676190684,0.07435994345908216,0.05092767263658862,0.08642405206894786,0.10437082469298753,0.0693961720280635,0.11607199077590902,0.05629778014678225,0.07250401546024755,0.07210595400243197,0.09706389125712786,0.08260709900707368,0.11804159521939082,0.10636788132288771,0.08911056431106527,0.08611217201845457,0.08057310334197737
adithya,1,573,0.0862723815871069,0.015114952822951125,0.10123764280978803,0.04933733676112313,5.119363668648554,0.06966826238244699,0.405537610142651,0.20632673621736222,0.20358634217027746,0.15256812627405986,0.09275589617497423,0.07837291635964877,0.1039309245713858,0.09304989241978864,0.070312917807424,0.060158149561905745,0.09014681416222806,0.12303408058613605,0.07829788745115894,0.07254028910381079,0.08923009313283017,0.06590744979769766,0.037006078938159645,0.086939271887477,0.09875635387005802,0.07999888366465163,0.09642539032969344,0.08718616402939304,0.07854058645955761,0.07553439606312488,0.07483954254550682,0.07636722355320291,0.07653281123425167,0.06677377589353807,0.08601051349474745,0.07443158389670179,0.08153897483668195,0.08916446691335547,0.09993317782425624,0.08590328697694616,0.08050704450123915,0.07890832031076986,0.07312422716676958,0.09178222146779813,0.07100974702101301
adithya,1,574,0.08025279708864039,0.016102442128672227,0.10910035539722211,0.16160247459233104,5.577418579642086,0.035762389987357715,0.379725350431654,0.1991517324764091,0.1911543912600468,0.09673634523897794,0.0974028926730382,0.07531700524401343,0.10867959752595846,0.07248713904662285,0.061298440204593296,0.07294741867430078,0.07472844546447827,0.11184943683677899,0.08410414899094143,0.040254515358412124,0.08036495562398388,0.08037749619592627,0.06818499215236717,0.09611046678983602,0.08341027981878471,0.08127073147997294,0.0979615624515313,0.08249918632090991,0.07132599177748032,0.08556477580914137,0.07687969351987915,0.09705218204112377,0.08213774802463353,0.06691794841999892,0.09667245462613275,0.08056741925142133,0.11443112729320587,0.08183668266535318,0.10960634001072532,0.07366220882506959,0.08984811486917392,0.1001760566365616,0.11760773348176631,0.09373814988494528,0.09403821609358169
adithya,1,575,0.08914050319732054,0.019203944830114183,0.12984600099725008,0.12891332261080493,5.5238632036216,0.05517967193661523,0.38774704677805766,0.19684159645126703,0.18946955198661092,0.14517255261237882,0.1000401646112775,0.05585635261120027,0.06198068630497072,0.0865978221366858,0.06917284017007466,0.06808420659832114,0.073674057948564,0.11248389416470421,0.08685248672305783,0.07848635232119068,0.07781405948610173,0.0729580531960336,0.07098996393151816,0.09298328101399463,0.10000269521631501,0.09412172050701517,0.09580538090516688,0.07444611414718912,0.07838264911497227,0.07200980145291366,0.053005612549494915,0.07045575381846995,0.10184254006042977,0.08352288860553371,0.11958972679910555,0.05477942669118836,0.14655003874863884,0.10476925850392717,0.088124564222876,0.0660160452793854,0.0992810312634743,0.08240288259910973,0.060787120539520956,0.09772725271471829,0.09270421041670264
adithya,1,576,0.08288045793775234,0.011752963841133805,0.11505436588629439,0.12926701407437946,5.7232296653637835,0.05630498057292277,0.430808081943126,0.18071074138980453,0.20888210934687051,0.10212625316825827,0.10359719649286164,0.06540554733794088,0.11619701625501769,0.09425079100973749,0.07568712874490206,0.06117506398621744,0.07999042057007265,0.1137150878904493,0.07321525318661498,0.09841246750321393,0.0837979308445831,0.08575247212581683,0.08004254693276953,0.1093833385928113,0.08642393354395045,0.06112641333139964,0.0546457061784041,0.07169508931429028,0.06259713650068338,0.07398157446059406,0.05532967892446024,0.07772639810959976,0.0743950730124406,0.07962691489031337,0.0950146653861042,0.1047359560482205,0.09442504829748874,0.08719539374518522,0.09611194537964966,0.08838166015327112,0.1061044246919314,0.10079380990115495,0.06853962476944207,0.08819214731157801,0.07394557745469227
adithya,1,577,0.08672514591006633,0.018284990449098898,0.08624582444920055,0.13306914236362874,4.918666439905852,0.04987607679355434,0.37267463277501917,0.18259632604271198,0.2149490263249262,0.11133778597395595,0.09941397026592759,0.06860260433733806,0.08624507663713936,0.08322275453493663,0.0844605178332066,0.06371643345570485,0.07967413391210487,0.10824793964066129,0.07928906907003475,0.08256987268945173,0.06343020583042433,0.09346249059665715,0.054615031796520795,0.08828343137358448,0.0953230630199593,0.07192773272285975,0.09782033357618153,0.05225720363311222,0.06775441037480742,0.06881767330740078,0.07277465204324171,0.10130182636379784,0.11129624769493243,0.06698830662906219,0.09634832986499982,0.08261970571343928,0.047281696696336944,0.07378298945363258,0.10489262655898773,0.0851349729891603,0.07926711156064113,0.10775207201293516,0.07504632846410243,0.09575914488913723,0.11012212572874222
adithya,1,578,0.09659729013281088,0.010658551252034928,0.12037815745865149,0.11490773912948064,4.848490920596225,0.05338159656106381,0.38309156695952734,0.21237939776478407,0.2237430387077399,0.12420080271664295,0.10912736456463606,0.07691923472910553,0.0836335082618268,0.08171798395384144,0.074657667887345,0.06147084299846671,0.08998735640610214,0.10706094824021851,0.08907619308247271,0.1195387749445218,0.07590030174957194,0.08417784687240232,0.08305252920632747,0.08529572802172772,0.08499998249197321,0.07573268632290199,0.1073015640438249,0.08043849467364383,0.07864697102470194,0.06168736135015071,0.08611645802174663,0.09872846359797299,0.10889441882925197,0.07998162801799329,0.08459280194264272,0.08981455679345034,0.07039615395100329,0.0893861200677267,0.0779421047179144,0.08517225551531067,0.12077429036601091,0.08224198142846888,0.10390959311068057,0.08460335347133296,0.09641171771306387
adithya,1,579,0.08031105657764616,0.01810036719752757,0.1252724246749521,0.11337934510323151,5.5455126385174385,0.039296607861437675,0.3911387303601878,0.20243766373452948,0.198608895456427,0.0993904434817347,0.10931406886296861,0.06756114746730041,0.10179606228850606,0.07948975670296808,0.07203975918916075,0.06251580268770855,0.10530585444952448,0.09268042244060644,0.07920891839851367,0.061414386520164975,0.09020611205727572,0.061596997077064106,0.11399793859577774,0.09125926718549586,0.096165851974384,0.06628035116369374,0.10347637927017378,0.06631604714888299,0.07395891629696393,0.07564626785875621,0.06984737298310283,0.07622863030346334,0.09921263639839725,0.06613055768652946,0.10371229047481821,0.09015664914147073,0.06948620690996699,0.08662915933962616,0.09055009584956479,0.0613637625280221,0.09874870930017196,0.08343805301022275,0.12062647430213727,0.0914889032324257,0.08547422836298589
adithya,1,580,0.08398386218292996,0.022319215783892905,0.11030755504500867,0.13314760996613698,5.460256413127094,0.056590767824344475,0.38309149558035754,0.21029325795668785,0.20141262941994284,0.13887239177254063,0.10024206440020794,0.10271688031816366,0.07725928034973496,0.08530125608752169,0.06791297137665117,0.06787413337154133,0.09610711657351069,0.13594623424769592,0.08068975699929001,0.05711528062260926,0.0884557966350304,0.08130636272922534,0.08727494843758966,0.07663404139760126,0.08613993237531636,0.07658521054613347,0.08868176874398229,0.07459756386008821,0.06389469725566407,0.07217628301596242,0.07100430780461202,0.08734241050731952,0.08161526019225766,0.08067226094878005,0.08211010972504364,0.07187537923340774,0.1014524257219866,0.07427328184185175,0.08367263952618863,0.07242865454272722,0.0877598257954036,0.10585564730363362,0.09001248184443317,0.07770553004989812,0.0825426050582234
adithya,1,581,0.08447618300181971,0.014093811046150529,0.08961068598861933,0.10631985890932187,5.130041412386043,0.051787626430835204,0.4367484968455614,0.19953378698761598,0.18341716701286068,0.1201564316441582,0.09260967053203152,0.11448939554067446,0.07269966729724336,0.08483928335277728,0.07885131392815978,0.07437469156125219,0.07824040235504581,0.1309464684777414,0.08657645232520535,0.11025732445659488,0.07567326606025453,0.06197928732759637,0.05895192647024166,0.09431869936932125,0.10737183473555659,0.08769764850726487,0.06290456049373458,0.06129664506218743,0.08266493043784609,0.0717931344224586,0.07876666233564551,0.08082352293404811,0.0842388939460404,0.07061766369033096,0.09277431187666846,0.08786033871438381,0.12094291521122681,0.07720084062129426,0.0829059880109324,0.08249500517895299,0.1182098939737296,0.09205132991882273,0.09705010806232067,0.09855072658395514,0.10171924242995621
adithya,1,582,0.07846061460601869,0.01718843967896566,0.09589336894655044,0.14651533995846558,5.383321560388915,0.07471041932707514,0.4030520538998108,0.19488483562882591,0.19657176866852719,0.09517021271663925,0.0950885238223055,0.05399902661972479,0.07060678330976194,0.08933992951571681,0.06873551223162708,0.08045893080138643,0.06004516300660925,0.1022757488311357,0.07753322447592778,0.06210359737642941,0.07607816399931973,0.06960012665216325,0.07151944897390437,0.08722540462876283,0.07132231783659305,0.08146331265248516,0.08776646810343314,0.0726653991711892,0.0751679176549863,0.07599971348801217,0.04091488378664843,0.0886043741183801,0.08187793212207839,0.05738464035964937,0.11962077413873572,0.07038545330069308,0.10017943733047825,0.08085554949911923,0.09337002157572993,0.08456985158063218,0.10235671119451051,0.0993795649143976,0.06372614996643526,0.09657096394178309,0.06932282864994516
adithya,1,583,0.07903935378883296,0.01809002874794284,0.1303896950998678,0.1461764626944059,5.191948394378153,0.049154617239445315,0.3875330450138159,0.19950972928792665,0.1889702336765039,0.11789003664718073,0.09313929475973232,0.071008677962411,0.09540861369011416,0.08335223806148545,0.069077660121305,0.07553032247415237,0.08717330322254313,0.11670131812645838,0.09325889866860491,0.03763529876314599,0.06829900909562256,0.08434531422963173,0.03749809616816156,0.08549646006369435,0.08814554117691145,0.09359702686052158,0.09042979314884259,0.07764480157376431,0.06689298769134076,0.07644641391530045,0.06633744615183196,0.06997717856392825,0.0845197110637065,0.08849226360036552,0.09228836639062295,0.05586086061718071,0.11455870875295847,0.0734453205308279,0.0948999131968777,0.08609484997110863,0.11804448231189897,0.10314145222932486,0.11313700146508862,0.0958484774665216,0.07905781219603793
adithya,1,584,0.08307716690655559,0.014300178399594809,0.12441624815405455,0.09183253686050308,5.15841624011332,0.08439408059693743,0.4344420619983375,0.2007504501470866,0.19318506377964312,0.13403774244707,0.11511487067585419,0.0842946657771336,0.08422049219403319,0.08400335011001685,0.07200963353860394,0.06729257708828446,0.08055597846370322,0.08269537038762172,0.08787368922450922,0.04108721153034988,0.07694314516213419,0.07193067527253341,0.054467278845218695,0.09203862016118744,0.0970926327689315,0.06984749145991406,0.0696583079484286,0.07524959420130783,0.06691088793935768,0.07893125558840544,0.08500575178771673,0.06091838100497463,0.07370901301931504,0.0854911090392272,0.11879784605525265,0.10896881641752784,0.07370018006530393,0.10626161332176998,0.0938654532491974,0.08848107948321517,0.12344554566556967,0.08432554868091251,0.07173678218017153,0.09412064602944845,0.08277671006881013
adithya,1,585,0.08770223800145557,0.01738798834931181,0.12573006265972606,0.105696104467489,5.06916844003655,0.05801397075826372,0.3899400042658883,0.188429463145566,0.19793494007769707,0.11521344093343586,0.11216269998240055,0.08085439850867401,0.11180503635601931,0.083622929800826,0.07001268808708198,0.06477453937375635,0.08331167313685926,0.10026417348153342,0.0845452857999265,0.11680986736323604,0.08825865773050022,0.07404148771818211,0.07990628945215578,0.08304646773218098,0.08235971297156247,0.07946980921303917,0.06375462994394299,0.07420814599901211,0.08073923532801353,0.06849438920782905,0.09032945804960282,0.0768615563728967,0.08886581874411227,0.05716182781515292,0.10555043976563087,0.067095523360863,0.0845339550570376,0.09165894253024438,0.0775491521856895,0.09603194460519217,0.08408376822233257,0.10060428985727257,0.08020767266537199,0.08322003120521582,0.08691780573345458
adithya,1,586,0.0902579748266859,0.011933898657426115,0.11777561672104374,0.18119608566232687,4.86672034156139,0.06565538461334577,0.41606134320413735,0.2094994962944094,0.182331628379602,0.12202899469885406,0.09917546419350587,0.09310135971002878,0.061307866285408054,0.0782012305216879,0.08121355683476521,0.06669179722311835,0.07209366292874218,0.08938896811107629,0.08638049327000387,0.08700514018515497,0.09242623791163347,0.07946902983590669,0.0628002238992285,0.09582774882433301,0.06098689791472962,0.08933452105824283,0.09188646715860971,0.07474571429403964,0.08083682301266516,0.0751460877134793,0.06647447652358443,0.09687580060804132,0.06690989205245144,0.08243549899341376,0.09467364033649925,0.07862869886499715,0.07963808449673764,0.09218069832127342,0.0860874582845175,0.0727421122626012,0.1415444827656459,0.0846472106487406,0.08670692859713836,0.0781516432566048,0.08508527886753048
adithya,1,587,0.09390609184510204,0.014271695390313251,0.0958552707568286,0.17427438110738935,5.183674006122591,0.042658701736321476,0.40830855341462874,0.1910601708206777,0.1821895546794164,0.0963000207437808,0.12358469771855705,0.10027978257685412,0.0929001670291378,0.07968637106604667,0.07690942013011805,0.0635233740114864,0.07849956254699937,0.10138935661418855,0.08978831008381438,0.04096487607226787,0.07803847367095831,0.08120456495875567,0.0901688274127631,0.07855207813334422,0.08651538232897506,0.08426766749489645,0.08847631128271223,0.08844862226442929,0.079317310584218,0.064970777936673,0.05541588606680923,0.09243935484522418,0.10808558823056813,0.07387540847728089,0.07905081533995316,0.07420923367544423,0.06854891538929606,0.08571521102945144,0.08570848971621393,0.08615546633111393,0.11009049901058371,0.08921896077326465,0.06549418487787767,0.08956953192393544,0.09951022644034586
adithya,1,588,0.0797592714751212,0.012205566762388119,0.09260358358601023,0.11862283921391961,5.361917669545299,0.06281100441568918,0.41315425674284667,0.20952085926311556,0.19074031612856052,0.12746241144135312,0.09056233191085222,0.09387475123975815,0.11133796934606667,0.0848446120865706,0.04525726519300637,0.07359249861590889,0.07162289018060176,0.12563257865260088,0.0872772863999156,0.06478839723150462,0.08543659920729094,0.05638022801979581,0.010996858369120538,0.09101583273326337,0.09227400101916128,0.07966901834802399,0.06623774271242891,0.07144909678131377,0.0744003306814803,0.062105528270054486,0.0947945024488283,0.10243998374101376,0.07357449082120118,0.07304053312169434,0.08183428706505402,0.07059251605216778,0.07465395216969298,0.08357377299146768,0.08436540471216668,0.08727045178158159,0.06032309974012276,0.09554434040052696,0.08110839817008575,0.07869860496538718,0.06895826983054151
adithya,1,589,0.0859493551669865,0.0202925266886463,0.10744206052972324,0.11797283819341285,5.563903031128523,0.06397962363981707,0.4250487242525558,0.2168966343402947,0.221874907571555,0.10880617486838152,0.08872258193656554,0.08701391388660318,0.07679785337728048,0.08361169159125403,0.08012242903165642,0.06741295429740916,0.0841695697431047,0.1019625231675163,0.0865919688027387,0.08139065709077269,0.07991896560030494,0.06986483010513514,0.05788319859264892,0.08905301789764533,0.0803467619315192,0.07686177766302132,0.09606552557912153,0.04538053467632652,0.06766284836330165,0.07242319165470963,0.07809028346749336,0.07997136914310546,0.10607102191427205,0.07361161300508852,0.09766365241977858,0.05608863759145448,0.05864413195835813,0.09164985093955356,0.09151597945627447,0.06606394831049878,0.13926859087925092,0.08783345827656933,0.09079364126905928,0.08631705826050441,0.09764625828919529
adithya,1,590,0.08496307771520106,0.015550214901392847,0.13834179175267042,0.1730968734767745,5.319818222412087,0.05451158544599555,0.34318504139760797,0.19384875972833276,0.199572650835336,0.10745851275701461,0.09470882512588488,0.10379037083365038,0.13313728470274444,0.0866117632164354,0.06692830814290934,0.0658751270893245,0.09097633350071531,0.09420101719687017,0.07852856663997738,0.07731054073020996,0.08115268759303886,0.08188676272322723,0.09451904160943433,0.08936838062389764,0.0847082829184816,0.08019519323969344,0.09192610115273338,0.07639288654184082,0.05856261253459908,0.06961475186555532,0.0719394616203687,0.07503026365523985,0.10219018612003028,0.08398582760250656,0.09152822173841539,0.06654355314470764,0.11272540447603244,0.10299346378622022,0.06578443685464341,0.07358117855878694,0.06400322806793327,0.08689888894767595,0.09178796642888012,0.08115156155267339,0.076153334947705
adithya,1,591,0.07708767665228335,0.01809711365507541,0.10838060969942803,0.12066354368838522,5.30890866992252,0.06889394947213684,0.3973960288209566,0.20042457307036002,0.1973994862598486,0.12888232170184108,0.07887792502594052,0.07499030458744643,0.12006454476682904,0.0852824991337816,0.06709427407079345,0.0666246016833563,0.09998293816294157,0.1078811067425353,0.077176628908833,0.09044719209148248,0.102108433579123,0.07751815964593341,0.06575006862998557,0.0790726460831927,0.09764431330164071,0.07679599118282689,0.06793150438830142,0.0746469192843322,0.0790781971203666,0.08046678817188962,0.06332495100461051,0.06750306791294586,0.09979074162661766,0.06436143392339345,0.10122583921890109,0.05127842747511684,0.08558266513101483,0.07419810810150393,0.09557270841412802,0.08284284894008147,0.08071224665218074,0.08518755556699861,0.09840997049428056,0.07978858074893057,0.09554296114621803
adithya,1,592,0.07825111875571272,0.01694229589242424,0.10846091389397564,0.14240006782075387,5.262775438296844,0.05089884361746853,0.4207575434767711,0.1962231895866348,0.17750502683671368,0.11938725552167564,0.09905138032210535,0.09732190724107945,0.10641232260240391,0.0886476654733233,0.09855665827649383,0.07352863423946877,0.07733563053367326,0.09478472855303657,0.08037242896347448,0.05790392117708176,0.08781156719648608,0.0717918656579643,0.05658112169288913,0.09906636081851077,0.11811244090045026,0.0852157217408031,0.10605477583336638,0.07885387831610546,0.06740674847642873,0.07223922457366226,0.06916703160664671,0.09081634774111239,0.0914029254198816,0.08824102699357834,0.07540682482257284,0.08452206486112997,0.09558871903639037,0.09439274539686134,0.09911444729954692,0.0873054313011311,0.10413618305431177,0.0832817740423837,0.06879988574181745,0.07849441605041002,0.06801817943404925
adithya,1,593,0.10201078121116278,0.01542944310898169,0.10041592759321953,0.13261747345152475,5.148900837590334,0.07865524939698315,0.3730190832855137,0.19516652530019726,0.1844796795114101,0.10656132375000008,0.1151584529165324,0.08382488851078224,0.11018364417433711,0.08409319501290662,0.08926748362013827,0.06150140247690997,0.08353721103165564,0.08188700435281591,0.08537679431543702,0.0896395050467866,0.07342195770382265,0.08134328105979627,0.0986644076396489,0.09473103709182504,0.09063180663328141,0.09119624223159922,0.08729947881889737,0.07765279545472198,0.0743116808827467,0.07211303304257527,0.06533821975742152,0.07995048456261451,0.08126499508120721,0.08375304347482847,0.0906037052946158,0.0779762444224033,0.07246532875479923,0.0689007877276384,0.09473015726496997,0.07528433821462036,0.0660702438139831,0.07596219254316934,0.06803331347738102,0.09306817168542884,0.10511463685722741
adithya,1,594,0.07940631444037863,0.01893039131478108,0.12013368851385821,0.18130386870193219,5.250188146668659,0.06752071520505987,0.3892221250529555,0.17920526269591172,0.19880460757550672,0.1267658046050388,0.08242265732073731,0.06782092594758868,0.09160486819186348,0.08406264861326375,0.09382422548927866,0.08068685064564025,0.07784149503767912,0.0890544683014234,0.07931405336298929,0.08437507806083512,0.09480611517677251,0.10129645027349128,0.057937605404290916,0.08811405106033982,0.08904750589880422,0.07933041378896591,0.07990980144141252,0.08045036769446819,0.07652680773356668,0.07153147929335615,0.08273587568226712,0.08232837424911535,0.058951739516733014,0.09952214472338793,0.1034243366734146,0.07993484294053615,0.10823395098513937,0.09011701429519564,0.10167718665620869,0.0948870500247779,0.10359276247087493,0.08827108146548886,0.08283374311801242,0.08139319996676897,0.0904949037267298
adithya,1,595,0.08167247836732987,0.017023659365308235,0.14935915088290724,0.1458233295928741,5.645161419141386,0.06412187364608272,0.3978690374089269,0.19171842087424246,0.20082876975336567,0.128859745510139,0.10515351096109399,0.08610468672597625,0.06477246568739602,0.08801130998648084,0.06976415425231926,0.06486538154382283,0.10991381650215924,0.10315969320208156,0.07863044125713384,0.08986755786083633,0.07443282577240416,0.07667313664882389,0.07827644866856857,0.1062464050295314,0.07831010008268645,0.08657408643698433,0.09439023417681539,0.08562824803048154,0.08029406850586317,0.07269471717896817,0.07574682632751352,0.0756565044386425,0.12634264307620402,0.10237896891111223,0.09073212693406994,0.07015015807567387,0.09046441086151107,0.09798451820281374,0.09800696531096709,0.061503704979287754,0.11152400737805035,0.07361671452145635,0.07674292881597024,0.07491465068596573,0.09312394066049438
adithya,1,596,0.077917415017413,0.01204803633452154,0.1096550733630884,0.11377835577613402,5.167168583754552,0.047085981554954075,0.3664453918153185,0.20546747024747328,0.18655897661278653,0.11358311111282768,0.10728237668053044,0.06839847188365211,0.11197106758328364,0.08538210197118454,0.09337922696632855,0.05971388371047749,0.07697476156035107,0.1084888111091953,0.08426259394109267,0.07444939355673039,0.08261508699547264,0.09583309717893948,0.12683831262754547,0.10451512203442634,0.09446210090285066,0.07671568925295383,0.06488796953031813,0.08515924138232571,0.07334813581341414,0.07509268151063941,0.05383832047835887,0.07456163874383454,0.10685175733807724,0.08883320207468946,0.10105799223467979,0.0490104896236019,0.08514717362317825,0.09295601510716371,0.08801032429821935,0.09168131072677094,0.10009719847600368,0.10348669354026581,0.06720372962824658,0.09232806614275046,0.09505850465173277
adithya,1,597,0.08461747683988836,0.014409434413251694,0.09924588781662579,0.14535338188649208,5.216673940883507,0.08141290244413162,0.43962382565796276,0.19405356859493686,0.200424110169732,0.13741582786661688,0.08467464060206005,0.06318107653091956,0.10366474632292084,0.07900459824148079,0.0659862633050991,0.0754609433908079,0.07722878847777458,0.10419009010555413,0.07896323541203419,0.0486900954234651,0.07261299972681368,0.079919380265841,0.07862621273496434,0.0780795964943318,0.0846416622067968,0.07930865462897949,0.08385989749382995,0.05856844426892551,0.06911322644680021,0.07195715061194508,0.09745875438580684,0.09382202730289493,0.09171348795926715,0.07859801054885653,0.08876568617804985,0.08621747352021766,0.12266776332151871,0.08271833872092417,0.09928827243553187,0.07806087372059814,0.08302173137258272,0.09564214189728608,0.08110846239242027,0.09365549992842223,0.09913694217561678
adithya,1,598,0.09239404228840628,0.018256658050895627,0.07459428123086848,0.1386027818171377,5.263019432433646,0.08991150600168579,0.3636040810690714,0.19906655918604926,0.18541343929490336,0.10603564125394656,0.11304264507714869,0.06948706729189766,0.08935072199190076,0.07622352096793929,0.07225203390499094,0.05772287590381241,0.07331947470353188,0.0937769195938159,0.07760572134080204,0.09880080807053075,0.06996696994565998,0.09106850075189342,0.07070194269117624,0.1010191920134493,0.10143168247146071,0.07602416169701723,0.06006476760484854,0.07865472365867762,0.0729406407516225,0.07223118525254064,0.05071718598151183,0.09290815906431552,0.10314057188574724,0.08287245993620923,0.08474149548509916,0.090007268611712,0.06887539304620607,0.10995558463200078,0.09249758991111148,0.07507282093802073,0.08744784832051487,0.09541998514214761,0.10582297077772088,0.09532058422322395,0.08320947483595734
adithya,1,599,0.08893377965185094,0.018116173687100435,0.11159628414946211,0.07286312946769886,5.053976709512662,0.07197434431991528,0.3888715293283596,0.19145864752579328,0.20945827724756283,0.1268590054864573,0.0910156760769921,0.0920703824013964,0.10587762140390654,0.0914946562287174,0.06939001717298797,0.07068306884298955,0.10005167131882925,0.10549882487115256,0.07572624809281898,0.028713933922561594,0.08725938172631896,0.0747830221336358,0.11421497830199137,0.07467638493307191,0.09098771859257329,0.077502113756706,0.09375104553331826,0.07932116294810986,0.07538028597645617,0.06808563812165241,0.07322963152663638,0.06911949453164262,0.07891048124747069,0.08460287422544563,0.0792764815775327,0.050686166297265745,0.11305421542589537,0.0613808299181849,0.07880553064031869,0.07137636355803786,0.07358429000286341,0.12033175442692892,0.06014876069434,0.07147126975161004,0.10918133847536719
adithya,1,600,0.07941534451360087,0.019281373920981122,0.10654252442204042,0.11556402045752691,5.419834599990078,0.06715888585789047,0.3879148205939008,0.1871192757010465,0.20009576425113915,0.12871302840827192,0.09789658405721954,0.10635472919595206,0.0977253777792911,0.07678524764600636,0.056391031047037965,0.06520090963003108,0.08070734663144145,0.10715291417896404,0.0789127873426668,0.0917392998683728,0.07944365774165989,0.07386482736929972,0.07575541638100346,0.09941330708627844,0.08510981925556896,0.0678499925255371,0.08076140877049506,0.057997642505097466,0.059443467177325404,0.08386513156285991,0.0738273053566215,0.07846261513767441,0.062276442332699425,0.09408289813684974,0.08289222923545148,0.07937007432303048,0.06916144508611051,0.07155281099835033,0.09588860280404388,0.09229776786274989,0.0824244547319612,0.10373224378645256,0.09538313450752173,0.09205335855881422,0.09553513944821682
